PK_PremiumID,Premium,Insert_DTS,Update_DTS,Insert_User_ID,UPDATE_User_ID,IsDeleted,FK_PlanID
3B422BDE-2D3D-49C4-9321-000360705F35,27,03:43.0,03:43.0,A846534,A846534,0,2FB30A9B-C154-4E24-BF6A-2A0E01B6D1B1
D59E52DB-A06A-4939-B669-00188D7E802B,0,56:58.0,56:58.0,AETH\A393668,AETH\A393668,0,3F7A2599-6D35-4B5E-B4D3-9ECCAC4D1D5A
3B7999B4-5BFE-464C-BBDC-001B226A574E,0,32:50.8,32:50.8,A846534,A846534,0,F4612AD5-743B-4FD9-A0B2-6FDA79B1DBE6
E64998D0-915B-4C89-9C2A-001F5AF65A2B,0,54:25.7,54:25.7,A846534,A846534,0,5511925F-5CAC-46A3-8788-B777F54FD372
F92D47F3-7A33-4F6B-B328-002D91EB7C8F,0,03:43.0,03:43.0,A846534,A846534,0,CD3173A4-FBEF-4BB1-8106-E5BD4485E35D
54E9E5A7-DED9-4F72-94F6-003740AB535D,0,52:33.9,52:33.9,AETH\A393668,AETH\A393668,0,C8978980-E703-46D6-A421-2E74E4AB1CD0
61FDFC51-414F-4226-B5CD-00423515A2BB,0,54:25.7,54:25.7,A846534,A846534,0,28708204-5C8A-48CC-BC23-ABB1CF75425E
06DEE9D2-8802-4FB1-9037-00495B0F6377,0,32:50.8,32:50.8,A846534,A846534,0,9AB5D2CC-665F-43E6-8A8A-9C1B9B084169
110CC86C-FE8F-4505-AD8B-005CBD25997C,0,12:31.9,12:31.9,A846534,A846534,0,407B2CFE-0261-4988-933C-0F58A53E34BC
A4D352AF-82CA-4933-90B2-00724E54F52B,17,52:33.9,52:33.9,AETH\A393668,AETH\A393668,0,EF1C8D4A-1AC2-481C-A802-EDB1FD66EDD3
9C33CF80-CDAE-43F4-A07D-0081CCDE71E4,0,56:58.0,56:58.0,AETH\A393668,AETH\A393668,0,21E9E88B-24DC-4C4B-846D-8EF47F7412D8
54D9D7A2-3968-46A1-B62A-008C97233521,8.4,52:33.9,52:33.9,AETH\A393668,AETH\A393668,0,F36CF60B-158F-4662-8A07-ECFADC561176
B5257650-1665-4F37-9A01-00AB1281E6FA,0,32:50.8,32:50.8,A846534,A846534,0,D909AEC8-5A8F-401C-8AC3-99CCC02DAFB4
76873DDB-A07A-4FEA-8628-00C3D181869B,0,32:50.8,32:50.8,A846534,A846534,0,5C1B8E21-EF2B-4362-94E5-3A6CFA10AC28
AAE1B922-7CF9-4447-A652-00C73E78473B,88.3,54:25.7,54:25.7,A846534,A846534,0,8F91B935-6244-4AB9-B7AF-29F4D88D8EF5
8B49CDC6-77DF-41CF-86F6-00D49AA8BBD7,0,32:50.8,32:50.8,A846534,A846534,0,2D210D1B-FB22-48A3-8CF9-A08C17EF729F
84C94975-C781-4784-AC32-00DFBA19EE11,0,32:50.8,32:50.8,A846534,A846534,0,48F7390D-ABD4-4FB8-A869-4A7F86738270
996A5B21-BC76-45A2-A171-00E02D053BEC,0,54:25.7,54:25.7,A846534,A846534,0,35CC8780-3A6D-4932-99A5-81BBE895F56A
EAFF1490-0B05-4C04-9C2C-00E44A919788,0,15:20.4,15:20.4,AETH\N270372,AETH\N270372,NULL,69417EFB-8FA6-40B4-92CA-E055C25B4F82
2D0240A1-DDA0-4362-AB81-0108303C8C51,0,54:25.7,54:25.7,A846534,A846534,0,B66C08EC-6A32-4D06-80F7-DC183A45E3BE
EA888CF2-6700-4B1F-A0BF-0108E0E88E79,0,32:50.8,32:50.8,A846534,A846534,0,FF0321A1-7CAB-4534-8907-E32A5321E3A2
83032B01-BA47-498C-863B-01142BF9CAAF,0,32:50.8,32:50.8,A846534,A846534,0,762A83BD-2088-451B-BD1F-C8C3C80ED222
7C7E5DD8-D704-4B92-B20A-0117148B64B5,0,03:43.0,03:43.0,A846534,A846534,0,C25682AF-212D-4ED5-B011-6653B260D136
EF7AB04F-BEFA-4A8C-A528-011B25E46EA8,0,15:20.4,15:20.4,AETH\N270372,AETH\N270372,NULL,414A49EC-2336-422D-AF73-9925734C8FCF
C87E5DA6-9C25-4C81-9F83-0135DCD46C5D,0,12:31.9,12:31.9,A846534,A846534,0,969C2806-7032-46D5-93A8-DB55163CDEE6
8F2DB7E4-4FD1-457F-85A9-0145EB642608,0,15:20.4,15:20.4,AETH\N270372,AETH\N270372,NULL,7DB446A5-AA7D-4DBC-85DA-E29CFA4F23F7
8CAF13DE-C0FD-41C3-97EA-0153DC215300,0,32:50.8,32:50.8,A846534,A846534,0,64C0B353-B8B7-4B4E-8493-E82C0533ECDF
9A489D04-9ED5-4D8A-B7A6-015FA7AADA4A,74.5,15:20.4,15:20.4,AETH\N270372,AETH\N270372,NULL,9781E7A0-18DC-442E-9252-88AD0A0FFFCB
EDEFEC8F-4866-41F6-B8C6-01651E57273A,40.3,32:50.8,32:50.8,A846534,A846534,0,DE201EAB-9E12-4E3F-BEF2-0D647217D17F
D10436A7-971A-4F58-8411-0179872123F5,47,15:20.4,15:20.4,AETH\N270372,AETH\N270372,NULL,70DF5067-2BC8-4F96-898B-0AAEA12515BC
DB5CDE09-71AF-41E6-BF04-018A5A0A972E,0,52:33.9,52:33.9,AETH\A393668,AETH\A393668,0,02190ADB-7C72-4E6F-8B8C-73122288FC9C
9A29D255-BDF4-4AA4-8C8E-018C53171A8A,99,15:20.4,15:20.4,AETH\N270372,AETH\N270372,NULL,D0FE2E1E-ABF6-4F97-8FCC-21BB43DD061E
6C61DD1D-7E52-4B3B-B6D7-018DC9E955C7,0,12:31.9,12:31.9,A846534,A846534,0,E77C4092-66F4-4E09-8D93-9BD791CBB33F
EB0A17ED-9B11-4896-A6EC-0190FA15AEF0,0,03:43.0,03:43.0,A846534,A846534,0,531EA3F4-9A62-45EE-8B94-89AD38FF4677
49AF8264-3A6E-4D05-93C9-0193DBD8F0C2,76.2,15:20.4,15:20.4,AETH\N270372,AETH\N270372,NULL,0E6C0340-6EFE-406B-AD3E-FAB48F4F2C29
4D10B032-CB87-4E61-9784-019A5C7FE91D,0,15:20.4,15:20.4,AETH\N270372,AETH\N270372,NULL,1003F3A3-EE6D-45C0-B5C8-BB7AC9BB867E
BD27BEF7-D310-4E7B-856D-019BBCBC60FB,0,12:31.9,12:31.9,A846534,A846534,0,D92CB873-EAC0-47F7-BB3C-04509C600F16
F7E36628-7C1C-473C-AA97-01A9F99658EC,0,32:50.8,32:50.8,A846534,A846534,0,0D9E5861-CB9D-44B3-A537-62979DF1E12D
1A022BD8-D869-4FA5-A217-01AB58415722,27.5,56:58.0,56:58.0,AETH\A393668,AETH\A393668,0,A5809ACC-737F-4FA9-9E09-F54E512F448D
72204F8D-E4EB-4EB3-823E-01B5F38B2FD4,68,32:50.8,32:50.8,A846534,A846534,0,A6EB3BFE-420A-4048-B8CC-2BE29EC70DF8
437472E0-6A30-473F-AF6F-01BA9BF75480,0,03:43.0,03:43.0,A846534,A846534,0,B468435A-73B8-4836-BCF3-61C2DE72548F
B737C5A8-B45D-4E56-9606-01BB4E1707C9,0,54:25.7,54:25.7,A846534,A846534,0,B2E16024-CE05-49E5-86B9-CB2709AA8151
C880C8F9-61AA-4D1F-9036-01D1EAE3D832,0,03:43.0,03:43.0,A846534,A846534,0,E2EB07FB-3B51-4AA4-9C41-767D9678F143
263B175F-7598-4025-BA62-01DBE8077BD9,139,54:25.7,54:25.7,A846534,A846534,0,45134D62-F586-40FD-9BD3-8550F1E00FC7
529A4097-1F4A-47AD-AAFC-01DF68CC3CFC,42,56:58.0,56:58.0,AETH\A393668,AETH\A393668,0,BC1D7657-ED61-4317-8EFA-AA9D202F9127
DE10484B-6B08-4FFA-B89E-01E29A04AD4E,0,32:50.8,32:50.8,A846534,A846534,0,F77B5471-9375-4AFB-A932-5D6082D0B5FA
AEDC8DF4-3EBF-4893-8934-01F68D6D6198,0,03:43.0,03:43.0,A846534,A846534,0,B49FCA72-6127-413F-B383-BFF46982954A
11698F51-9063-43D3-A2E2-020EB4F78201,0,32:50.8,32:50.8,A846534,A846534,0,2818ECF5-1440-4193-BB83-236B690DAA37
95CB1714-C724-49A5-9057-021763A36A34,70,32:50.8,32:50.8,A846534,A846534,0,06FB43B5-0BA7-404D-96B2-7FD58D71D60A
2233B1EB-E992-4E36-A428-02224752EA2B,126,32:50.8,32:50.8,A846534,A846534,0,11B8DF61-9259-43B5-8955-06C21A88D821
E5DBA421-B0BE-44C5-8D3C-024590931807,115,56:58.0,56:58.0,AETH\A393668,AETH\A393668,0,2F5FAC49-68FE-4486-ACEB-0683130B14D8
B2E017A1-6F53-4A2F-A1BA-0247AD22FA5C,59,03:43.0,03:43.0,A846534,A846534,0,FB5479B4-EA02-4E2A-8BCB-4D27972AF986
C3F42462-9E1F-4A9A-8CA6-024EB1E9AF59,65,54:25.7,54:25.7,A846534,A846534,0,9B9103D9-CF54-4A4D-A596-21896898BA3D
D39DF8EF-C0A6-4475-AD2E-0265E2B93E24,0,15:20.4,15:20.4,AETH\N270372,AETH\N270372,NULL,21A95442-8F8D-4770-B598-5CC6B88D9A38
8CFCEC31-66CC-4BB6-95DB-02797049FB28,0,54:25.7,54:25.7,A846534,A846534,0,CBE8A587-AFE7-42E6-9DDD-46BD3CDFF1DF
4BD14501-0874-460C-BB8F-0283C6ED9BAD,0,56:58.0,56:58.0,AETH\A393668,AETH\A393668,0,EAA2BF4F-9230-4274-A5F3-493D84F5D3F5
0551307B-E6FF-4B1A-A14E-0284F2D06E99,0,52:33.9,52:33.9,AETH\A393668,AETH\A393668,0,E584D6FE-AD21-4DF4-8130-62EE5AAD64CB
295DF3AE-B994-4DB0-BE4F-02857F61944D,38,15:20.4,15:20.4,AETH\N270372,AETH\N270372,NULL,14D2F1EF-C34D-4018-A68D-CA517D998C5E
B0311ED9-0301-4850-8A01-02B5152040C6,51,54:25.7,54:25.7,A846534,A846534,0,317A542B-A975-4D92-9225-274F71635284
D5559A7E-A537-404C-94C5-02C4B9AC0C50,0,15:20.4,15:20.4,AETH\N270372,AETH\N270372,NULL,A38A6A7B-6B97-41AA-9363-851FAA24A1CD
B86CC9EC-E2C9-4205-AF9E-02CB41B6485D,0,32:50.8,32:50.8,A846534,A846534,0,CAC3FFD9-4EEC-43D8-B54D-649A8DA4E52F
A0D78022-1F7D-4086-ACD3-02CDC32AE612,0,54:25.7,54:25.7,A846534,A846534,0,AE307B8E-0A57-4557-9D31-978C8B80043E
B976C093-2A64-4984-8B1B-02D1E679921B,29,12:31.9,12:31.9,A846534,A846534,0,A98BDA1A-A282-4222-987E-1F4F5C6B12D1
10B63150-E779-40E4-969D-02D8B5C9EDA9,0,56:58.0,56:58.0,AETH\A393668,AETH\A393668,0,BF2AD480-99CF-48F8-9EF0-F05CD93796CA
F5EDF33F-12F0-4B70-9061-02E010E6F9E9,73.3,56:58.0,56:58.0,AETH\A393668,AETH\A393668,0,DE37E16E-70B0-4499-B2E2-D42EE7D0AC89
E7C169CC-32B3-4276-B1BC-02E1A9E36FB2,99,15:20.4,15:20.4,AETH\N270372,AETH\N270372,NULL,F34483C6-926E-4417-8201-6385C21506E1
9D6E0CF0-1544-4C11-96BB-02E7F7095DC9,35,52:33.9,52:33.9,AETH\A393668,AETH\A393668,0,2EFA0F4E-22BF-4121-92C6-A4FA5F72AD64
3D8416A4-3EB2-40A9-B801-0300C7F3A444,0,15:20.4,15:20.4,AETH\N270372,AETH\N270372,NULL,19DFBFB5-9C30-443A-BD31-88A1BBA01112
D391253F-ED78-4B59-9036-0301AFFCC56A,0,56:58.0,56:58.0,AETH\A393668,AETH\A393668,0,83E2D245-47C6-412D-A1E0-C7042E928AEB
1ACBE4B8-51D2-4962-AD82-03114B582094,0,54:25.7,54:25.7,A846534,A846534,0,3B9D3B4A-D0F3-48D5-98CE-0BCC21112301
F022EC39-3F67-4252-910C-031E5D853197,11,56:58.0,56:58.0,AETH\A393668,AETH\A393668,0,CFE24C0A-F4EE-4E3F-B735-C06B00F4DE64
8A2EBC78-E38A-4BB2-BF32-032BE36E031D,0,52:33.9,52:33.9,AETH\A393668,AETH\A393668,0,014D005D-4CB1-4F93-8EE3-0247646F391E
53BF7666-8E7E-49AA-8493-0335EBE4AB09,0,12:31.9,12:31.9,A846534,A846534,0,40DB6CBA-D1FF-45FC-8571-6445E042AA75
73E6DCDD-264B-4FD1-B5DE-035BA80C9624,0,15:20.4,15:20.4,AETH\N270372,AETH\N270372,NULL,7E12ADEE-3999-43F0-884B-304EB573773D
5E4FDF05-B13D-4489-8312-035EA19467F0,0,12:31.9,12:31.9,A846534,A846534,0,2DA67A59-1FFF-4324-B5CB-039A809B4C8C
650A5453-E6D3-4C9B-8907-03CE3E6CA024,0,56:58.0,56:58.0,AETH\A393668,AETH\A393668,0,FE79681F-B528-4BD6-93A4-1FF1386EF0EB
32A9C699-9F25-4359-8F50-03D6156F4A4E,0,52:33.9,52:33.9,AETH\A393668,AETH\A393668,0,86A766D0-3410-443D-BCB7-F979AF0C2D04
8A26588B-3EF8-4C1E-8696-03DC5DE3256B,84,54:25.7,54:25.7,A846534,A846534,0,C7004A89-DB98-417F-AD3B-DDB3D3EDEAAA
02D776E0-5D19-46CE-AD8E-03FCF9B4678B,23.1,15:20.4,15:20.4,AETH\N270372,AETH\N270372,NULL,FB35F0D0-3CCF-47AB-9D0C-962734306AA8
85D90EA5-057D-4D41-A215-06E88B338297,0,52:33.9,52:33.9,AETH\A393668,AETH\A393668,0,C5FAAAB9-7FA2-4F6E-BB25-93C02335C9F4
5C38A2B0-0DC9-4D69-AF69-06F9A9190EB6,0,54:25.7,54:25.7,A846534,A846534,0,06F52FE7-CC8E-4BE9-B1DF-571950C54C24
30545A16-5D29-4FFA-A5B1-070062BE2325,0,03:43.0,03:43.0,A846534,A846534,0,B98B2A94-0DDB-41DB-927D-9ECDEB1A5C51
F15FBBC2-3E4B-46FE-8478-07128133D120,61,32:50.8,32:50.8,A846534,A846534,0,0AC062DE-7401-4AE9-A19F-A666AB2B8B9C
70FBFB10-B5CB-4868-B1FD-07446CF54AE9,0,15:20.4,15:20.4,AETH\N270372,AETH\N270372,NULL,A30E9BD2-A342-4971-9CBA-2F8AFCB166CC
E4A9C65C-1660-426D-9726-0748AA72A87C,59,15:20.4,15:20.4,AETH\N270372,AETH\N270372,NULL,ADD82AEE-4351-45A6-A303-7E3253DD53E3
0F6AB370-9525-4B34-BA49-07579B3BC220,0,32:50.8,32:50.8,A846534,A846534,0,B68621B8-568D-4EF3-9462-F28EA1FB8CD8
2F82C4D3-6E7F-4632-96A7-079A8FE22B6A,0,56:58.0,56:58.0,AETH\A393668,AETH\A393668,0,428ACE8E-8EB2-4509-8030-D9E05E2A8AA0
EB41AEE7-F916-4D37-8956-079B68B21999,0,03:43.0,03:43.0,A846534,A846534,0,88DACD2C-10F6-4A40-BB93-226F4A4BCB21
512C2F78-4778-4934-88C2-079ECBAA4E5D,27,52:33.9,52:33.9,AETH\A393668,AETH\A393668,0,EF5F85C6-C4F8-4C80-9AAB-0CDEE6CE16D5
AB596435-1AFA-4302-9D41-07A2E85D4968,0,56:58.0,56:58.0,AETH\A393668,AETH\A393668,0,9481CC74-046D-4E75-A913-5FBD0BF32C3B
39503E00-C6F4-43C4-8A73-07B281986117,0,03:43.0,03:43.0,A846534,A846534,0,40AA0337-E434-4D5F-A3D7-34F0188B8227
5EFD200C-2A5D-4D1D-940F-07BFE6BE38E0,0,03:43.0,03:43.0,A846534,A846534,0,D76EB8FF-0D27-4D4C-BD04-FF52834D0E84
2D47E576-A77D-4A96-989B-07D10004FCC5,0,52:33.9,52:33.9,AETH\A393668,AETH\A393668,0,7743AD68-FBE0-4DB3-81D2-80FFFDCECE66
98AA8B8D-ACD7-47CB-A1F1-07E9027C8EBE,72,32:50.8,32:50.8,A846534,A846534,0,03AEFEA0-CD34-46D5-8672-C25AFC6D2534
75646B31-FF24-412B-9350-07FC3E9AC84F,0,54:25.7,54:25.7,A846534,A846534,0,88CB9A4F-F378-4BE7-A0B3-4A1FAD0D4479
1B811014-4F06-48B4-8683-07FF1B0E011B,25,32:50.8,32:50.8,A846534,A846534,0,A9CFB005-AD55-4E3C-BFB1-B1411E0EC6C8
9208B51F-CB6D-4635-8609-07FFE356C9BB,88.1,56:58.0,56:58.0,AETH\A393668,AETH\A393668,0,EB96ECCB-8035-4527-AFCE-5CE1AB2548B9
7C575CF8-85E7-41BA-B1D3-0816A76B6B08,0,32:50.8,32:50.8,A846534,A846534,0,E46B7670-0D40-4060-8AF4-CDEA6693F2AA
412937BE-EC56-41BA-9CA2-081E945699E2,0,03:43.0,03:43.0,A846534,A846534,0,AC48AF2F-1784-41E5-A0A1-6C061ACAC953
9BEF0056-6CA6-44AD-87C1-084E23FCEDD8,0,52:33.9,52:33.9,AETH\A393668,AETH\A393668,0,025257D9-DCED-41E8-8A33-A8B9E71BFBE2
3936BDF6-646E-4D76-866A-085D1E7841B1,0,56:58.0,56:58.0,AETH\A393668,AETH\A393668,0,113EAD0C-461A-41F4-AF5D-E71B3E50DE99
1EBD2048-188C-434D-8C89-08659B4E3884,0,32:50.8,32:50.8,A846534,A846534,0,5BB6927D-7BA2-4B26-87DF-F6C316D83DC9
7CC1B6EE-78D0-4194-9E03-0868374B1E77,0,03:43.0,03:43.0,A846534,A846534,0,DC759D58-54EE-4405-841B-17239D3A6681
904956B6-BE7F-43B3-8D90-086A54AB82CF,0,12:31.9,12:31.9,A846534,A846534,0,3AF464B9-8370-40F0-8732-5288338650FC
2C3962C6-042C-4791-AC55-086ABBEEF475,0,32:50.8,32:50.8,A846534,A846534,0,3A139E9C-6F7F-4154-99C7-8EE23913BB85
200FFE55-0B71-4A9C-B65F-086B29674E6A,100,54:25.7,54:25.7,A846534,A846534,0,81FEBD09-6F9F-49AF-9562-F3D0E00C9314
3FCECDCC-CB8C-4D66-A6FC-086EFAC471F4,32,52:33.9,52:33.9,AETH\A393668,AETH\A393668,0,CF9AEC49-BD0C-4C2A-9DBC-A6C0EFDA6902
C2CC95A6-35AB-4332-A252-087E192A716E,0,03:43.0,03:43.0,A846534,A846534,0,2069DC64-015B-4776-A97D-0C9EC03D8E46
3773F0DD-596F-4E99-BF2D-089A8BCBAB06,0,12:31.9,12:31.9,A846534,A846534,0,5E78EF4F-61F9-47ED-A800-80D273A0DF03
B24850CA-08FB-4064-9B36-08A3823AFA3E,0,12:31.9,12:31.9,A846534,A846534,0,88D36243-7BBC-4280-8956-C3118687EE54
DD0005BE-89B9-4269-92AE-08A659FD9F61,0,56:58.0,56:58.0,AETH\A393668,AETH\A393668,0,244B428B-E144-41B9-A139-7EA6892B7ECB
1ECAC747-4187-45A3-A835-08AB518230D5,0,56:58.0,56:58.0,AETH\A393668,AETH\A393668,0,F726DBDA-C537-4F53-99D1-F2CBEC3DEB9A
F0DFB6E0-F20C-45E9-A03B-08BB43B93C96,0,12:31.9,12:31.9,A846534,A846534,0,F4A07EC2-ED7F-42AD-8EFF-92C6EBB7646F
10EAC925-0BA1-4F29-81C6-08C392796212,68.6,12:31.9,12:31.9,A846534,A846534,0,2CE5A27F-E2E7-4E5D-9DF7-EAB7FC49C49E
6B6A10B4-A8F3-4E01-895F-08DD006E8167,5.7,15:20.4,15:20.4,AETH\N270372,AETH\N270372,NULL,E994B7E7-5164-42D8-A8EF-01AD01611473
3C95A23B-FCF0-479A-828B-0910AE3319BD,25,12:31.9,12:31.9,A846534,A846534,0,21D4AAB9-F933-4443-908D-B45807AACE88
1D55A4BC-A4B4-4F30-ACA2-091E9FDE6978,7.3,15:20.4,15:20.4,AETH\N270372,AETH\N270372,NULL,92DDDCDB-44C6-47EC-9830-C7AC51458013
FCB015CF-19B0-4A5F-A788-093ECAD1B8E3,0,32:50.8,32:50.8,A846534,A846534,0,6698995F-14C2-4D05-94B8-9D1C8D315EC3
38F35A7B-49E9-418C-96A2-0942E73D1A2F,0,12:31.9,12:31.9,A846534,A846534,0,884903BF-F54B-4585-B853-547DB8911902
A53AD0F7-6454-4845-88F6-09467732C765,56.7,15:20.4,15:20.4,AETH\N270372,AETH\N270372,NULL,9DDB1D20-0C05-48FD-86C3-DD1984E389DB
87C784C7-5D58-4A7F-84EE-09505FAA15F4,53,52:33.9,52:33.9,AETH\A393668,AETH\A393668,0,DC6A22F6-6548-47C3-9373-860D25BDB75F
6D13267B-8C50-47E7-86F4-095651E5B0DA,1.8,12:31.9,12:31.9,A846534,A846534,0,AD978FDA-9104-4B9B-9932-E2B95A06BDAF
5FBFA6B7-911C-44C8-A081-095B5413C16F,0,03:43.0,03:43.0,A846534,A846534,0,041338E1-AAE5-420A-AB06-FB0DEC600E14
1E064786-6041-46B0-99CB-096455412C4F,18,52:33.9,52:33.9,AETH\A393668,AETH\A393668,0,525C84F6-0707-40CA-B866-500719799DF0
3E43C402-78A4-47FC-AE07-096F619B3DBB,37,56:58.0,56:58.0,AETH\A393668,AETH\A393668,0,17FE3738-9DA9-4431-BC02-70F180A459C6
1C0D4468-3306-4D7E-B5A0-0974B0DEB8AC,70.2,12:31.9,12:31.9,A846534,A846534,0,F320E97D-6C37-446C-B396-E9AECF4F13C7
A55644DE-A01E-4C62-BF2C-0984E1A097F5,0,54:25.7,54:25.7,A846534,A846534,0,C02DA23A-F14E-4E0C-A286-2269F22A6EAA
BC4A0211-E204-4F6C-AD79-0999B6CF554B,0,54:25.7,54:25.7,A846534,A846534,0,A5429C44-5361-4832-BDDC-54AE4A756FDA
A9C24BE2-D51B-4189-BF4C-09AAF5684E2D,90,54:25.7,54:25.7,A846534,A846534,0,B8A4D53D-932C-477F-805B-7F8654F96C6B
3977363E-9EEF-468D-81C6-09B5163FFD8F,0,52:33.9,52:33.9,AETH\A393668,AETH\A393668,0,A2F20CAC-B9A7-4A30-A1FA-F60DF86A3A64
9703BA11-3791-4CA2-9B7E-09C5043EFD78,0,03:43.0,03:43.0,A846534,A846534,0,F6277600-9AF3-478A-ADA1-F9C01672C1FF
18FE4AFC-3CF4-40BF-A5E3-09C9C578FA23,18,56:58.0,56:58.0,AETH\A393668,AETH\A393668,0,7A087700-C931-453B-85C0-730E699103C0
F182B6B7-FE72-4215-85EE-09CBF9FE751C,0,03:43.0,03:43.0,A846534,A846534,0,C9E9D2D9-476C-42FC-A58C-FBE3E172B86C
38077E42-E118-4C9B-AD4E-09D5953E5B9F,0,03:43.0,03:43.0,A846534,A846534,0,3C1351FE-9B3A-42F4-979A-13D0EA7F8EE4
C858DAD5-B4C4-4F8A-90AE-09E27BD17958,0,54:25.7,54:25.7,A846534,A846534,0,18D647FC-9A41-42C1-86DB-44A969E8CB74
7DC3950D-7AC3-4413-A235-09E913CC08EC,0,15:20.5,15:20.5,AETH\N270372,AETH\N270372,NULL,71721277-818A-4457-8854-D4F6E457071C
C0EAE2AD-C016-45C3-AE49-09F906C71086,0,12:31.9,12:31.9,A846534,A846534,0,85494FB7-49F4-4477-82B5-D5BFA3214DBF
70C86B0A-ECE0-4AB4-B57E-09FB1EB21895,49,32:50.8,32:50.8,A846534,A846534,0,65053119-3DE9-4FA1-A9A1-E3ED7E3934C4
45260F12-31A2-4064-97B7-0A102899FEAB,100.7,54:25.7,54:25.7,A846534,A846534,0,B21C7B1A-65EA-4792-83FF-B0264BB303A0
34E83074-9729-4029-80FB-0A28FDB07BF6,0,12:31.9,12:31.9,A846534,A846534,0,406A6D8D-0274-42D7-892E-579ECB2A6111
560CCE65-6826-4F15-B5AB-0A35C990EF80,0,03:43.0,03:43.0,A846534,A846534,0,5D8E9D7D-658B-4415-8D86-5B969C428447
C222BF25-9AD9-4304-82FE-0A36FE7508B9,0,32:50.8,32:50.8,A846534,A846534,0,5FE87FF7-0549-4897-82A5-235A5C07E03D
369033A8-8E11-4AC6-B0A5-0A3E31255433,0,03:43.0,03:43.0,A846534,A846534,0,C75C1603-E1E6-48F8-BE3A-E84EBF4BCB2A
3A4BD100-320E-45A3-A158-0A52DBCB2E3E,0,56:58.0,56:58.0,AETH\A393668,AETH\A393668,0,0A96BD52-D156-466C-BD28-28ACD268C0F9
7765126F-1243-4E1B-9FC6-0A5EBEE6CC66,0,03:43.0,03:43.0,A846534,A846534,0,4ED5DF29-B21A-4C59-999E-7B030BB45EED
877702AD-E7AB-499C-AF4A-0A6782E7D47D,0,12:31.9,12:31.9,A846534,A846534,0,86C5F458-F038-4E63-BF1B-C88B053D4E25
ED7BE5E6-B738-4C5A-944A-0A89D2C58840,0,15:20.5,15:20.5,AETH\N270372,AETH\N270372,NULL,EAF032F0-A9E9-4A27-B761-2E546BA1DEB2
A3B51034-16FB-4F96-853F-0A93F9E43DCD,0,03:43.0,03:43.0,A846534,A846534,0,600C4601-F3F5-4D1B-9166-AADA86B1D433
73BA672E-6AF9-4E5D-B960-0A9C1DC957B0,9.5,54:25.7,54:25.7,A846534,A846534,0,DA06C036-B964-4517-89BD-89BACCDE2712
BF8A7415-F729-4D75-93B9-0A9F5DEAB45D,0,15:20.5,15:20.5,AETH\N270372,AETH\N270372,NULL,0FE08C18-C05D-4210-8142-DE37D91BC054
8792AD5B-4DAE-48C0-9415-0AA209B386B0,0,12:31.9,12:31.9,A846534,A846534,0,A87F0C73-1C7F-4CC2-9D2C-E1F72C2EA37A
64026DAB-4AB1-4D6E-8041-0AAF7B3CA0B0,0,32:50.8,32:50.8,A846534,A846534,0,B9088DA9-5B30-4E01-8B60-4B9250B8347F
7A276B6D-F1C2-45F1-B03A-0AB41151DFD4,0,54:25.7,54:25.7,A846534,A846534,0,199496AC-977A-4527-BC63-0EB319249762
6103127B-7C41-4035-A75B-0ABEF42DEF7B,0,54:25.7,54:25.7,A846534,A846534,0,B3C117FA-C5B4-4453-B075-81E91D2A3DD4
9C0FB4A8-7137-440C-8B04-0ABFB702A33E,0,03:43.0,03:43.0,A846534,A846534,0,B21E4ADA-4578-4C2D-8DB3-5104F981DAEA
1251F254-605D-4AF4-A0D2-0ACB6B9AEF11,0,12:31.9,12:31.9,A846534,A846534,0,7521151A-0718-47BD-854E-338590EFCD4F
F2BF1C10-824B-4E28-B909-0ADB3BC85953,74,52:33.9,52:33.9,AETH\A393668,AETH\A393668,0,902C616A-3C80-4A5F-87FF-B94E839EE907
3A0758E0-159C-431B-8CF0-0AE01CAC5448,0,32:50.8,32:50.8,A846534,A846534,0,8C449C11-BA56-4AE7-9B31-394EBBBC6092
F4820EEC-1903-4A0E-9CBE-0AEDCAA54685,54,32:50.8,32:50.8,A846534,A846534,0,FBD50D8D-8233-4918-A587-69F81F3EDF9B
56DD2CA3-5C70-4225-B44F-0B188BEE7648,0,12:31.9,12:31.9,A846534,A846534,0,E8B19F1D-873B-46F9-87AE-714BDAE959ED
A3A10955-4844-4946-B8B5-0B20DBF2447D,33.8,32:50.8,32:50.8,A846534,A846534,0,71A93EC7-6AA0-44AF-9C4C-5FAF4D660D68
256A3369-85CF-4FAA-A26C-0B36629CC1D9,27,03:43.0,03:43.0,A846534,A846534,0,F52B79FD-D351-483E-8E20-37D33F27BDBD
ED7F4B18-168B-4D78-B818-0B58B90FB9F4,30,12:31.9,12:31.9,A846534,A846534,0,6468A2BF-8A1F-4519-9AF4-1E2030F90B21
2CE20DDE-18B1-4DBC-844C-0F9E7D0E24F5,0,15:20.5,15:20.5,AETH\N270372,AETH\N270372,NULL,0536D925-F21F-4054-94E1-C154C2F75DC6
EE8FB886-FDB0-4851-9A6E-0F9F0E8DE40E,0,56:58.0,56:58.0,AETH\A393668,AETH\A393668,0,F652B285-36B0-4025-AC42-46F6B5CBCBBC
7651DC9A-5047-4C03-8DC9-0FAA70E4D400,27,03:43.0,03:43.0,A846534,A846534,0,081CE57F-C53F-4F65-995B-C2D5BE16C1C9
EABF5194-B22F-4AA6-84BD-0FB035FD0892,0,54:25.7,54:25.7,A846534,A846534,0,CB49480A-0289-4219-BDCE-354D9A5A483F
29FF21CA-57CE-4910-BD4C-0FB9D7786AD0,15,03:43.0,03:43.0,A846534,A846534,0,C9502665-09DD-47BD-9D45-6DCA2F85D896
D52FAF32-D867-4053-ADD1-0FC3D82FCB7D,0,52:33.9,52:33.9,AETH\A393668,AETH\A393668,0,118FFBEF-694A-45E2-8EA1-7D2B52BFF011
533EB927-135E-4571-AE60-0FDF6378B1ED,0,56:58.0,56:58.0,AETH\A393668,AETH\A393668,0,8BCC9CC7-FAF1-499E-BDE4-8CD4CFCCE41B
019F09A7-C4EC-4BE5-83EF-0FE535B2C767,42,03:43.0,03:43.0,A846534,A846534,0,17424743-BCF9-4C19-B785-FB6F51D65912
AEE67A7A-F6BB-43B4-A986-0FF33CB3F8FC,0,32:50.8,32:50.8,A846534,A846534,0,6DC8DC6B-F933-40D1-8DD9-B4B476B9CF9F
0A892A11-EF55-4C07-AC13-0FF6C81BBAA1,0,03:43.0,03:43.0,A846534,A846534,0,0CDC73A5-8103-4F1F-BBA6-DFC3EFEEAE14
2AF8C33A-2214-4715-95B2-1008419F9290,0,12:31.9,12:31.9,A846534,A846534,0,5AD9C740-E24B-4E5B-A57F-B816C23DC428
93B350D6-5C61-4293-AFC0-1009B9511CA6,0,52:33.9,52:33.9,AETH\A393668,AETH\A393668,0,DE899936-6274-485D-9171-BF69A2688F81
FF028D22-4ADC-4B89-ACF2-101BF33BADA3,0,03:43.0,03:43.0,A846534,A846534,0,FCAE213D-B292-423E-BD0E-76545E71355F
8C8A12A1-EFC6-44E9-99AE-101E2F337EAB,0,15:20.5,15:20.5,AETH\N270372,AETH\N270372,NULL,DBC98E2E-C1FE-4168-9C4A-D13390165185
B5028C55-265A-46E5-B8F9-101FD0C74805,18,32:50.8,32:50.8,A846534,A846534,0,5FF379D9-08F6-4F89-965A-042C04D1B386
9582E91A-4EA3-4FD2-8A4F-10281CFCD390,0,03:43.0,03:43.0,A846534,A846534,0,EF0102DC-5C98-402D-A990-3422CEF269AB
F69BC281-399F-4795-9C57-10414829118C,0,32:50.8,32:50.8,A846534,A846534,0,FF2ABA99-AD1A-46AD-9C45-10323E1845BA
08A55286-5409-4A63-9C81-10480176C41D,0,56:58.0,56:58.0,AETH\A393668,AETH\A393668,0,27A43625-6BEF-4BE7-87EB-E988D8F3646A
880A03F9-2191-46FE-9718-1059E38CE4F5,0,54:25.7,54:25.7,A846534,A846534,0,E1C5022B-9B57-4CF3-896F-750E5EC6DA48
2AE859DE-2D8E-47D0-9FF4-105A4C65BDC2,0,56:58.0,56:58.0,AETH\A393668,AETH\A393668,0,7B04E069-E7C2-4E79-A035-E85A6481A5F8
12425727-0DA8-40B3-B828-10652068CD76,0,32:50.8,32:50.8,A846534,A846534,0,4DF31BA9-AB3A-42D5-A182-ED6733BBAE4D
19AA73D4-523D-4FA6-9DED-1066BDFAB8BF,0,52:33.9,52:33.9,AETH\A393668,AETH\A393668,0,083206C4-EE62-4740-80BE-1CBEC5C74359
684A088A-6105-4C41-BA97-1067CF4CCA9B,31.7,52:33.9,52:33.9,AETH\A393668,AETH\A393668,0,73110899-FB80-419D-99A4-DDFADA5FC8C6
98C3A72C-CBD1-404C-8DC1-1092D3A1B31C,0,32:50.8,32:50.8,A846534,A846534,0,B5BBF515-0B9D-48B5-AD8C-3C7ACDADB92A
AEDA053F-3B36-4C21-AB0E-10C325E16CAA,0,32:50.8,32:50.8,A846534,A846534,0,1516F4C0-3769-4451-A5C0-B33373151A11
631E9EDC-023E-4BBB-ACA2-10D48544CB1B,0,32:50.8,32:50.8,A846534,A846534,0,E29657BE-1543-4F53-9015-422A4FD1AA2C
75613DD5-62B4-41DF-84AA-10DAFF4D7586,0,54:25.7,54:25.7,A846534,A846534,0,7BFF9E3D-BC50-4C13-B414-B489EE77AA98
D040D711-6E82-4EE8-9D2B-10E3B53DBDCE,0,56:58.0,56:58.0,AETH\A393668,AETH\A393668,0,6567D72E-B1C4-4B52-AA48-8BFFFC2AF7C1
6A15AB1B-D271-4B37-B5B4-11077753B1E2,0,12:31.9,12:31.9,A846534,A846534,0,90207E61-D6CC-474C-9A7C-F5BD433ED673
062F4A06-1468-4746-AD49-1107CD59520C,0,52:33.9,52:33.9,AETH\A393668,AETH\A393668,0,C5263F06-6047-447F-BCD3-80C908A283F0
43FB9BBE-EAF2-4682-981F-1109E87B414F,0,32:50.8,32:50.8,A846534,A846534,0,40D0B351-ABD0-44D5-9A75-91078AD7B4F5
C91734D0-AF2A-4DF2-B034-11255E49E5B5,18,03:43.0,03:43.0,A846534,A846534,0,527654D4-9E77-4FBA-8B23-A71323B9D2E1
FBA194FC-9056-4BC5-BC27-1137FBDA8000,18.8,03:43.0,03:43.0,A846534,A846534,0,ECB82F8C-2246-4619-A4F3-31D2C7F76716
A1E400E2-D19B-4471-807D-1144D412FF35,0,03:43.0,03:43.0,A846534,A846534,0,F9B169E2-E3B7-499F-95EA-83B6BFF58BE5
86BF8DDD-DFE3-41DA-AFCF-1145D05153F5,34,03:43.0,03:43.0,A846534,A846534,0,AD97DC33-4CD0-4E32-8166-4FF5979D0F34
3A55EB4C-E30C-4BC9-BE81-114745F7D2AA,0,12:31.9,12:31.9,A846534,A846534,0,8240EDF4-2551-411F-B362-3580A882B8D2
A52E33E8-73DE-4BA4-9356-116E6EDD8BF6,0,52:33.9,52:33.9,AETH\A393668,AETH\A393668,0,0A951269-CB81-48EE-A159-0A27974C4ED9
0424D52A-4C7D-4B13-B692-11986583B8CA,0,32:50.8,32:50.8,A846534,A846534,0,90783BC5-E3FC-4C22-AF71-2179D4643FCF
0A785289-14F4-4702-9D2E-119B50036E46,0,54:25.7,54:25.7,A846534,A846534,0,A5198B19-E423-4949-8B81-CB5490C29649
4229FE0E-9E38-48B7-9953-119B52A882C9,0,12:31.9,12:31.9,A846534,A846534,0,2F798B81-F2F1-41D0-854F-8FAC25E2A4D4
0E1AE275-0472-4291-B885-11A373DEC9D7,0,52:33.9,52:33.9,AETH\A393668,AETH\A393668,0,B62E4851-2805-4A52-9D27-819960072639
2089422F-0C2D-408F-921A-11B6BBD11C5E,0,03:43.0,03:43.0,A846534,A846534,0,26C93E7B-40E5-4394-99FB-B2B07A27DDC6
09F32D43-34FB-4A50-8EB0-11C02759ECBF,176,32:50.8,32:50.8,A846534,A846534,0,8B6605EA-BE61-452A-9B55-D62D043FABD5
53EBD762-0DDC-4D40-BA12-11C3AB5C202A,0,32:50.8,32:50.8,A846534,A846534,0,205F44A8-296C-44A2-8B0A-0D1B54B584D4
1B8AFAA1-490C-4864-8AFE-11CC5F0A7929,20,15:20.5,15:20.5,AETH\N270372,AETH\N270372,NULL,906AEC37-7E5B-4AE4-A166-6CAB7D61C40D
D4FA441F-415F-43A9-A1DF-11D7A1D1BB05,0,32:50.8,32:50.8,A846534,A846534,0,A15CCA02-6413-416C-85CE-FFA93BC85DD6
78B7DEBB-75CA-457E-8516-11D882262A7D,61,15:20.5,15:20.5,AETH\N270372,AETH\N270372,NULL,40E1B939-2ED9-4A6E-B692-DA091AFC6451
849A038D-E5F3-4C4E-8663-11E8A8E9F2F4,0,32:50.8,32:50.8,A846534,A846534,0,4913932F-C108-4D59-B70A-729ED683446B
5B7097C1-9783-4B2A-8C67-11EF12B43E1D,0,32:50.8,32:50.8,A846534,A846534,0,0466B92A-BAE7-44F7-8E9E-6A20EAD51ADB
63A132F1-EE0F-4424-9E6C-11FAEBEB3D42,0,52:33.9,52:33.9,AETH\A393668,AETH\A393668,0,8D5C6FC5-EE60-4E2A-9500-96A27D49C73F
D4FB3765-7F0F-4292-8334-120D951E64CA,73.5,52:33.9,52:33.9,AETH\A393668,AETH\A393668,0,6564A432-8619-494D-AD23-F740B93CB82F
D3855550-6D89-493A-8C19-12155AB83CB6,0,03:43.0,03:43.0,A846534,A846534,0,8FE49386-23C0-4346-8650-0A20351D38BA
A36F5457-08EB-4F7B-BEE3-1242396CAF72,0,56:58.0,56:58.0,AETH\A393668,AETH\A393668,0,F5000019-157B-47AF-8765-F9A4D7E97FB3
AD563B3D-DA70-46C2-A1CA-1242AB1FC9D9,78.3,54:25.7,54:25.7,A846534,A846534,0,39D6BCC5-9139-4FDC-8C79-22A52B9AD1EB
83C7200B-2D5F-4679-B3BD-12531D4BEE3D,19,32:50.8,32:50.8,A846534,A846534,0,B6A67900-CA83-45CE-B55D-EC7092580553
28084FF8-501A-4B5B-B3F1-12611FA4EB4E,0,32:50.8,32:50.8,A846534,A846534,0,06A28838-9723-4919-A032-48A3D919A742
2A341726-69E1-4BB9-81BE-1268D258C49F,18,52:33.9,52:33.9,AETH\A393668,AETH\A393668,0,FE4E9949-9BB2-4BEB-B7CF-6E3C90AFA3B8
4A0117BD-CC37-4D3A-B2FD-127B60D28759,0,15:20.5,15:20.5,AETH\N270372,AETH\N270372,NULL,B9542CB2-FDAB-48D3-9985-A04E69E086F2
7098A510-5639-4238-812D-127CEB71F3B0,44.7,32:50.8,32:50.8,A846534,A846534,0,F8685F56-733D-408A-B69F-179827698AB1
2097542C-C689-43AE-BF18-1284494A5D10,0,32:50.8,32:50.8,A846534,A846534,0,F3CE30AB-D9EB-4EFB-AEAA-260DCD84E25D
14BF7527-78D2-4DFD-8DD1-1289E82F5762,0,03:43.0,03:43.0,A846534,A846534,0,ED2977E6-9310-4C7D-A622-5650024CCE46
6944EDEF-D5AD-4E82-9B7F-1296C4E94A71,38,15:20.5,15:20.5,AETH\N270372,AETH\N270372,NULL,C3BAE79F-8C66-487D-B7CE-3ABC2446311A
CC071CEE-DC78-4FBF-BC6D-12A7126270C6,39,56:58.0,56:58.0,AETH\A393668,AETH\A393668,0,01FCC56D-8BF4-4B77-B377-1F4A5B5FC0D5
D85A623A-10C6-4738-BCC0-12B614E5AD2A,0,32:50.8,32:50.8,A846534,A846534,0,2CB02109-DC5E-4053-8769-BC1D314E85D0
ED46553C-9F2F-4466-9336-12C05C79021A,0,32:50.8,32:50.8,A846534,A846534,0,294DDCA0-57C6-409B-8905-5EFC9736FC00
DD76625C-C5DD-436F-B896-12C6E7055D7B,0,03:43.0,03:43.0,A846534,A846534,0,39B4FB95-0A95-4042-A8A3-5E360D08A051
9F9013EB-3FFB-4541-BE60-12D2018AFE97,103.2,03:43.0,03:43.0,A846534,A846534,0,F98525DC-30DA-440D-9221-7AD93C19BFCA
586E58AF-88D3-49A9-B4DD-12EE816FBF01,0,56:58.0,56:58.0,AETH\A393668,AETH\A393668,0,17738CD9-283E-4EAF-8099-5F5E65766C0D
5E20CC6E-A971-4D63-944D-12F7EE9D7F6F,72.8,52:33.9,52:33.9,AETH\A393668,AETH\A393668,0,A2314F2F-477A-4D27-99C3-84E65E7E6234
5B6EC8B5-6BE3-4C40-85AF-12FE2423F3CB,25,32:50.8,32:50.8,A846534,A846534,0,91A676E0-6976-450D-9EAC-DD9CAA8EDB80
7DA81D42-F992-4A79-898D-130690551C9B,0,12:31.9,12:31.9,A846534,A846534,0,090D1730-2907-497C-B6E2-18F11E45E63C
7C20EA64-02D0-4E59-A65D-131C99F98D8A,0,03:43.0,03:43.0,A846534,A846534,0,D6EE6FBA-3927-453F-A243-2472F33DFEA8
2F31C152-2EEA-4D02-831C-1326FE278BFD,55,12:31.9,12:31.9,A846534,A846534,0,775B0D50-A262-4B3F-9678-AC4D0AE006F5
2A7753A5-72AE-4495-A985-135122B79B5B,0,52:33.9,52:33.9,AETH\A393668,AETH\A393668,0,57F625EA-887D-42C5-8CE8-06EBA46273BD
B2C11C88-41B3-42BB-AB4A-13576CCEA82B,12.9,12:31.9,12:31.9,A846534,A846534,0,3A9396F7-FC29-4BD3-A0F4-6CE656C51B69
3FDD9CC3-2C07-4470-BCB5-13585A47CE48,0,15:20.5,15:20.5,AETH\N270372,AETH\N270372,NULL,6A218B42-91D3-4CA5-A13C-22D27B840B4A
1478E761-44DC-478E-9C1B-135FBA1ED8B2,0,12:31.9,12:31.9,A846534,A846534,0,9FFCFAE0-776F-4181-9EF5-47EC31282CF6
9F58A86C-3B5D-4200-8E29-139903874DAC,48.9,32:50.8,32:50.8,A846534,A846534,0,22C581CD-000A-405A-A3FE-D7400EFF5C5C
51520EC2-3148-4ACF-8F18-139F6EB7019C,0,54:25.7,54:25.7,A846534,A846534,0,DEF13CF2-A32B-4732-A18C-A6BB24491A3B
57703057-2B5A-41DA-8E7F-13A7861E792F,19,32:50.8,32:50.8,A846534,A846534,0,F9EC121C-D884-4D7A-AF5B-E30A5A04B1AA
9925B7C7-BD0D-44E8-8F14-17557331D1F0,0,56:58.0,56:58.0,AETH\A393668,AETH\A393668,0,D4AE498B-3DA5-498C-A891-80D3DA6C7413
658D2AD3-F890-46EC-9B46-17574E2EB13E,6.6,15:20.5,15:20.5,AETH\N270372,AETH\N270372,NULL,0CD03259-8E9A-4F0F-A95E-3EB47C5EE37A
6A0F14F8-D232-4277-8B19-175AAD3E82C0,28.2,32:50.8,32:50.8,A846534,A846534,0,B8B97959-0282-4198-9815-072E567427D0
C9435114-CE11-41F2-B012-175AECAB8566,0,12:31.9,12:31.9,A846534,A846534,0,C72D9BF4-DC43-425B-A15F-CECD2FF2641C
78875976-C180-422A-A6ED-175CA3C1A041,0,52:33.9,52:33.9,AETH\A393668,AETH\A393668,0,D0122EC4-5BB7-4CD5-8826-96972F2C203B
E3B376D1-787E-421D-B647-1765EBDFDDC0,130.6,12:31.9,12:31.9,A846534,A846534,0,8FBB161A-1BC2-4D41-99C3-14B6B004CE2E
F9963F07-26BE-4F80-B132-1767BB12130D,0,56:58.0,56:58.0,AETH\A393668,AETH\A393668,0,85A12B39-065E-4FAE-8C38-61E800A50BC2
CEFC74AE-9207-4334-A145-1771CDE52FDA,54,54:25.7,54:25.7,A846534,A846534,0,10CFED16-97C9-4C12-B552-020535450175
4CF3B529-9D7E-475F-8C8C-17741DD43855,0,03:43.0,03:43.0,A846534,A846534,0,918ED361-2215-4E2D-9DA6-E27843D8DD0F
A944C4A4-305A-413C-A3AC-17934820A857,0,56:58.0,56:58.0,AETH\A393668,AETH\A393668,0,39B7C312-C03C-41C8-BC4D-CC0E397C0F59
B9CC2424-8B65-4CC1-8D37-1799CA3257E2,0,15:20.5,15:20.5,AETH\N270372,AETH\N270372,NULL,3E18A614-3BE2-4EBA-AD29-C4409D031444
FF1DFC8A-5636-4C27-AE11-17A5928FE553,0,03:43.0,03:43.0,A846534,A846534,0,DE67F084-EE79-4229-9FE9-D05342113F50
675725D3-EF94-4F8F-A930-17B09A71CF5F,35.1,52:33.9,52:33.9,AETH\A393668,AETH\A393668,0,E468852D-FC57-4C1F-93F8-5A0199339A37
8942F318-511C-4A0A-B99F-17B4E03C28BB,0,12:31.9,12:31.9,A846534,A846534,0,54607135-AE48-4611-8F1C-14965F533A36
2FB04BD0-1D06-433B-B299-17D0B1501DBB,57,32:50.8,32:50.8,A846534,A846534,0,4EB77E99-9BC8-408C-A8D8-BCB469A3605E
34E6BD0C-1028-4BD2-AC30-17D45044C93E,0,15:20.5,15:20.5,AETH\N270372,AETH\N270372,NULL,CC6A3BE8-53FC-4C96-A83B-322C603E44A5
DB7B5924-C9FB-4A5C-93C1-17E1FF50161D,0,54:25.7,54:25.7,A846534,A846534,0,21310D7D-A271-4F5F-B8E6-24A558765A73
AB54A37D-4BB4-4A66-9933-17ECB2EE8370,15,56:58.0,56:58.0,AETH\A393668,AETH\A393668,0,6C2B166F-58F1-4466-AA64-77140350197D
66DFAFB0-2057-462A-AE67-17F339F9C8B2,0,03:43.0,03:43.0,A846534,A846534,0,D47E3822-A010-4686-9BC8-64DC5B568310
2D03D13C-881E-46B8-A8A5-17F3AE0B6061,29.7,15:20.5,15:20.5,AETH\N270372,AETH\N270372,NULL,73AFF859-DC97-4FBD-9B92-9E72B5F772F4
B9F9BD69-AA63-4181-852A-17F8A346B8EF,0,54:25.7,54:25.7,A846534,A846534,0,219FE59F-69E1-4A58-81B4-133B2C5F75CB
727C8D29-9D8D-486C-96A7-1810EB109084,84,12:31.9,12:31.9,A846534,A846534,0,60462039-EDFD-4A82-BB13-3DB5EF60565F
E12DDAE2-DFA8-425D-8ACC-18193EB7D345,32.2,54:25.7,54:25.7,A846534,A846534,0,CD1074E8-5B37-4E7F-801E-5C7A0DA29771
23D52F29-F6BA-4926-AFEA-18201BE6D570,43.5,03:43.0,03:43.0,A846534,A846534,0,19CF5881-FBDC-42AB-AAB0-3F72DECC439C
8C75F35A-2493-43A5-9DC1-1829E7856598,0,15:20.5,15:20.5,AETH\N270372,AETH\N270372,NULL,79D4A4C4-C9A2-40B3-826D-822BD0AB995C
7A0D65E5-BCF5-41DD-AD1C-182DA1E989D3,0,52:33.9,52:33.9,AETH\A393668,AETH\A393668,0,F10380DF-92E9-476B-B0EF-AEE488EDF82C
41AA6522-D93A-4FEB-84B1-1840BE510900,0,32:50.8,32:50.8,A846534,A846534,0,A646586F-B51C-4DDF-9BB0-B45616D010C5
86A1C4DD-494B-4851-9398-18420117AB40,0,52:33.9,52:33.9,AETH\A393668,AETH\A393668,0,176B1305-5C2B-4AF6-9A07-987259A7B799
186E2F94-E455-4C83-BD66-184CE477F35E,0,56:58.0,56:58.0,AETH\A393668,AETH\A393668,0,CF9D9D16-F5C2-4A35-A915-E105DA6657EE
3AEDC2E6-2128-4B50-8D67-184DB22F2275,4.8,54:25.7,54:25.7,A846534,A846534,0,CCBCC260-112B-4E3C-A78C-66937D54CBED
679773F2-38A5-4098-82B8-185282697D22,0,32:50.8,32:50.8,A846534,A846534,0,B582A744-1514-4AB9-8866-EE2F111AC832
BAC2BA0E-1C13-4CB4-92BD-186FC11E6289,0,12:31.9,12:31.9,A846534,A846534,0,2D0B008C-9B01-4968-BB8D-4A7F94C81FBF
E349AE53-2903-454E-9FA7-1871483AE87E,29.1,56:58.0,56:58.0,AETH\A393668,AETH\A393668,0,8EF9F15A-AA41-479E-9192-AB495839E98A
D27EB3B3-5A33-49C9-8B76-188E2BB886E8,0,12:31.9,12:31.9,A846534,A846534,0,D325AD75-0119-431E-BD63-50130662D19F
3403162A-CF96-4610-A4D1-18A7145914A8,0,56:58.0,56:58.0,AETH\A393668,AETH\A393668,0,393F0A5E-1301-4EA1-9F28-EDC7E7076DBB
1F1E4E87-A3AA-436E-9D4B-18BAA7328515,3.3,03:43.0,03:43.0,A846534,A846534,0,8B26E747-FC76-46C1-99D2-AFC5DA7DC8B2
064DB0F4-B9A4-4587-A9BA-18D11A756561,0,52:33.9,52:33.9,AETH\A393668,AETH\A393668,0,1A7201C3-E3FA-43D3-8A69-1E3041EDAD9D
2615EEB8-A41F-4805-9989-18D1311D3FBB,0,12:31.9,12:31.9,A846534,A846534,0,DAFADD8E-A677-47B6-8302-6D713DB66B7E
8F6AA23E-44DD-4D0B-B1A4-18D6C34EEE02,101.3,03:43.0,03:43.0,A846534,A846534,0,AE758143-D205-4105-A397-5524BAADDE79
08E7D893-1FDA-4631-A5CE-18E806CF1926,4.2,52:33.9,52:33.9,AETH\A393668,AETH\A393668,0,21F56B78-DB33-4B30-B0A7-EC1ECB05C280
0C860D2D-9CDB-41FC-96E5-18F207D95E37,0,54:25.7,54:25.7,A846534,A846534,0,87CE5547-8FAE-4FAC-8926-ECF8A6A3F84C
3EB4CA12-8107-4171-A118-18F5939E3640,0,12:31.9,12:31.9,A846534,A846534,0,24321674-11DA-4117-97D4-C8E9AB37F7BB
E33AAF9F-B0E6-4BF1-A149-19268C407034,0,12:31.9,12:31.9,A846534,A846534,0,3ADC8D5B-48AD-4A3F-B613-9D3BBF81E63B
335502E6-E999-440A-B982-1947715364AF,0,56:58.0,56:58.0,AETH\A393668,AETH\A393668,0,F61F5C3B-E6F3-4CFE-879D-C5E270C3170E
8D25E32B-85C0-4EC6-AFC2-195EC7190B21,0,56:58.0,56:58.0,AETH\A393668,AETH\A393668,0,C7AF84FB-B191-4D65-ABC7-A0269C75AF5E
2593B2A5-7B5E-4D0A-8D61-195F4A12275B,0,03:43.0,03:43.0,A846534,A846534,0,FAB01CD7-30E0-48AB-9D6E-7F8E87CFDD79
B5731657-E1C2-46C0-AD2D-196E3DC2E9DF,30,12:31.9,12:31.9,A846534,A846534,0,05B93DA0-CBC0-4A53-9A19-87380D0EE8F7
46ED08DE-FEE5-448B-A404-1976D3A52D24,0,56:58.0,56:58.0,AETH\A393668,AETH\A393668,0,EF2595F8-572D-4294-92F1-5C9ABEBA0F57
4AB0D17F-E18D-4F97-990A-198B7C36BB9E,0,56:58.0,56:58.0,AETH\A393668,AETH\A393668,0,CC9D8122-08C6-4459-843F-264CB0AED643
11498E05-FDF3-423E-B19B-19927AE4C2BE,0,52:33.9,52:33.9,AETH\A393668,AETH\A393668,0,DD7036CC-E5A7-489E-8676-681FAB6C5841
6E82BE68-41B4-4356-856F-1998814C4F45,9.9,03:43.0,03:43.0,A846534,A846534,0,918CFFB3-AE2F-4B48-9563-9BCE2D40C185
3A9DF4E0-5081-465D-99B9-19B601C9F0F5,27,52:33.9,52:33.9,AETH\A393668,AETH\A393668,0,28665E13-EC2F-4B09-AADF-E1B1A511E71A
71D9347E-520E-4A1D-8086-19BBBD0742F8,0,12:31.9,12:31.9,A846534,A846534,0,73F8DF34-9E8D-4C2C-B1D3-2004BB2E747D
945D33FF-D9C7-419C-B2B4-19C3FE91346F,0,15:20.5,15:20.5,AETH\N270372,AETH\N270372,NULL,97044D20-15C4-4AAE-BE38-F78E24434A2E
9E0B5972-716D-4FFB-AAAB-19C8CED94D6D,0,52:33.9,52:33.9,AETH\A393668,AETH\A393668,0,C0E0D9E4-FB23-4B9B-9AE9-B8E2DB65DDCF
5326219C-8241-44AE-BA08-19D7FF0BF8E1,76,15:20.6,15:20.6,AETH\N270372,AETH\N270372,NULL,0B78409C-F083-4E7D-AB91-C0602C365546
97D1068D-F3BA-4533-95CE-1A0474D1532C,21,54:25.7,54:25.7,A846534,A846534,0,65B82913-369E-4ACB-8A69-2E92D48BE0B4
43BEC6BD-2E5A-43FC-8BA7-1A164173008B,0,12:31.9,12:31.9,A846534,A846534,0,FF9A097A-379D-4D84-B5CB-7ABBFD3AB4C7
4A9BCAE4-A1F9-4825-B69D-1A1715AF31A7,0,03:43.0,03:43.0,A846534,A846534,0,748394E0-9E1D-4B7A-A69E-D98BBEA1F756
538E0CDF-160C-418A-8A77-1A185730B32A,53,52:33.9,52:33.9,AETH\A393668,AETH\A393668,0,CD820481-A430-4FE1-AFAC-729595297FAE
B20258B7-3924-445B-8BFD-1A1F00A913FC,0,52:33.9,52:33.9,AETH\A393668,AETH\A393668,0,3D54AAE6-F1BE-4805-AEA4-E9BF49D4D0E1
E01A9230-2372-4A4A-B188-1A3A7873E0B6,0,54:25.7,54:25.7,A846534,A846534,0,348DA479-69B6-48C9-B7EE-4CF9A9ED5846
EF22F9C6-C405-4D7F-847B-1A425F778669,0,15:20.6,15:20.6,AETH\N270372,AETH\N270372,NULL,1C14FD37-0704-415B-997F-92EF88549FDB
9020F92E-9A95-4FE1-9E6A-1A47AC21703E,0,56:58.0,56:58.0,AETH\A393668,AETH\A393668,0,5F75E295-8C9C-4B0E-BEFB-0C4795B25348
E03AE494-40A1-4586-A637-1A55CC76AEDA,0,12:31.9,12:31.9,A846534,A846534,0,4D2BCB4F-F49C-4182-8886-D612FFFC917F
BCD6533C-10C3-430A-BE0B-1A5ACA69F510,78.4,56:58.0,56:58.0,AETH\A393668,AETH\A393668,0,51D733EF-6152-49E3-B645-F4CDEC561BFF
B2798FC0-2641-44E8-A4DA-1A5ECCCBBBB2,0,56:58.0,56:58.0,AETH\A393668,AETH\A393668,0,78CB8DC2-E558-4350-A6FA-1E5446A5947A
AD894B6A-4444-4758-A884-1E12C9E24E65,0,56:58.0,56:58.0,AETH\A393668,AETH\A393668,0,65A4CF1F-C793-48E6-AD81-620DD6003E8D
D39EC72B-73E4-4ADC-8CCA-1E187109727E,0,32:50.8,32:50.8,A846534,A846534,0,00C6561A-5538-4689-8307-C701F6BF8241
DFFAAF8E-3B65-494B-AECB-1E208EE129FF,0,56:58.0,56:58.0,AETH\A393668,AETH\A393668,0,9BB99957-C8C7-40B1-A4F6-81460710E22E
B0DA078F-1121-451F-93EE-1E348FCF13F0,0,32:50.8,32:50.8,A846534,A846534,0,246948D0-69CE-4E16-BA51-8BF15C8D4717
88E1998C-3C38-4E1E-BFF8-1E40266FD3C9,0,03:43.0,03:43.0,A846534,A846534,0,4EB0BF68-3D54-4A6D-B9A4-AF7730EB7468
BF4BBC9A-0ABB-4536-B9B8-1E49E2704C23,0,52:33.9,52:33.9,AETH\A393668,AETH\A393668,0,4893FBD1-ED04-4128-BA94-F455735B4089
16652FEF-9731-493E-A2E4-1E6CA907CD6B,0,52:33.9,52:33.9,AETH\A393668,AETH\A393668,0,61858091-89BD-4E3E-A713-060F315677FF
9A538759-68A3-4AF4-B6B2-1E72848766B9,30.6,15:20.6,15:20.6,AETH\N270372,AETH\N270372,NULL,EE2242AF-9D79-4EC3-90C0-6957BD74974C
4C8B5A83-D82B-4CAC-B60C-1E75F0A26248,25.1,15:20.6,15:20.6,AETH\N270372,AETH\N270372,NULL,E6DA23FA-E1BC-41A8-931E-714E98CB035B
F5BF8D99-A76F-4680-83DC-1E77989AB155,0,03:43.0,03:43.0,A846534,A846534,0,65A98979-BE57-4CB7-89D4-47BBB08559B0
28ADE1D0-7F88-40BA-885F-1E8E8CD9E1F7,0,32:50.8,32:50.8,A846534,A846534,0,89613204-81B7-4ECE-B563-66B7ADAB84A4
0B750833-E5D4-4EFE-9964-1EA9DB41B988,0,52:33.9,52:33.9,AETH\A393668,AETH\A393668,0,9D996AE2-7C98-4778-B880-A3333B1B8531
D5F7357C-CB35-4E05-AC03-1EAA58940891,15.9,54:25.7,54:25.7,A846534,A846534,0,E7F93992-0618-473A-852C-ADC5BF786ABB
9A4E3219-7C43-4801-8F1A-1EB4E5583EC7,0,15:20.6,15:20.6,AETH\N270372,AETH\N270372,NULL,DEFC801B-2608-40D4-B90B-36B9D739D9C5
D8D54854-9F77-41B1-93A1-1EB79DE4799A,30.6,56:58.0,56:58.0,AETH\A393668,AETH\A393668,0,CBBF5F13-44CF-4906-83DC-130151557A2B
CF43F689-E388-4C0E-9F16-1ECD029D40E5,39,56:58.0,56:58.0,AETH\A393668,AETH\A393668,0,5BD55957-5AF1-428F-85EF-33330A1E3125
9BB4E40E-4EF9-4A84-AF0E-1ED8988E6F29,0,12:31.9,12:31.9,A846534,A846534,0,AE8D22E4-2009-4896-8487-4E2B928E09C3
4DD83201-CC1F-46FA-BB42-1EE2EDC51425,0,03:43.0,03:43.0,A846534,A846534,0,59FE60B1-D2C0-4DA4-B43C-43CADC7AD40B
6A36BEAE-0098-4E1C-B8ED-1EF9C41379FA,12.4,03:43.0,03:43.0,A846534,A846534,0,A046A022-4049-47F0-A4A2-DF1E47606795
30234793-278E-48D2-801A-1F0733070E81,0,54:25.7,54:25.7,A846534,A846534,0,5C9908DD-3906-4F95-8C74-EED991867E9D
1F0DC237-17B9-4C1A-A7FA-1F0BE95B4C1A,0,56:58.0,56:58.0,AETH\A393668,AETH\A393668,0,A5319749-4720-418A-9954-2C54E3907B44
BB29A36A-B2C9-43B4-8060-1F1939BE9F6D,18.3,32:50.8,32:50.8,A846534,A846534,0,EC158F2D-9EFE-4C1B-87C8-9846664F3AE7
51ECCF84-5C1B-441F-ACCF-1F3008942D71,0,52:33.9,52:33.9,AETH\A393668,AETH\A393668,0,98F3EA3A-99E3-4779-B107-029E0937314B
72687E31-425D-486C-8D4D-1F320DC7F764,0,32:50.8,32:50.8,A846534,A846534,0,45B79692-C4FC-4F69-88C3-C9173BE3341C
B050BE1F-73CD-4BED-8219-1F32384295FF,0,32:50.8,32:50.8,A846534,A846534,0,FEE10C29-EF54-4BD5-B650-C0E4E328D8A2
2AF5C0EC-4AF7-495A-B6EA-1F7319354A51,0,32:50.8,32:50.8,A846534,A846534,0,C0DD7C38-D2ED-4DED-98BE-2EB363384114
B7FB3216-70CD-40DC-AE17-1F81930A5853,52,54:25.7,54:25.7,A846534,A846534,0,CD54E66C-3645-4B21-B91B-91D178AF090F
46FB9640-A195-4C72-825D-1FB3E6F070BD,0,03:43.0,03:43.0,A846534,A846534,0,8E35193D-06A3-403C-A75B-A6D5CE0A34F4
27CC71A7-B487-4108-BB9C-1FC97314954C,0,15:20.6,15:20.6,AETH\N270372,AETH\N270372,NULL,A07B926B-B966-4859-9522-224783F9E8FA
CFFDD7D3-0030-475C-AC3A-1FCBF6543B94,0,54:25.7,54:25.7,A846534,A846534,0,6F665710-E96E-46F3-8DEC-6D585E96415E
9A04EA31-D3D4-41DE-B84D-1FDDDDB20A59,0,12:31.9,12:31.9,A846534,A846534,0,6490E5ED-62D5-44FE-A383-7617B31D1771
C7A8AB70-3CEB-44D1-86E3-1FEF5BE75193,24,52:33.9,52:33.9,AETH\A393668,AETH\A393668,0,DA49CC1C-2979-47AB-A28D-99148260AF11
04F5BC7C-C996-47C1-A569-1FF96C0B2DA8,0,32:50.8,32:50.8,A846534,A846534,0,02362505-F7B0-4EAF-BE3D-9B57D60D63FF
2C3A88DB-3060-45BC-A34F-2005A08DBFD5,0,03:43.0,03:43.0,A846534,A846534,0,37240555-D28A-48EF-BD86-4EB7753090EF
BC645FF2-D794-429E-8738-20074FBEDFDF,0,52:33.9,52:33.9,AETH\A393668,AETH\A393668,0,EE455057-FB3F-4E47-AECE-B68AC3F05DBB
EAC3FEF7-B765-4380-BEAB-201E53380B56,0,12:31.9,12:31.9,A846534,A846534,0,0CC6920C-51C6-4114-A13A-1A12707688DB
B7E5EAEE-4FCA-4C52-9A72-2023A3FE95BB,0,12:31.9,12:31.9,A846534,A846534,0,DB93CE04-D006-43C8-9732-FD9D206AB80A
922173C0-044E-454B-BE67-20289A9D834D,0,12:31.9,12:31.9,A846534,A846534,0,ABC99CC0-75E8-416A-AED8-7EBAC38E82D2
59C1A267-6290-4A6E-BBC9-202BF05A830E,0,32:50.8,32:50.8,A846534,A846534,0,9827BCDD-0413-4CBB-80CD-0DCE0F566622
528F7442-58BE-4883-A3B3-2046A7F01447,0,03:43.0,03:43.0,A846534,A846534,0,337B6E8F-59D1-4AC6-8E99-95A9AEB3DA7C
BFC62AEA-6BEE-4861-B2C2-204E898A317F,0,15:20.6,15:20.6,AETH\N270372,AETH\N270372,NULL,0D777490-95C7-4668-B6C4-ED6F1E412AD3
56A0AE63-1823-41C6-B66A-206AAF52A6E1,19.2,12:31.9,12:31.9,A846534,A846534,0,A1579F11-B630-4EB7-AE59-39AC830B58C7
47BEB88E-42CA-456A-ADB9-207D44C82B54,0,32:50.8,32:50.8,A846534,A846534,0,5D526737-1EF5-46CD-A71E-F3AB284D27CE
D15C9871-14D8-424C-A54F-20889FFEC912,49,56:58.0,56:58.0,AETH\A393668,AETH\A393668,0,2AE285A2-67C0-40F5-A5CF-C310476985B2
35325D44-6F60-4AB0-ABA4-20892561BE2B,21,52:33.9,52:33.9,AETH\A393668,AETH\A393668,0,9C778B12-5ECC-4FB4-956D-F595CA52CAE5
1103079B-940E-4CE4-AAEE-20A916E7260D,0,54:25.7,54:25.7,A846534,A846534,0,BECCE9E3-091F-4120-A66E-3881B4ACD484
9132DCD4-56B7-43BD-AC83-20AF1E32074C,38,15:20.6,15:20.6,AETH\N270372,AETH\N270372,NULL,DCE11E3B-6CED-4E76-A964-C3B67E07FEA5
7E95DA90-01E5-41B0-9301-20B031658325,0,54:25.7,54:25.7,A846534,A846534,0,B165308E-2EEE-4BCB-AA3C-13FC441C273B
929422D6-458D-43F2-A2DE-20B0F59C312A,0,54:25.7,54:25.7,A846534,A846534,0,7E0278A2-1F11-4943-8A79-40D8E945109A
62681E04-91F3-4BC4-92E3-20BE55BE5556,30.1,32:50.8,32:50.8,A846534,A846534,0,7E4211D5-B41B-40BC-AE67-E44AC882A0BC
34D54973-296F-4907-A95D-20C77344110B,20,52:33.9,52:33.9,AETH\A393668,AETH\A393668,0,38804760-4124-4F96-A7A9-CA052C8A2A7C
F4569F7A-353A-4F14-82E6-20D3532BF851,0,54:25.7,54:25.7,A846534,A846534,0,CB3CF973-73F8-4E7D-945E-6F53BDA56435
0BD9EBAC-92E5-49C4-A53C-20E52B1C0B5D,0,54:25.7,54:25.7,A846534,A846534,0,2E8DD3F3-9F3F-42F7-BFE6-3BDA10FAE5B2
B31405A4-9869-4472-A4B8-20F225955079,0,32:50.8,32:50.8,A846534,A846534,0,0DFB5C59-501F-424B-916F-E98EC6AA5A78
D1D24D72-55C5-429B-82C2-20FB026D0295,0,54:25.7,54:25.7,A846534,A846534,0,FF275A45-EBF7-4F87-B614-75903E680C04
2CF8C415-5DB3-48C7-A774-21001B8788DF,1.6,12:31.9,12:31.9,A846534,A846534,0,D40DFB4D-9B9D-4C71-A728-C87A8872C72E
277423F0-0AF3-41AC-A544-210CA0149D4D,0,32:50.8,32:50.8,A846534,A846534,0,7461DC41-8333-4013-AAE0-65A9C27BF155
7F817F56-22D8-4703-AF01-2119C92A27DA,0,52:33.9,52:33.9,AETH\A393668,AETH\A393668,0,801D7139-06B7-4567-B258-B4A5E6B7DAA1
46E8B4B0-A5EB-473D-AE57-211EF22E9459,0,32:50.8,32:50.8,A846534,A846534,0,88921465-A1F2-4819-B545-DF7339F0491D
AD92B74F-6853-41B8-9C41-212F634DF92D,0,12:31.9,12:31.9,A846534,A846534,0,E2085D44-B82F-4C4B-8620-657BE727C7E6
CAB035A7-D40D-4665-AF24-21408BD3ED55,7.8,56:58.0,56:58.0,AETH\A393668,AETH\A393668,0,A441F344-3F17-47C6-9249-C97FA8C48ECC
81C59A73-5ECB-42DD-BD30-2142C955DAF0,0,03:43.0,03:43.0,A846534,A846534,0,C916E215-5517-4705-8383-AE1A87DF8264
CE87DF74-3811-485A-A687-214881CACA7B,0,52:33.9,52:33.9,AETH\A393668,AETH\A393668,0,5574DB13-A05D-423D-A63A-D21EC0B5139D
D7A05397-4DFE-4C7C-9275-214E65384D08,0,32:50.8,32:50.8,A846534,A846534,0,0F5CD85A-F9AF-4FE6-AB47-91F61AD315EE
F95C7479-ABA0-4001-A7F4-2151A1691984,0,03:43.0,03:43.0,A846534,A846534,0,23F4F56C-DAC2-4BF6-BF81-324D75A19F7B
5111C434-B058-4569-A9D2-21835790FAAF,104,54:25.7,54:25.7,A846534,A846534,0,0B8F6622-9697-4956-A02B-51F83BD1C914
7CFD8B97-A8E1-45F3-9CC5-219F7A96E4E0,0,56:58.0,56:58.0,AETH\A393668,AETH\A393668,0,558DBC81-2D97-4BA7-A54E-08D6E2A40B6A
8B0C5651-C0F8-4459-B685-21A28E81929D,0,54:25.7,54:25.7,A846534,A846534,0,5C22155B-85C9-4DE1-B3B1-32E087A0D27B
D47786CB-0909-41C6-A717-21B29E526499,0,56:58.0,56:58.0,AETH\A393668,AETH\A393668,0,A97AB82A-70ED-4063-8133-786606FFD67B
715AEBD0-6EC2-4603-A888-21B753599E72,59.5,03:43.0,03:43.0,A846534,A846534,0,3DB1E1B8-FFCF-4CB2-BB6B-531AB0B3E993
71CFCD56-30E0-4ED7-82E7-21C1F8EF60C4,89.4,03:43.0,03:43.0,A846534,A846534,0,1DDE304E-4107-43F1-8196-44660FDEF900
F522616D-18B2-4B66-A366-21C69B8F124B,0,54:25.7,54:25.7,A846534,A846534,0,CD32860E-9E85-44D8-8861-61FC6BFEA7E1
A7C26D0A-9633-49F3-9E05-21C7A2BB9D0A,0,12:31.9,12:31.9,A846534,A846534,0,C32AEEE0-C7A5-489F-BE12-CA6CBFD6E57E
603FD8C4-5748-454F-A7F5-21D85140EEBF,6.8,52:33.9,52:33.9,AETH\A393668,AETH\A393668,0,FC765AA8-6D11-4E38-B1FE-A20AC7848404
A9DEFB4B-327F-4D14-B1C7-21F978FF9420,0,54:25.7,54:25.7,A846534,A846534,0,C9E5800A-BF92-47BE-8302-26501A82334E
91D42C70-8734-44E0-8EF3-220D31B456A9,0,32:50.8,32:50.8,A846534,A846534,0,B1E7310E-F88A-4AAD-811F-2206933D6659
6614FCF5-5103-46F3-95B3-220E975F63D5,0,12:31.9,12:31.9,A846534,A846534,0,84C61FE7-104A-4752-8AB8-509EC82043EE
9F53F605-CA9A-40F5-B68F-2212F924D937,25.9,56:58.0,56:58.0,AETH\A393668,AETH\A393668,0,83DD86A3-5D9F-4B94-A0F7-20EBCC4E63BC
E22AA2E4-EF3B-4996-B9B6-223EE42D0FF1,45,52:33.9,52:33.9,AETH\A393668,AETH\A393668,0,0D138F33-DDCB-4D6E-B043-288B8E7DFDEC
5400FDC3-5E97-4764-BAB8-2251428C86C1,49,52:33.9,52:33.9,AETH\A393668,AETH\A393668,0,DFA0F3C6-D2D2-4CE0-8B38-8012176749E5
54339A41-2390-4C26-9B7D-2252708FED9B,0,32:50.8,32:50.8,A846534,A846534,0,3D457F80-EAE0-4D16-B7DB-0E73DB3E026D
57EA0B88-8D8F-423C-9E24-22557DE655C0,86,12:31.9,12:31.9,A846534,A846534,0,4149284A-0E67-42FA-AD16-5CB5DF277778
189EE576-77CB-44F2-B89B-2256DD160A2D,89,15:20.6,15:20.6,AETH\N270372,AETH\N270372,NULL,FDFE3C68-CC44-4C00-857E-2B0BB0C84A5B
33131097-7A36-4DF6-ACD4-226EA27513A7,18,52:33.9,52:33.9,AETH\A393668,AETH\A393668,0,3E37FEBF-03AD-4325-ADED-47EEE5C829CC
15BEDE7F-0F0B-4774-9159-2283863F583C,0,32:50.8,32:50.8,A846534,A846534,0,60DAFE9D-1C5A-4780-B92F-D9C9A7879726
85EE3DF1-C86D-4673-90A5-26D7151A0A35,0,03:43.0,03:43.0,A846534,A846534,0,6584C3F4-3C8A-40D7-9F60-34D44EFB27A9
B5EDFC98-297D-4804-98AA-26D9DC5C8D50,109.1,12:31.9,12:31.9,A846534,A846534,0,C5D9E6BE-45AC-4B38-9761-1758A6C8FBF0
B91429CF-504A-49E6-946D-26ECF43C3959,0,03:43.0,03:43.0,A846534,A846534,0,75274CE3-8C1C-4DBC-8B02-7FB9594DE64F
7EDCC280-FEC3-480F-A666-26F5BC278561,42,52:33.9,52:33.9,AETH\A393668,AETH\A393668,0,42C95B17-1C87-437F-8D20-FCFE1FBBB906
ED19E62F-A67E-4AB9-805E-27047C583787,17,52:33.9,52:33.9,AETH\A393668,AETH\A393668,0,809C8196-3D17-46E8-BA90-C0531EF4D21F
4BE6AE7C-E90A-48CB-9E0E-271144FADF92,0,15:20.6,15:20.6,AETH\N270372,AETH\N270372,NULL,11F29D00-A8D9-44C5-A1C6-EE5FBCB7583E
2B1E0B14-4799-478C-A869-271344D30547,5.1,52:33.9,52:33.9,AETH\A393668,AETH\A393668,0,5D4DE5AC-1514-45E9-8A16-0C6C6CB392A7
30E79571-4D56-4790-AB76-272D853556D8,23.8,54:25.7,54:25.7,A846534,A846534,0,C8558E6E-35DA-47F8-B85C-B8002071CA4C
0850C4D9-40C3-446B-BD92-273A5D36D397,40,56:58.0,56:58.0,AETH\A393668,AETH\A393668,0,4F738F01-38A1-4EFE-986B-DAAE3D6EB887
1A8181D7-01CC-4495-9138-27402AA2B61E,0,12:31.9,12:31.9,A846534,A846534,0,FEBCA21C-2D32-47EB-83EB-F403007DB2D3
5D84BA68-27CB-4344-802F-274B6CDAFBB9,0,52:33.9,52:33.9,AETH\A393668,AETH\A393668,0,3DC3C6A9-0C85-4F7A-9C98-D548D68468CB
CA46E7F5-4ADE-4ABC-B193-275BD11BDE40,0,56:58.0,56:58.0,AETH\A393668,AETH\A393668,0,8597C083-A7C6-4007-879D-AA7D4D9EED5B
A8A6C31F-2A59-458C-8DE6-2767BB452248,0,54:25.7,54:25.7,A846534,A846534,0,AA8A08CE-394B-4F76-B615-F7C2BA707C0E
A95A2EE0-F8AC-49D4-9B4D-2795495AB48B,0,54:25.7,54:25.7,A846534,A846534,0,77F49D05-8DDB-4077-B4FD-2C3299AB50C5
EB084DC4-95AD-4BF9-BD80-27A2A850337A,100,56:58.0,56:58.0,AETH\A393668,AETH\A393668,0,F77DA018-293E-4E83-B80C-BFB20AE33705
D8A2E2B1-1721-4243-934E-27A85D682CB6,0,03:43.0,03:43.0,A846534,A846534,0,9A36A27B-FFF1-4E0F-B70B-9042A26E408C
2FB5C699-13EE-49CC-8437-27BB4CF6DD8C,0,52:33.9,52:33.9,AETH\A393668,AETH\A393668,0,1AE38CB5-B687-4412-9C07-8894BF20E945
5F5839FE-2AF7-4DF0-ACA4-27C5D733F1B8,25,56:58.0,56:58.0,AETH\A393668,AETH\A393668,0,5C3EB05A-FAD7-434C-A2B8-DCAD906973F1
F18DDC18-B7F9-4760-A480-27CFB49AE541,33,15:20.6,15:20.6,AETH\N270372,AETH\N270372,NULL,6F8C2BE2-C46E-4E77-ADAF-152BF8D924EB
E76A0A31-FC77-4EC4-A073-280811519DF4,28.4,12:31.9,12:31.9,A846534,A846534,0,37848527-063B-4947-B9D5-A0EE7F608E41
CAA3A506-053A-4C11-BFEA-280869481BA5,0,32:50.8,32:50.8,A846534,A846534,0,E169A64D-E7B4-4503-B5E7-E8772688EE8A
384B939D-12EA-4CD2-93FC-28213ECBFE40,40,56:58.0,56:58.0,AETH\A393668,AETH\A393668,0,CDCDDEB4-6E2E-4319-B310-C43A013494A0
77B2CF76-A6CB-4371-8168-282E11CABE2F,76,15:20.6,15:20.6,AETH\N270372,AETH\N270372,NULL,729869A6-0A2C-4AEC-8C41-6623912CF1F9
C22F05EB-0056-476A-AFF9-2841B9BAF1E9,41,12:31.9,12:31.9,A846534,A846534,0,66683C06-2022-4B9F-AB74-7077F6DD792E
479F9DA5-CAB6-4F50-BC65-28435C5B3FAF,29.4,52:33.9,52:33.9,AETH\A393668,AETH\A393668,0,A54CB1BA-DB13-40A1-999C-28924587EC88
92D0C967-2978-4260-85D3-284443B73D1D,0,56:58.0,56:58.0,AETH\A393668,AETH\A393668,0,2F865FF1-28BC-40C6-BAFF-F86D1FE753BC
B872EB90-BE55-4E84-B30A-286C2FE98378,20,15:20.6,15:20.6,AETH\N270372,AETH\N270372,NULL,86782BC3-BBEC-4E89-AC2E-F908F2DF7FE6
1A56AFA5-B968-4C3F-B4FB-286D321E7A8B,37,52:33.9,52:33.9,AETH\A393668,AETH\A393668,0,201F09CE-9D34-435D-9779-57503B3891E5
A617B2A5-619E-42C6-9925-288CA6F47DEA,0,32:50.8,32:50.8,A846534,A846534,0,F5F76C21-D1D5-438B-ACE3-9AD0C10070CE
45DF0F63-2F77-4E64-B0FC-28A7031B4358,44.9,32:50.8,32:50.8,A846534,A846534,0,C916A9E1-0BA5-4751-A4B8-148FD1E4B13B
B4F29CE3-E119-4CC9-9522-28B4F0162EB6,0,54:25.7,54:25.7,A846534,A846534,0,49610AB0-61F6-4EDD-9733-25EBBE3DF9F1
121DB225-6A66-49D8-B219-28BAE17AB080,0,12:31.9,12:31.9,A846534,A846534,0,3C821CBE-815E-4E28-A058-D746B6FAEA34
54AA9664-1316-4BFF-B744-28C41BA8115B,19.6,32:50.8,32:50.8,A846534,A846534,0,8CC56797-407F-47AC-AB3B-A7B1FA88BF70
8EEF8D95-D988-4157-991D-28D188011E11,45,03:43.0,03:43.0,A846534,A846534,0,E28E2D7F-DD76-433D-9F50-70EB6683E98B
984E4F28-854B-4340-908C-28D28F92D14F,16,32:50.8,32:50.8,A846534,A846534,0,9168074A-B363-4A8D-A54C-134A127FEE52
83ECE64D-F42F-43BC-BC36-28D419E001B7,89,12:31.9,12:31.9,A846534,A846534,0,C862A7AD-2563-4957-BEC1-4D45AE105CC3
F73AA65A-C372-4750-A1F0-28D8E2712D0C,44,54:25.7,54:25.7,A846534,A846534,0,B3531DE7-9EAC-49DF-840A-5081D979E2F4
91B9BF92-ED00-4AE1-8951-28DBB237A14A,15.1,54:25.7,54:25.7,A846534,A846534,0,C2E4592E-4A49-4044-9556-AF653441FC25
283E3AC5-4018-4658-8247-28DDF7733BF1,0,15:20.6,15:20.6,AETH\N270372,AETH\N270372,NULL,67724595-9BA7-4903-B459-A50210C1536B
6640B554-D143-48CA-9C89-28F484364912,0,15:20.6,15:20.6,AETH\N270372,AETH\N270372,NULL,4EA29CB5-E700-427F-B5CC-730C35A3A31D
4C0DB77B-C11D-4703-B165-28F4A516DA5F,0,54:25.7,54:25.7,A846534,A846534,0,A10DA7EF-C277-42D7-A88A-896CD65206DE
24C243E3-6544-4EB2-9391-2915A6317023,0,03:43.0,03:43.0,A846534,A846534,0,FC656562-8ABF-42D8-AFF0-E1B7C5A060AD
A0CCBA9F-97E4-4826-905D-2921C59FE6CD,77.2,12:31.9,12:31.9,A846534,A846534,0,D4D36A91-6F44-4AF2-9B05-6D513F09C576
8E0D11E7-6DA1-4B03-97F8-2929C7321F9C,99,56:58.0,56:58.0,AETH\A393668,AETH\A393668,0,511B7E98-F4D9-4F5A-9661-416D151F139D
0F99D5AA-1ABC-4AD5-A283-292B3B6F3733,87,52:33.9,52:33.9,AETH\A393668,AETH\A393668,0,0A5C97F3-7187-4F9F-96BA-3E5306017C04
55565ED2-0F80-4713-9D77-29521015F041,28.8,03:43.0,03:43.0,A846534,A846534,0,C96A6992-DFA3-4150-A407-C59096E30E46
E0F1C175-98B5-4754-98C2-2957D92AF9D1,0,12:31.9,12:31.9,A846534,A846534,0,02846D74-80CD-4ABC-B48A-29DE603705A1
8CF63CF7-4C06-4BCB-82A1-29794F2776CC,40.5,12:31.9,12:31.9,A846534,A846534,0,D6A69EA0-A9D3-4436-A9E6-7869A329BD41
0FE4E28D-6788-493D-9946-29A4D5C4479C,40.7,12:31.9,12:31.9,A846534,A846534,0,A3DB39C2-15DA-4490-8796-0AE6C20918E8
350CEED5-1B21-4653-8293-29D71E281182,0,03:43.0,03:43.0,A846534,A846534,0,DC7C0823-2408-494B-A46D-440CDB671424
65FFC393-C378-4451-ACDA-29DB4BC26C72,81.1,12:31.9,12:31.9,A846534,A846534,0,0155AE56-775C-4562-AB85-749B6F953419
BEAE54FD-94F3-45FF-9D28-29E3F1A80AEB,34,52:33.9,52:33.9,AETH\A393668,AETH\A393668,0,35226A3F-80E6-4FD0-8E60-57EBED8980A9
6A200D0F-6AFE-4760-9BD0-2A1271F14FB5,29.6,52:33.9,52:33.9,AETH\A393668,AETH\A393668,0,3232E6BB-18EC-4D5F-901B-37FDA77FD407
4B0A49C9-DADE-48F1-A4CA-2A3BDDC1AEA8,0,03:43.0,03:43.0,A846534,A846534,0,0E44F7FB-09AB-4103-ABAC-F867F5DD7F9C
CCF5FE04-1C4F-4A0C-A2C3-2A4641B69630,0,15:20.6,15:20.6,AETH\N270372,AETH\N270372,NULL,10252575-DEF9-4C0A-9F86-D1DA304EB3AE
3C30DD4C-E68A-43CB-8AA3-2A4D890B4097,0,12:31.9,12:31.9,A846534,A846534,0,1B510A5A-D785-43FB-9B62-248AFA8ADD20
B68679B3-2359-43D4-AE62-2A7049805A8C,0,54:25.7,54:25.7,A846534,A846534,0,C13ECFE2-EF35-4E4A-B0C9-0D847E9FE274
8FEAD9D2-A520-4AF6-AF2E-2A755F7501AC,0,52:33.9,52:33.9,AETH\A393668,AETH\A393668,0,728C7EC1-4B45-4C38-97B8-09012956B9CE
00278501-044F-4E67-92A1-2A75DF07FA0A,0,52:33.9,52:33.9,AETH\A393668,AETH\A393668,0,5E9D770C-BDEC-444C-9027-0E4654888028
EAF989E9-BBE7-4A13-A05A-2A785FC36F48,59,12:31.9,12:31.9,A846534,A846534,0,9CA43776-2D2F-400A-BA84-DEEF5537EE88
FD4EEAF4-6A90-4CC6-950B-2A7A4509A2DE,0,52:33.9,52:33.9,AETH\A393668,AETH\A393668,0,D95A1C2B-7410-4AA5-8D50-CC01F41BCCBE
4D97612E-3B82-46B7-BEC3-2A8C824B9D16,0,32:50.8,32:50.8,A846534,A846534,0,23FAA93A-3F7D-4082-A21A-50729E5B2FD4
3EB9D124-81B0-435B-8481-2A8D2439F9DA,0,03:43.0,03:43.0,A846534,A846534,0,1E145EE5-845D-4344-9E9D-1106BFB66E8B
DE317B48-BD68-4824-8345-2A8E59CFECCE,32.7,56:58.0,56:58.0,AETH\A393668,AETH\A393668,0,6907E665-2500-44AD-ABAB-77C8B483998C
C3FACD86-4F8C-4913-ADA0-2AB6FD234F27,0,03:43.0,03:43.0,A846534,A846534,0,20653EDA-30BC-482B-BF6D-F0EDA73440E8
62EAA1F4-5200-4A4E-A32F-2AC6432181D8,5.3,03:43.0,03:43.0,A846534,A846534,0,E72481B6-7451-4342-A544-953DDE23CA57
98156E14-9F86-4C0E-AB1C-2ACBD6F6D371,0,52:33.9,52:33.9,AETH\A393668,AETH\A393668,0,5A6535B2-7AF3-42DF-BBF3-FAFBA997DDD7
38A94A7E-B375-4E9F-8C4A-2AD2467CD7ED,0,12:31.9,12:31.9,A846534,A846534,0,110F22C1-3E86-47EC-AEDA-78CC11FE8E50
EE40DF47-041F-4386-85DD-2AD78C7D5B1F,0,03:43.0,03:43.0,A846534,A846534,0,A2730C33-10B9-47C8-A42E-DE4AE7939ADD
8B1460D9-4F0B-471B-B3B2-2AFF4B724C5E,25,32:50.8,32:50.8,A846534,A846534,0,A757D48C-0DEC-4B57-8D17-5517CA8820DE
EAE0F815-D5F7-4772-BA9B-2B1A282AB970,0,15:20.7,15:20.7,AETH\N270372,AETH\N270372,NULL,AA8CB19B-FDDB-4532-A210-6D617923E16B
0928A59F-BEBB-4668-B9C3-3015BC3DC6EC,0,56:58.0,56:58.0,AETH\A393668,AETH\A393668,0,BB6607E2-B998-4C5D-9346-5A401830EA94
99070BCA-E8BF-4592-A49F-30285F2B1663,0,03:43.0,03:43.0,A846534,A846534,0,2DFC2D51-6554-4BA4-9F21-1BB5FB6678BE
156E8CE1-6F89-4449-9590-30371A0FFD8F,23,52:33.9,52:33.9,AETH\A393668,AETH\A393668,0,578617A3-3704-4834-AD22-7BE6F712AAA2
5A1B3B86-17D9-40CD-823D-30492A853656,33.1,56:58.0,56:58.0,AETH\A393668,AETH\A393668,0,7379D43F-123C-4DCF-9594-3E6428EC0312
A60D2DE8-B4A2-4851-B506-3064DF70FA34,0,15:20.7,15:20.7,AETH\N270372,AETH\N270372,NULL,404E8859-5158-4786-ABC0-D4B70C4C413F
175AB7FE-32D3-4E32-B814-30710ACAF40E,94,54:25.7,54:25.7,A846534,A846534,0,E53C523E-9E37-4A87-9A90-D136E9EB9FAB
03E26471-8A80-4C35-83CB-3097CDCD4077,0,03:43.0,03:43.0,A846534,A846534,0,270D6315-AC74-4461-9D3C-B974BE31C23A
38C73791-9060-40A3-BC0E-309EFE466177,0,12:31.9,12:31.9,A846534,A846534,0,610A4C76-CD06-403C-B893-241CDCF472F6
A8440AB0-4441-4B29-9F6E-30A0277FEECC,20,03:43.0,03:43.0,A846534,A846534,0,12E8AF3F-B5B5-4013-9A2B-69CF6AAE4C8B
3430324D-16C0-4012-AD45-30A53B8E9D1B,25,32:50.8,32:50.8,A846534,A846534,0,B8DCE1A5-F6B3-44FE-9B11-EB6F2219E34E
357A866A-E6D4-4795-8C4E-30B024BD6E58,0,15:20.7,15:20.7,AETH\N270372,AETH\N270372,NULL,E9B02DFD-5B0F-47C0-981D-4E771316E5A2
14F79E63-B67C-486F-9D6E-30B3F6A60EF5,106,12:31.9,12:31.9,A846534,A846534,0,CCAE0E80-3FE7-433C-93A2-C68B46B2F94A
F30ED9C3-B6B9-4E1C-BC5C-30BF5EBE2313,0,03:43.0,03:43.0,A846534,A846534,0,2EB0063E-8128-4E2F-8E8D-EB842EF58512
CE7F1F27-6AF6-41AD-BF39-30D91B60D486,0,03:43.0,03:43.0,A846534,A846534,0,C5197590-9EF6-4B72-86C0-9DC71AA37ACB
1E0F55C8-E775-40E0-BD35-30DD9A21EE2A,68.6,52:33.9,52:33.9,AETH\A393668,AETH\A393668,0,78CDA7E4-DA87-4032-8DB9-60A5E77F58AF
0D12BF66-4723-4071-BB9B-30EACAA2A1A0,7.3,15:20.7,15:20.7,AETH\N270372,AETH\N270372,NULL,0D03B3B4-2BA9-4FC9-9EEB-F20DBE9B2E29
2615634C-EC71-4369-8E0C-30F5D296F50B,0,54:25.7,54:25.7,A846534,A846534,0,C368EE99-2514-4630-AD65-2F8758FE353F
87A00F17-0C8A-43F3-85C0-30F7C56698D3,0,32:50.8,32:50.8,A846534,A846534,0,8CC0C2EE-751A-4544-A6DE-64D981B34254
56418362-3FC4-4933-9CB2-30FDD9768451,7.3,15:20.7,15:20.7,AETH\N270372,AETH\N270372,NULL,B811F11C-D0A0-4BD1-A38A-D8695B10C952
CFED7BBA-10DE-47DB-B052-30FE87696E6A,48.4,32:50.8,32:50.8,A846534,A846534,0,3ED77752-DC85-4F9A-9906-CC9583A0BD10
7F1D595A-A92B-457A-8DE5-31066BF841E0,19,15:20.7,15:20.7,AETH\N270372,AETH\N270372,NULL,6E57866C-1485-4F41-B899-8246C41AF3C8
801C250C-688E-4BF5-AFF9-310CB499EE63,0,56:58.0,56:58.0,AETH\A393668,AETH\A393668,0,1799AB14-B744-4EF0-92CF-DE68BE98C46E
694F04CD-B1D4-4AAB-AF80-311592981441,0,15:20.7,15:20.7,AETH\N270372,AETH\N270372,NULL,C6B2742F-51A0-4E42-BA3A-7607F8B94F3F
05389AE9-8895-49E4-BD12-31193FEC3FCF,0,03:43.0,03:43.0,A846534,A846534,0,82883E04-97D1-4B01-A05C-460774DC7832
CAF6ECBB-2794-4A82-A3A4-312819E80CC3,78.5,52:33.9,52:33.9,AETH\A393668,AETH\A393668,0,EB58FC16-8417-4636-9098-22C0E4721C70
FD046974-016D-4C0B-A297-312819EE9CF8,0,15:20.7,15:20.7,AETH\N270372,AETH\N270372,NULL,0C1E8E1B-A574-4505-BBCD-3DDA26AC87C3
A49B77BA-48E9-4A74-A681-312BDB94307A,0,15:20.7,15:20.7,AETH\N270372,AETH\N270372,NULL,43506B2F-B44F-4B11-88AC-C0079566C403
7B958C4C-6C11-431C-AB88-312F6832C268,50.4,03:43.0,03:43.0,A846534,A846534,0,ACB97E8C-72AD-4D7B-955D-427D67CE1B15
43E04C81-71DF-440D-95C0-3134F6CD3E52,0,15:20.7,15:20.7,AETH\N270372,AETH\N270372,NULL,EBD14CCD-3EB3-473A-A79D-B8CFB1DAE8E9
EC5AB158-C29B-43F5-84AB-31418BA3AD65,1.1,32:50.8,32:50.8,A846534,A846534,0,7A169682-07B2-4D05-8567-6915784922BB
79C34700-E570-487A-9E3A-314ACBE2C30C,62.7,15:20.7,15:20.7,AETH\N270372,AETH\N270372,NULL,22A008E1-FA06-41E5-8CBB-BF06380955B5
86C89378-5818-41FA-9200-3154F5329DD5,0,54:25.7,54:25.7,A846534,A846534,0,938F0BE1-A44D-4F30-A6E6-E665C7778850
A44294AB-C1CF-4717-BCE4-3159A2919396,0,12:31.9,12:31.9,A846534,A846534,0,9184680D-A593-4AC5-A846-DF5E1AAB7F9D
C2A8CDB2-3C00-4694-907E-315CB72F250B,0,03:43.0,03:43.0,A846534,A846534,0,559E6558-0DE3-45A6-AA14-6C202C75D8D4
9BB615FE-2A97-437B-9D3E-316BD3E18176,67.9,52:33.9,52:33.9,AETH\A393668,AETH\A393668,0,9B26AA57-DF11-4C33-B8E9-95A26CBD1815
6DB7C92E-B6FF-4F5B-8F22-3182AF8419A3,0,03:43.0,03:43.0,A846534,A846534,0,9655A9C0-807D-4AA1-BA62-E7BD035DB3BE
47C6B7BA-53EF-4868-B8C5-3188CA09DECF,22,03:43.0,03:43.0,A846534,A846534,0,9C4AE42B-8A1D-4E25-B3A4-6D7E61115B9A
EFC9B0C3-834C-46A3-A1C2-318DA515E9BD,0,03:43.0,03:43.0,A846534,A846534,0,12C9921A-81F8-46A0-9CD5-F77D376A7FE0
E487F93F-99C0-4F1E-9190-31A1CDDA11DB,75.7,52:33.9,52:33.9,AETH\A393668,AETH\A393668,0,49FEF913-100F-447B-B685-3FD475066FAA
53D28AA8-0B1D-4F28-817D-31BCD00C824F,0,52:33.9,52:33.9,AETH\A393668,AETH\A393668,0,6A681F67-32C4-4425-A990-6E11A6DBF08B
9F1A5C96-AC53-48BD-9E0A-31D5598C3F97,6.8,52:33.9,52:33.9,AETH\A393668,AETH\A393668,0,9B38E402-8D27-43A1-A7C9-7005F65CEDCB
D5E9C9B2-8F07-4134-B012-31E4DF4354EF,0,56:58.0,56:58.0,AETH\A393668,AETH\A393668,0,BB535753-48AA-4559-B718-1FB99D5172DF
88FF9D48-82EF-4C04-9529-31F8DF509682,0,52:33.9,52:33.9,AETH\A393668,AETH\A393668,0,932A65D5-3577-4C21-9FA7-A7C715624CE5
9115C487-C714-4F14-9BBE-3214E9D6CBC5,0,54:25.7,54:25.7,A846534,A846534,0,7AE74A3B-C8C5-4714-AF97-BC77A018B572
1D01B9D1-2710-4AF3-8B54-32366AC1C14A,0,12:31.9,12:31.9,A846534,A846534,0,A8DBF33C-939A-412C-B286-08D5B7A3F6BB
5EFE6933-66BB-4687-BB42-324396C48F16,0,12:31.9,12:31.9,A846534,A846534,0,E1EC6047-CEB3-4CE2-B5D9-34FE6C8ABCD1
BFCFD216-FF56-413B-8040-324AA4807336,29.2,56:58.0,56:58.0,AETH\A393668,AETH\A393668,0,BC749114-181A-4B80-B730-4F4CB6FCD9BF
6253493A-FB8E-45F3-BF6F-324C085578B8,0,52:33.9,52:33.9,AETH\A393668,AETH\A393668,0,AF866788-52FB-4BE4-8A02-78125025F959
15AFC6B8-9D09-4CBF-9592-32509AA11A33,22,12:31.9,12:31.9,A846534,A846534,0,9781E2AB-F009-4E16-A6EF-41852CE4D320
0B7E7CE3-59B2-431E-8932-325AEE2DBDFC,0,54:25.7,54:25.7,A846534,A846534,0,CA6215B3-F044-4010-B04E-907C5FCEF7C6
E517E446-100E-44F0-B87F-3280B85EEC28,0,12:31.9,12:31.9,A846534,A846534,0,66B2D2D5-C7B8-4DAA-AC47-1CC3D489D7C2
5F408C9C-AE78-4445-8410-3299580BAD3B,0,52:33.9,52:33.9,AETH\A393668,AETH\A393668,0,EE245B3B-E5B2-40B3-8A8F-A56850EFC38B
5072AE83-75B1-4C76-88F3-32A20795747C,0,54:25.7,54:25.7,A846534,A846534,0,9162E001-59B4-49DD-BE69-AAE2FB50F449
4EC705D5-8949-47B3-A3D6-32B0F4554075,0,12:31.9,12:31.9,A846534,A846534,0,6565A06B-BA04-446A-8C31-C99C18A74D7A
486A265A-EFCE-437F-B96A-32B136DEA901,0,12:31.9,12:31.9,A846534,A846534,0,035BFD6B-799C-4BDD-A2B6-82C2B9481D75
8B530D16-96B7-4067-AE1E-32D36DB14240,35.5,52:33.9,52:33.9,AETH\A393668,AETH\A393668,0,6A1F60FC-DD16-415B-A6EB-DE74D7E69D84
886B5954-B710-4A9A-878F-32DC16056945,0,52:33.9,52:33.9,AETH\A393668,AETH\A393668,0,5DAF01C6-70B7-4A52-BEC5-95BC17A66BE5
9DBBA588-6542-40CA-84B8-32E6240E41A7,0,03:43.0,03:43.0,A846534,A846534,0,2A784B83-92E8-47AB-A395-055C34DC24CB
B33D6408-5C5B-4B23-AF8A-32EF613729E2,0,03:43.0,03:43.0,A846534,A846534,0,7FC4F6F3-2187-4EDB-B196-B649DB2652EE
51D2D668-53BF-42A2-A261-330704C11DD3,0,03:43.0,03:43.0,A846534,A846534,0,DD727F60-E235-4FDF-981B-14286B993DD7
91E40737-004E-4E70-8541-3327D6FE7FBB,0,32:50.8,32:50.8,A846534,A846534,0,1E165BCE-351C-43E3-BC23-F3413559131B
8E497A60-233E-439A-995E-333D41AB2B9D,0,15:20.7,15:20.7,AETH\N270372,AETH\N270372,NULL,CBF4A29E-FA22-43E3-B373-1C6F99EC3296
E84528FF-6F3F-43E5-8007-33481AB19F68,4.1,12:31.9,12:31.9,A846534,A846534,0,FB759A3C-174C-4FEB-ABCB-0F36255C8445
B4C45293-F09E-4A4D-9F69-36FE52DCA65F,145,03:43.0,03:43.0,A846534,A846534,0,0160B37C-3742-40D7-BFB8-25D7CEE2BED8
1E6085C0-DB68-4E7F-9DA3-3705E0DA71DD,105.9,12:31.9,12:31.9,A846534,A846534,0,EBF33851-5E9F-4532-A663-D7B922DEC69E
25FF4622-F2C4-4771-BBDE-370AC8DF8C46,0,32:50.8,32:50.8,A846534,A846534,0,A7E7AA63-C14D-4A50-8AAD-52874A5C7703
5E62BAB2-0A08-4CDB-959C-371C220AD944,0,56:58.0,56:58.0,AETH\A393668,AETH\A393668,0,02246E80-577C-4497-81EE-1A45BDC17C45
A08B5050-0A1C-4574-BE58-37258CFF43C7,28,12:31.9,12:31.9,A846534,A846534,0,CCC5094D-4A92-4FF1-B8DA-4F07159A5052
8809B63A-EB2A-4561-A6A2-3737A550E2E5,0,32:50.8,32:50.8,A846534,A846534,0,41135DBA-881B-4F67-AD25-AFECA9E421CB
F66EA707-6C73-4223-ACBF-37491BCAA24D,0,32:50.8,32:50.8,A846534,A846534,0,A374879F-35AA-43EE-B6E3-EC916C86FD09
7FEDA235-6730-4255-A234-3751567DECDE,87,03:43.0,03:43.0,A846534,A846534,0,90DEAB72-F9B2-4068-BB0B-E1312BF229E5
110FD6EF-80D0-4A2E-9E49-3764F78FA199,0,54:25.7,54:25.7,A846534,A846534,0,F72D85BC-E7DA-4F96-8441-F9875222ED7E
F6929A15-ADC5-4FDA-8B14-3767BB1FF1DA,0,15:20.8,15:20.8,AETH\N270372,AETH\N270372,NULL,AC927EDD-D4D3-447A-A837-703A7AE7F0DD
B30BFC1E-C087-44C7-8876-378ED3F82E9A,0,32:50.8,32:50.8,A846534,A846534,0,26090ADF-B0A5-43E2-96B0-AED8335BCE49
901C17D0-9080-43CB-B7E2-3792A03CFD9E,0,54:25.7,54:25.7,A846534,A846534,0,364856D4-9943-4963-9618-C18EFA12A3F7
EF53B93F-8A53-44C5-9088-37A3356FC4F5,0,15:20.8,15:20.8,AETH\N270372,AETH\N270372,NULL,0421F000-D877-4659-954D-464068464CA2
CD27CC69-EC6C-4A32-829C-37A621310B24,32.7,32:50.8,32:50.8,A846534,A846534,0,19451859-7299-49F1-B6EE-901C72D4D7E9
58C3B7B7-FD60-4A5B-94F2-37AC075B5A4E,27.9,52:33.9,52:33.9,AETH\A393668,AETH\A393668,0,C642A356-B373-4050-AA90-DD3D23DA5F33
04FDA097-4A83-433E-AB23-37C403B93B67,53.6,32:50.8,32:50.8,A846534,A846534,0,7B57EDA4-239C-4170-AB61-577E9432CD77
FCC0D030-9570-43F2-97BC-37D2E1C702D1,38,52:33.9,52:33.9,AETH\A393668,AETH\A393668,0,42A9E20C-8DC1-4626-8414-58185DE9B496
C251637A-F854-4D79-B8ED-37D9680F918B,99,56:58.0,56:58.0,AETH\A393668,AETH\A393668,0,F271B3B0-E0CD-41FB-8C0E-6EF0F07A6206
0388C55D-8CB2-4827-8067-37EA9AF6F161,0,54:25.7,54:25.7,A846534,A846534,0,640CB846-11AF-4B77-ABA9-63C948E54090
54012E8C-8B0A-4458-A7DD-37EE6838B8BE,0,54:25.7,54:25.7,A846534,A846534,0,9A13CC64-BEC6-431B-84CA-DF05AEFDE4A6
C6AF5D32-031C-4DE2-9735-37EFE99733BA,0,03:43.0,03:43.0,A846534,A846534,0,A16E3836-15D4-4DCD-B309-B21053D0B1A0
F11F450A-3A5C-4A5D-9EF8-37F5D29866E4,0,03:43.0,03:43.0,A846534,A846534,0,CC0F7CDB-31FD-4EAC-81F9-A3E660DCAE90
9329C7EC-57E1-4A7F-835C-37F9DAF74F13,16,32:50.8,32:50.8,A846534,A846534,0,10E3F80D-9454-4BA8-BB9B-0700215CBA36
1B17E7B7-9978-4D98-BF51-37FBED849A1B,0,32:50.8,32:50.8,A846534,A846534,0,5A4B4D63-B65B-4E2B-BF27-493F9770CB10
8064D039-B03F-40C6-81BF-380C46ADD89A,0,32:50.8,32:50.8,A846534,A846534,0,4999A236-EFB2-4387-B654-7BE0E4429622
599F7F12-5352-455D-9CB4-3814141F718E,98.3,54:25.7,54:25.7,A846534,A846534,0,F5D289C7-1C75-46D7-B23C-9660E2C9EAB8
84C0FCED-6544-464B-972B-381787BEC002,0,32:50.8,32:50.8,A846534,A846534,0,114919AC-C63C-4B3F-9E0A-10D6A4EA8CFC
2DB065B2-21EB-45C1-A6E1-3829402B1C5F,0,56:58.0,56:58.0,AETH\A393668,AETH\A393668,0,89C0AF72-C401-42E4-9E4A-D7648905D13E
7241B794-FD84-4EDF-AC60-383F99227AEB,0,56:58.0,56:58.0,AETH\A393668,AETH\A393668,0,A51780DF-BCA2-4EE7-995E-7DA6D4065974
9B4ADF3D-878E-4A5C-8B53-38456F2B0431,0,12:31.9,12:31.9,A846534,A846534,0,E4368661-0528-4B01-A3A1-DC0CC43205A9
436D4F17-C702-44BC-A0B2-38496B5852B4,0,52:33.9,52:33.9,AETH\A393668,AETH\A393668,0,8D03C8F8-BD01-48B4-91BF-FB8F5972C48D
112108FE-81F1-440D-A411-38508CB1D882,12.4,03:43.0,03:43.0,A846534,A846534,0,B069A684-110A-4346-A622-5D0C66CE35EE
F723EA46-E079-469C-868A-385D7070BEA7,0,15:20.8,15:20.8,AETH\N270372,AETH\N270372,NULL,4EFE78B9-82D0-4219-87E0-AAE359E15162
978326D6-36A2-4448-8CF5-38735155C22C,0,32:50.8,32:50.8,A846534,A846534,0,80EF7EEB-9859-4105-A376-77B9ABAE5192
CC78082C-E64E-4A67-9652-388021C36290,0,54:25.7,54:25.7,A846534,A846534,0,0C191043-D5E1-415C-874C-57403085A7E1
1B56978A-FF44-454F-8A92-388555C25227,0,56:58.0,56:58.0,AETH\A393668,AETH\A393668,0,17A82C7F-77F2-4BB1-93BF-BAD02D84CCE1
BF435283-6ACE-4CEB-BCEB-388E5C158337,0,32:50.8,32:50.8,A846534,A846534,0,777399FC-7ED2-49CF-B838-6CB36A165B5F
F44C7DAD-4A11-47F6-AA16-38972D4807F0,5.1,52:33.9,52:33.9,AETH\A393668,AETH\A393668,0,6ADEB9A3-E521-4472-9BD3-68AD4B603D27
5FC574BB-5451-491B-836D-38992C1CAAFB,0,32:50.8,32:50.8,A846534,A846534,0,F3F12267-9AA6-47D8-8561-E8FF9FC5D582
88738752-DE9E-47B2-A5A2-389F301CBAFD,43,56:58.0,56:58.0,AETH\A393668,AETH\A393668,0,63CFC1B5-7EC9-42B1-9E7A-2CC4FAA45AA4
362F2F04-7DC7-4656-8D6C-38C493F39394,0,56:58.0,56:58.0,AETH\A393668,AETH\A393668,0,43067C38-3E3C-4C10-82ED-79D294272DA7
C9C27F3F-99A6-42A5-89F6-38C84AC985C3,0,56:58.0,56:58.0,AETH\A393668,AETH\A393668,0,225F40B6-0026-4B72-8077-DE19603694BF
A9CC6F7A-856A-4B39-8BAF-38DCBE6A24C4,0,56:58.0,56:58.0,AETH\A393668,AETH\A393668,0,91C599A1-C9C4-4107-BA3E-6195ABD95901
ADBE5FBB-8D55-4775-BA23-38EB8E87C7F6,0,03:43.0,03:43.0,A846534,A846534,0,328E5433-6DCB-47FB-AC04-7AE7ED439CEB
809FB10D-4D04-474F-B112-38FC936D1CE3,0,52:33.9,52:33.9,AETH\A393668,AETH\A393668,0,27193E10-079E-4B6A-9563-DDB27741C01A
6AB1A2B4-E7BF-4611-B8C6-394875C9A4E6,0,56:58.0,56:58.0,AETH\A393668,AETH\A393668,0,B5AA1817-DE3A-4262-9F2A-D13201782222
F74C9DEE-9A48-4065-BBC4-3954825A6C14,0,03:43.0,03:43.0,A846534,A846534,0,56DE1772-32EB-4AEE-9201-FA0DFD4FBEBC
4ED2BF49-BF9F-4C82-B635-397E63E04B58,22,52:33.9,52:33.9,AETH\A393668,AETH\A393668,0,BF905430-CCF1-459B-A5E0-DF0A31CCC0CB
BBE7CCF5-466E-4311-820B-398C7799F66B,0,56:58.0,56:58.0,AETH\A393668,AETH\A393668,0,06A29B23-A1B7-4935-B0B2-13E1E419D2C7
E197E506-FFD1-41DA-885B-3997A0B8F164,0,32:50.8,32:50.8,A846534,A846534,0,F23E8E58-FB88-489A-B716-E78924B90A78
9391C3D3-1F96-4A58-91A8-399BE6724964,0,56:58.0,56:58.0,AETH\A393668,AETH\A393668,0,06AAFD07-3DD8-450E-B9A5-2302AC4F7995
D1E6044B-C1D0-49EB-AE97-39AA7A0B2423,0,32:50.8,32:50.8,A846534,A846534,0,54F20ECD-5775-47D5-B254-4E0CB74E3576
9323F4A3-6969-4D34-A00B-39B88AA04204,0,56:58.0,56:58.0,AETH\A393668,AETH\A393668,0,BB364A04-E70B-42E6-9875-2B9F34003B5E
FFCEBD8D-B100-46E4-97F4-39BE7ACA0366,41,03:43.0,03:43.0,A846534,A846534,0,1532C165-02F2-462B-966C-3FA9D9B79455
76C15BB0-BBCB-46F4-8BDD-39E46AB0186F,0,15:20.8,15:20.8,AETH\N270372,AETH\N270372,NULL,97139212-2CB7-431C-96BB-C3B71AA5CCD3
7119246D-3961-4DFA-92D7-39E7DFFAA14D,0,15:20.8,15:20.8,AETH\N270372,AETH\N270372,NULL,C6F00997-7D15-43B6-9F0E-2FBCB146DBFA
BA796F1A-652F-4E8D-952B-39EEC847BD6E,0,03:43.0,03:43.0,A846534,A846534,0,43F8D05F-FEC9-47C3-B3E1-62488AC2D8FE
3330E60A-7C34-4D70-AA71-3A04D6D7AB86,0,32:50.8,32:50.8,A846534,A846534,0,203FC08E-B50B-49F2-BD00-50A3EF301478
5BD6A7BB-D017-4E1C-8BC9-3A085436FD56,51,15:20.8,15:20.8,AETH\N270372,AETH\N270372,NULL,53AA7A4D-6A68-4FBD-8DDF-C4DA4FAE80F4
D2233178-D91C-40EF-93D2-3A0A7272D44B,0,52:33.9,52:33.9,AETH\A393668,AETH\A393668,0,B6C09E16-E951-492D-9198-9EA7A5BB27C2
4CC84CCB-FC39-4B41-A7DD-3A192AAE19B4,98.3,54:25.7,54:25.7,A846534,A846534,0,A08E0048-5C55-43A3-8A6D-35766CAA4DC5
FD151338-F827-4D20-B36C-3A35CCC7727B,0,15:20.8,15:20.8,AETH\N270372,AETH\N270372,NULL,AE995754-DA73-44FD-ADC7-9323AC670B19
A646A7E2-CF9D-4CE0-8A22-3A44FBCE745E,0,52:33.9,52:33.9,AETH\A393668,AETH\A393668,0,EF703683-5FEE-4E3F-8340-BE493F3AEB0D
98F09A26-2971-433F-97D8-3A4D082434C4,0,12:31.9,12:31.9,A846534,A846534,0,BEA223C9-1429-4853-838F-1AF87D63C014
5136ABA5-42AA-4D42-91E6-3A4DF1C4239B,0,32:50.8,32:50.8,A846534,A846534,0,094C461A-47A4-4E3E-A0CB-0CF3F7AE3912
CD64BF1E-8676-4E29-B2DF-3A5B3C217541,0.5,32:50.8,32:50.8,A846534,A846534,0,8182E2A5-C36B-4FEB-8723-3C69AF3E032C
F7CC92B8-E143-4708-AD13-3A629B0DAAEB,57,52:33.9,52:33.9,AETH\A393668,AETH\A393668,0,6BAF0A8F-0FC2-4A09-B150-967559674EDF
0734C758-FE19-48A4-A513-3A666D7D54D8,0,56:58.0,56:58.0,AETH\A393668,AETH\A393668,0,6DEF2F64-5130-48B0-8758-24F5D61B3E2B
6443A8E3-F79B-410A-A922-3A66C9D46D69,34,03:43.0,03:43.0,A846534,A846534,0,FE8E43F5-B7AA-4430-89DF-6AC39978AC05
28080D30-B058-432A-9398-3A6BAD23AE19,104,54:25.7,54:25.7,A846534,A846534,0,C48FA5C2-DCAA-42A6-AAF3-862AD0BA989B
6073C90B-873D-41D4-8356-3AA4FAEE17D7,0,56:58.0,56:58.0,AETH\A393668,AETH\A393668,0,67880461-638F-4C66-B35A-09EC693D532C
A69F399B-D42A-46F3-88C7-3AA9F2FB6312,0,03:43.0,03:43.0,A846534,A846534,0,768ADFB1-F099-453F-942F-9F768E884BE8
CB47FBF2-F33C-42FF-821E-3E16A6C558C2,26,56:58.0,56:58.0,AETH\A393668,AETH\A393668,0,5E5A6694-DB37-4C5D-B488-2471287EB5E7
FE050351-44AA-457C-9B8F-3E1F03E7ED72,0,12:31.9,12:31.9,A846534,A846534,0,09F1867B-62B5-4FB6-B4E6-13C195683B64
6F6D875B-C935-4961-833F-3E21402892D6,131,54:25.7,54:25.7,A846534,A846534,0,73637A56-70FA-4C58-A8BC-9BEFEF16B4F1
96DB3CC1-8F87-483D-96F6-3E23E86D7725,27,56:58.0,56:58.0,AETH\A393668,AETH\A393668,0,50C9DDCB-9F89-4B97-A7D2-E637150A2160
F60B085A-52E3-4BBA-9111-3E37D8F5345B,18,56:58.0,56:58.0,AETH\A393668,AETH\A393668,0,0AB763A7-1E92-4E0C-B542-057BA9EC47C4
68F5D388-42BF-4EC3-A046-3E3DB3FA5329,0,32:50.8,32:50.8,A846534,A846534,0,B872A9E7-4FA8-4902-9EC3-B4E89FC6B3C3
E8A0529A-F709-4C2B-950D-3E4AA4AD6C4F,0,52:33.9,52:33.9,AETH\A393668,AETH\A393668,0,02ACBB14-3EE8-4FDD-8890-FD3DDA20EA1D
1292F51D-8406-4D65-88EC-3E50592B3522,25,12:31.9,12:31.9,A846534,A846534,0,69268114-B469-4EB1-A25B-A1423A7F17C2
00F7ACFF-D036-471A-BC00-3E6B6CB5FE42,0,54:25.7,54:25.7,A846534,A846534,0,0E0AA350-1191-42DB-9A24-EA32B71E58B6
1A9F95D9-3200-4734-9D51-3E7152D95476,0,54:25.7,54:25.7,A846534,A846534,0,DBEED10F-702A-4B42-80A0-A736F42F4127
6BFAAB9B-66A8-496E-BC8A-3E8BE3DB59FB,9.8,03:43.0,03:43.0,A846534,A846534,0,F3798E23-057A-47DA-AC30-C849CD4B91A2
E47D541F-25C1-4769-A340-3EA8C01CAF32,60,54:25.7,54:25.7,A846534,A846534,0,7785C291-D8DB-40C6-8D5F-482341C2A820
44C18D3E-4264-49FD-A2B6-3EA9FED2BB60,0,03:43.0,03:43.0,A846534,A846534,0,13CB9478-203A-455A-A1AE-10287E5882F7
B75662CB-0558-4D59-88FE-3EBBC1E73975,0,15:20.8,15:20.8,AETH\N270372,AETH\N270372,NULL,9C4D606E-85CF-4FFC-A185-7462F6BD460B
6CBC8F22-DD29-49D0-A39A-3ED7C41E3A6D,9.5,54:25.7,54:25.7,A846534,A846534,0,278109A7-05A7-4121-9C4D-BE66F646C1FF
FCA4D488-4A06-435C-B728-3EEC3AD96D5C,0,56:58.0,56:58.0,AETH\A393668,AETH\A393668,0,333290FD-0C78-4AE0-8F1D-CF84DAB6554A
2C926599-0461-428D-BCE5-3EED154C359E,0,15:20.8,15:20.8,AETH\N270372,AETH\N270372,NULL,3A721ACB-CA4D-4EBF-9240-99D3B15A2124
2E910D52-2A5C-4469-9511-3F06F11F3268,0,56:58.0,56:58.0,AETH\A393668,AETH\A393668,0,CE70C280-BEB2-4281-993C-9E93415008C8
ACCBDA10-7F4E-42C8-A03D-3F0E5454AD04,0,32:50.8,32:50.8,A846534,A846534,0,4B976B77-B018-4B84-81FB-74EA6F9F8A8D
49831203-AEDE-454E-A4BF-3F14A06B4816,0,54:25.7,54:25.7,A846534,A846534,0,4C6FBBBF-504C-41B4-A527-6A476E20F381
1F64001B-AE77-43DF-99AF-3F1F7556D008,0,54:25.7,54:25.7,A846534,A846534,0,95B4DA23-B1AD-4EDD-A06A-885F46E67C2C
D6A1D748-C3C5-4198-BDDF-3F1F9A6932AC,6.8,56:58.0,56:58.0,AETH\A393668,AETH\A393668,0,FF4E8C81-507E-4020-B1CC-456A4A8C137D
85286BC6-89BC-405D-A78A-3F2CD0BA49EB,0,15:20.8,15:20.8,AETH\N270372,AETH\N270372,NULL,CCA61FCA-DCB0-4974-9373-678543B020B8
174DE238-3C8D-4F41-BEAB-3F432836D87D,0,03:43.0,03:43.0,A846534,A846534,0,1ABFC69C-114E-4F8F-B6E6-BF02FEC188C8
E8DE6368-BFB2-4649-AF45-3F5B03333AC6,0,03:43.0,03:43.0,A846534,A846534,0,32A680C5-7DF8-403C-BFAF-C14B7DCBE2BC
3095FD3F-836E-4E69-BEFA-3F5D1D4355A9,0,15:20.8,15:20.8,AETH\N270372,AETH\N270372,NULL,91AFF646-7F9A-4CB0-95A6-A91F234DEAC9
D4665FA2-C414-49B9-BAAF-3F77D67A41F4,0,54:25.7,54:25.7,A846534,A846534,0,13EF0C70-3056-40F5-8E23-2EBF02FEA73C
C1466DB2-8EAF-449B-891F-3F7BFE94A1EE,18.6,03:43.0,03:43.0,A846534,A846534,0,CEFA6CB8-F574-428F-81DF-60CDD860C1FF
3B9D3391-1AF5-4DA7-9570-3F906D89C4D5,40.4,03:43.0,03:43.0,A846534,A846534,0,9DF68CB0-807E-490E-A240-12509A8B9961
1A9C44F7-43E6-4BCC-93F3-3F98D579F981,15,52:33.9,52:33.9,AETH\A393668,AETH\A393668,0,FF9330DC-D001-407C-9EF6-60D88D802DF1
B0AE6E97-29F9-4BB1-8BED-3F9A57D24514,0,03:43.0,03:43.0,A846534,A846534,0,3BB9502E-4CB7-47D0-BE74-1090A4B49195
A1A8318E-6C20-44CB-ADA9-3FA4D2CCB2A3,0,15:20.8,15:20.8,AETH\N270372,AETH\N270372,NULL,884FB226-ABA2-49ED-904A-BC4A7B2EEADC
7E003144-AAB1-4354-8F55-3FAECA1313FE,140.3,12:31.9,12:31.9,A846534,A846534,0,1327B45A-4B69-4B07-A14F-E7B893994C5E
F24C9599-31C4-4B39-A219-3FBDE1283618,0,03:43.0,03:43.0,A846534,A846534,0,DE6BE0A5-327C-48AC-8D2A-5D1311C5E9DA
C7C81BE9-6E69-4D5C-B16C-3FC66D535D87,28.7,52:33.9,52:33.9,AETH\A393668,AETH\A393668,0,F299AF82-2A6A-4372-A3ED-2A70AC9CEBEC
D9027835-1341-4BF6-B27A-3FD21D308EDB,0,32:50.8,32:50.8,A846534,A846534,0,0CCAA04E-14B2-4605-966B-AEFF715051E4
AD8FCC02-635F-4E87-B3A3-3FF43D8658AB,60,56:58.0,56:58.0,AETH\A393668,AETH\A393668,0,2BE57DDA-DFE3-4433-9F31-CD2BFA0A3B11
E6BD98D0-DB01-4FF6-8931-3FF875CC1574,11,32:50.8,32:50.8,A846534,A846534,0,C72AAB02-C418-4ABA-81E8-0DD398B8125F
1AB675DF-242E-46C7-B433-402A96B2C70B,0,52:33.9,52:33.9,AETH\A393668,AETH\A393668,0,3B502289-9760-429B-BA92-351B4A40DEAF
B91FE269-6B32-4703-8E1A-402BDE6215C3,0,03:43.0,03:43.0,A846534,A846534,0,37B2E075-5387-4607-AA8A-6BE325BC7567
419C7A2B-D83C-444E-8C49-403B29A9FC16,0,03:43.0,03:43.0,A846534,A846534,0,07758C74-D2F2-47F4-936B-52D4484532EF
AF51381A-0569-4549-BC11-40404E5DD770,0,03:43.0,03:43.0,A846534,A846534,0,75D1D397-9746-48C9-AA34-F07393FCF146
F4628B8D-CD19-47F2-A2D7-404076BC3C4B,25,56:58.0,56:58.0,AETH\A393668,AETH\A393668,0,5DDAE3CB-C170-46F6-B7F1-990E401442EC
DC1C8017-AC6A-4876-A2EF-404245EF73C0,19,52:33.9,52:33.9,AETH\A393668,AETH\A393668,0,5E01FD1E-C29A-473C-8513-1488045EBDBB
742A2888-26EB-477F-B86B-405AB714ED31,0,52:33.9,52:33.9,AETH\A393668,AETH\A393668,0,1C7B56AF-0859-4C07-8040-C3F5B801B6F7
884FED7E-D212-4081-BFCC-4066DE165A03,73.5,54:25.7,54:25.7,A846534,A846534,0,3A670CCB-5396-4EFF-A231-7693FCC0D545
A7F42E0F-B461-48C7-9E51-4067AF871EB4,0,54:25.7,54:25.7,A846534,A846534,0,CC2B1341-3E60-49F4-AA34-E9449B83EB4D
185E6556-515C-43DB-BE97-4075E045A5BC,0,32:50.8,32:50.8,A846534,A846534,0,B1155964-1F2F-4EAE-B09C-DAA50704E5DC
13E32F2B-2E15-4D7E-A02E-407BB83BF9F8,0,12:31.9,12:31.9,A846534,A846534,0,00CF743D-064F-4C44-9A52-31CEC70C8E2A
0484F0F1-D9E7-420E-8239-40898336444A,0,56:58.0,56:58.0,AETH\A393668,AETH\A393668,0,5194AA81-C056-4703-9895-40E2D1853DD7
C26BC6E7-8798-4AF5-8F81-409647F32014,0,32:50.8,32:50.8,A846534,A846534,0,E72FC79C-A775-4E4D-8D34-4DED91FE4756
B3E0B1C2-803B-4BC5-BB01-40A71535326C,20,56:58.0,56:58.0,AETH\A393668,AETH\A393668,0,921A1FAA-AFBD-4EE2-884E-DBCAC6122211
2D5DE322-227B-435D-B996-40BE2BBC447C,0,32:50.8,32:50.8,A846534,A846534,0,7311F72B-2CFC-47EB-BC56-97D4CD1D27CA
D96C279E-226C-406A-B244-40CAD16A0B69,0,54:25.7,54:25.7,A846534,A846534,0,489E0E8C-0921-465F-B404-FF277C35757D
2D8B012F-DCC9-4832-91D6-40D07A63EFCB,104.1,03:43.0,03:43.0,A846534,A846534,0,3C21617D-97EA-4601-AAD0-255B1F03A5EB
18507DAB-6B28-411C-A09E-40E6FD6A1863,0,03:43.0,03:43.0,A846534,A846534,0,998518C2-99D6-435F-88CD-66468E6E516C
727E8AF4-E880-44C4-8C83-40EA3D7DEE85,0,03:43.0,03:43.0,A846534,A846534,0,904A0D55-36A3-4FA2-8F17-C8B9D397F7A0
5CEB445B-E5ED-4E1E-8820-40F53A94C11A,0,12:31.9,12:31.9,A846534,A846534,0,9E68BFDF-CA64-495F-A053-24AE49B25F78
C3E04DD6-C18E-4FB6-BBC4-4102C0D295B2,36,12:31.9,12:31.9,A846534,A846534,0,E09D28DE-8443-44F8-939F-75D7F6B15908
8EF00937-7B2A-4FA7-BA73-4106B08C6A17,0,03:43.0,03:43.0,A846534,A846534,0,3EC80111-75E6-4A65-9C38-5A0BECA517E9
F0E9D2AF-CDCB-474F-BC48-4107C3ACE981,0,56:58.0,56:58.0,AETH\A393668,AETH\A393668,0,94DD18A7-A082-45CD-A2E9-14353379D8D7
EF6D80F3-6945-44A8-8D7A-4108EDE56C6B,0,03:43.0,03:43.0,A846534,A846534,0,3957B485-F616-48E5-A402-789CE550C4A3
6742DC66-B409-4802-9B8E-410A5D33549F,0,12:31.9,12:31.9,A846534,A846534,0,2181AD20-BE15-4010-8EEB-1C42698CB5CF
D47EE1A1-80A7-413C-B091-41330D405782,0,56:58.0,56:58.0,AETH\A393668,AETH\A393668,0,E0B50D2E-8165-425A-B887-FAA3837BCDDE
21BCA121-44B2-486A-A7F8-413406E114E3,0,52:33.9,52:33.9,AETH\A393668,AETH\A393668,0,CFA1DC8C-02DD-4A49-A717-6701C690A5E9
0219EA7B-AA9D-4245-A658-41432F41B3CB,0,32:50.8,32:50.8,A846534,A846534,0,A1A476A0-A7D9-463B-B0D6-531E990C9524
6ECBAC02-B90E-4875-A3F1-4147CFEE5654,0,03:43.0,03:43.0,A846534,A846534,0,414BFC8B-77B6-412B-8129-4E314B1931FA
4A21B51A-B432-46D1-BDE7-4158C8E12F04,170,03:43.0,03:43.0,A846534,A846534,0,5ECF8C11-2A43-4835-B945-4CBD48F0EC71
E05FC15B-AC7A-4C89-85DE-4159DA6EE032,0,12:31.9,12:31.9,A846534,A846534,0,F5157296-1D28-4DD6-B9A0-C64B3CB0DF60
245926E6-9C47-4387-B3F7-415AA5C2BB92,0,54:25.7,54:25.7,A846534,A846534,0,C13F50F1-1AB6-4D64-A7EB-CD7640165041
E655B539-BB42-48B9-83F1-4166554F8E97,0,52:33.9,52:33.9,AETH\A393668,AETH\A393668,0,3C2CA201-153C-43B1-B1CE-5518D0E829F3
02CE1939-24F5-4BC8-8CB9-44214BDC0585,0,15:20.9,15:20.9,AETH\N270372,AETH\N270372,NULL,20CF10EF-250E-4253-B0BC-29D4C7ADBC9F
79E84041-F506-49C4-AB77-4426DF5B5BC0,23,52:33.9,52:33.9,AETH\A393668,AETH\A393668,0,A857A471-78D0-4CF7-8F68-8249C9773A2C
D8D119AB-22A9-4D76-A8DC-444A3F8D27AB,0,15:20.9,15:20.9,AETH\N270372,AETH\N270372,NULL,D9204370-8CD4-4663-A5A6-78E329BBEED0
109FA2D4-E680-465C-B2C5-444A966855CB,97,52:33.9,52:33.9,AETH\A393668,AETH\A393668,0,CC41B8A7-7306-4FF7-8A13-EBE6769E88FB
3B161595-24CB-4BFD-8C91-4455F0E32E1B,135,56:58.0,56:58.0,AETH\A393668,AETH\A393668,0,11E9D339-57CB-4564-8F5B-7D7C2BD52A80
A593CD32-ED8D-42C3-B386-44636C9D8491,0,52:33.9,52:33.9,AETH\A393668,AETH\A393668,0,5D02E069-E391-4BEC-9194-C7868DC21DAF
808BF0EA-65A0-4B21-A2AA-446C4E4E3087,0,54:25.7,54:25.7,A846534,A846534,0,58568948-842A-4A5D-88E6-B29D77749F8A
9336934D-4A1A-4DB2-A1D6-44725A4FCC94,41,32:50.8,32:50.8,A846534,A846534,0,3C12B0B4-BFA8-48B3-863A-B41F1E4A8365
B7CFD088-1AFE-4E03-8851-447E7A4B9391,187,52:33.9,52:33.9,AETH\A393668,AETH\A393668,0,EF07D67C-837A-4B72-B6D4-47684097CFC2
9678684B-02F3-42E0-A972-4482BBC0CDDE,32,15:20.9,15:20.9,AETH\N270372,AETH\N270372,NULL,D6D56455-8FF5-4ECC-966D-D01A9C90F3A8
7D95B389-05AC-40EA-8905-448364BF3BD8,49,32:50.8,32:50.8,A846534,A846534,0,A2869801-59CE-441B-B780-6D58E31A0B90
DE9348FF-4128-4833-9FE9-4483A37BD822,0,32:50.8,32:50.8,A846534,A846534,0,2E5CD41D-DC07-4026-8B5F-242B8B1C3CE6
9DCE73C0-4CAF-4478-A1A3-44889CDAEE37,0,54:25.7,54:25.7,A846534,A846534,0,20CF6ED4-92AA-46B8-BE61-42500F72ABBA
75F90173-3F35-4F6D-B2BA-449586745EBF,35,12:31.9,12:31.9,A846534,A846534,0,9CB83C8F-0BF2-43AF-8515-C284C932CCB3
4C8D4675-2A64-4E51-8F7B-44B0FDB10EF5,0,12:31.9,12:31.9,A846534,A846534,0,11B91550-EA3C-4247-BF3A-F74C1C24002F
ABEB1002-BB7E-4DCB-A008-44B81AA53454,0,32:50.8,32:50.8,A846534,A846534,0,AFD4C722-1989-4384-9BC2-74BE49A5C9D9
A1A73338-D917-44AD-8F3D-44C30E4FA0DE,0,15:20.9,15:20.9,AETH\N270372,AETH\N270372,NULL,6FC4F02F-6872-49F7-8FF5-A7902F15361C
2DFAD46A-B14F-4CAB-814E-44CAF1E1C796,49,15:20.9,15:20.9,AETH\N270372,AETH\N270372,NULL,5EC55DB5-56F5-4804-A79C-724A721205EE
BBF62D2E-1E5F-44C6-844E-44D1FDAA3C57,25,03:43.0,03:43.0,A846534,A846534,0,4F53CE9A-EC07-4D70-A11B-8C4A4C11E1D6
CECE675E-066B-4C99-940D-44EB6BD4CE30,97.4,12:31.9,12:31.9,A846534,A846534,0,42138995-A34B-4F0C-8E3A-A24627980AD5
C45DDB2B-45FE-4EFA-8EF1-44FF8EE4E577,0,12:31.9,12:31.9,A846534,A846534,0,FB5CA48B-3C75-4D90-A297-5F0371D6F146
54D4A172-C62F-4941-98A4-45032100B9E7,36,32:50.8,32:50.8,A846534,A846534,0,64BDD7E3-042B-4698-9E81-3707927E6EB2
4B1E57F9-2679-4B3A-B2F3-4519520BBD7C,20,32:50.8,32:50.8,A846534,A846534,0,5C86B137-49F6-464D-B9D1-E0EB162CD9E6
22E8901C-3AD9-41C2-B495-4520F7D579AF,19.8,03:43.0,03:43.0,A846534,A846534,0,A7DEA57A-6D7B-4665-904A-E14DC048418D
713796B5-AC02-439F-9CA8-4528E1956782,20.1,03:43.0,03:43.0,A846534,A846534,0,8137FD97-A732-43AE-BAC6-CB728F01A6A6
51B89905-321A-4F6A-B1D5-452DE23E19E1,40,12:31.9,12:31.9,A846534,A846534,0,030D9D1C-5502-4380-8101-09B1644CF0A9
47186B34-9245-4CE7-B5BB-452FA67AEF59,0,54:25.7,54:25.7,A846534,A846534,0,80D6A4BA-6CD9-45F6-9D7A-5EDECBE6995E
843820FF-1ED7-4297-907E-4548D9F982FF,30.7,52:33.9,52:33.9,AETH\A393668,AETH\A393668,0,D944A39A-AF5C-4F2D-8FB8-C8AE76F22AC9
62F2220F-CF48-4388-B4AF-454AB9A1F264,0,52:33.9,52:33.9,AETH\A393668,AETH\A393668,0,0427E8AE-6D52-4CC5-B968-67917DF2E35D
641A9623-5417-4DE5-A6E5-45652273E635,0,54:25.7,54:25.7,A846534,A846534,0,2F763307-93CB-4163-84D1-39DCCE52F2E0
B104A994-A6DB-42A5-8F9C-456EB5F405D2,0,15:20.9,15:20.9,AETH\N270372,AETH\N270372,NULL,8340F9B1-EF61-416C-87CA-C729E8810746
06A899A4-5332-4708-B18E-4570AAF63C67,0,12:31.9,12:31.9,A846534,A846534,0,32B7ECB0-5D5A-4598-B7EE-B7A386922CB2
2C449F55-1FA3-40C5-8D89-45736EC9EB40,0,54:25.7,54:25.7,A846534,A846534,0,8FF1818C-2462-47A5-A391-B421FEA20A6B
B4C76F22-7303-480C-A96A-4577AEA9BA81,0,52:33.9,52:33.9,AETH\A393668,AETH\A393668,0,138C2909-7CF4-442A-9838-BE0E7172B8D7
0CDE8E59-C39D-4AA4-BCA9-4579ED573CD5,0,56:58.0,56:58.0,AETH\A393668,AETH\A393668,0,F7FE1388-2A6B-4478-8B3D-7D41EF072496
8DDE5537-3D8D-49EF-BB5B-459DC7E5B6CF,142,32:50.8,32:50.8,A846534,A846534,0,168EFF5A-20C7-4FE2-9245-78A5D737A051
DF39B50E-F702-4EE1-9AF4-45A3800A8A97,0,32:50.8,32:50.8,A846534,A846534,0,D4384134-1DF2-4A9A-929F-4CCA6BE2CC75
AA4DED21-BFDD-4286-801A-45A5E01D97C4,0,52:33.9,52:33.9,AETH\A393668,AETH\A393668,0,EBC4C876-8C79-483F-9344-AF197AA6D006
02EE8EDD-91BF-43C4-8078-45C636E10680,27,03:43.0,03:43.0,A846534,A846534,0,F979870E-3A2D-4FB3-9961-C87638EFA777
DFAD829E-E895-4715-97E8-45CBA7E9D4AC,0,32:50.8,32:50.8,A846534,A846534,0,03AC2A1A-99E0-4FC1-93BA-289CC191F556
D737023F-F226-4877-9A13-46079DDBADB2,40,15:20.9,15:20.9,AETH\N270372,AETH\N270372,NULL,F7694325-AC33-485F-9504-0CCCB95D72F7
BEC16155-554D-4D59-A65A-461B1148E348,0,54:25.7,54:25.7,A846534,A846534,0,9D16F289-4979-40F9-95D1-CB6255FC148D
5EEAC857-6318-4B9B-871D-461EA4DD43FB,0,56:58.0,56:58.0,AETH\A393668,AETH\A393668,0,A01C5C21-B827-4617-AC09-FDE00FE832C7
117E60DE-E5F6-40BC-B5CD-462BF4847743,0,32:50.8,32:50.8,A846534,A846534,0,BCF0B8B8-AAD5-467C-9A1C-73E0FFB802E6
CB0EE195-2772-459F-BBB4-46325BE351DA,0,03:43.0,03:43.0,A846534,A846534,0,B234A829-5333-41CC-92B8-62813ED5D7CD
6AF96594-949A-4C86-B9E1-463CB6168EF2,20,15:20.9,15:20.9,AETH\N270372,AETH\N270372,NULL,3C16EC36-EA19-4B0E-A3C9-6E7D6FA60398
EF8C5815-8C9B-4BD6-9047-463F1B277B9C,0,54:25.7,54:25.7,A846534,A846534,0,C582BDFE-D6A4-45DA-B298-87EC7ED193C2
4EC51127-92B1-412E-B1C4-46598CCD3CB2,0,15:20.9,15:20.9,AETH\N270372,AETH\N270372,NULL,E715BFBA-3F2B-4B71-B910-04B2AB86339F
65565638-6249-421F-BE09-4668BE08C84F,38.3,32:50.8,32:50.8,A846534,A846534,0,B50E0672-9E86-4858-95DE-240B132D704C
883B0D46-93E7-4CFF-8D5C-4671E7686D43,0,56:58.0,56:58.0,AETH\A393668,AETH\A393668,0,30C8EA3A-2953-4904-95E2-C9F67C3D6447
A94D366D-0A09-4B8C-9728-468B81B51193,58.7,15:20.9,15:20.9,AETH\N270372,AETH\N270372,NULL,EAEDD2EA-6C9F-4AF4-B726-202CD2BF3C26
9B57D9B6-EC43-4EED-B323-468BBAA4B3EC,0,15:20.9,15:20.9,AETH\N270372,AETH\N270372,NULL,DBEF5DCB-7C0D-456C-B1D1-1142F346786E
B071F7F8-9EFD-4AB4-A9A3-469354EB6F00,7.3,52:33.9,52:33.9,AETH\A393668,AETH\A393668,0,D1461E84-49C3-4A6E-B184-40779EBA2F65
8484F950-6E80-4C27-8606-46A4F685E235,0,03:43.0,03:43.0,A846534,A846534,0,6C1F7FC0-803F-4801-9C2B-043012F9B41D
4659FCFD-31D6-44C7-93BB-46B014763B69,0,56:58.0,56:58.0,AETH\A393668,AETH\A393668,0,61EA81CA-DA5E-4C39-8CC0-B177307ECF2C
BFAD1DF7-7A78-4CC1-B839-46B802BCA842,0,52:33.9,52:33.9,AETH\A393668,AETH\A393668,0,585FE7EC-A225-4D12-8911-30B09424021F
4F7D6A42-EC72-43AB-B242-46BF6E748A21,0,32:50.8,32:50.8,A846534,A846534,0,8D5FFFED-8855-4928-A0AC-25419569A9EA
BBBEC7A3-FE71-4A4B-A018-46C3BF497F23,29,56:58.0,56:58.0,AETH\A393668,AETH\A393668,0,936969FA-436F-462F-831D-26BB619166A8
A0102138-336E-4D61-88F9-46D5C95DF998,79,32:50.8,32:50.8,A846534,A846534,0,21ABC385-AA23-4D96-8740-0037083BAE53
06C08116-1CD2-4D64-8420-46F265CBDB59,0,03:43.0,03:43.0,A846534,A846534,0,3952F368-150E-4FCB-8043-31E0B2254833
0914CE90-BB2D-4344-AC36-46F5610E18AA,19,56:58.0,56:58.0,AETH\A393668,AETH\A393668,0,7F1675B3-49B5-465C-885B-CEAEC2274832
CC6FDB37-D001-46DE-9B51-46FBE2631FB4,0,32:50.8,32:50.8,A846534,A846534,0,9A3EAAEA-1436-434F-8AB4-DDA119E1FA0E
181B5C5B-ED69-49F6-A959-46FC23023B9C,66.8,15:20.9,15:20.9,AETH\N270372,AETH\N270372,NULL,DE9F5C43-C2C9-4880-932E-A1141A91C33E
874DD59F-F71A-496F-8C12-470602F6607F,23,52:33.9,52:33.9,AETH\A393668,AETH\A393668,0,B8D34A6A-126C-41B6-9B37-8B64D166EEE6
5D1F612D-A389-42E0-8F6D-47237B62BB1B,0,52:33.9,52:33.9,AETH\A393668,AETH\A393668,0,85319EDB-D36F-4CA6-9C29-FDC1D6FD12C6
811A10E8-3709-4BD9-9343-47267FBD25EC,0,12:31.9,12:31.9,A846534,A846534,0,6ADD2F9C-9526-48B5-8860-59424D6A7340
49D0D691-8D1B-49D5-8203-472AFCE0ABBE,0,32:50.8,32:50.8,A846534,A846534,0,5C602AE2-867E-4E6A-A1EC-DBC28E72AC54
EECA7061-8051-4AD2-B227-474302CA88E4,187,52:33.9,52:33.9,AETH\A393668,AETH\A393668,0,FE642FA7-7694-45BC-8966-D9DC7214293D
95F189D9-FDCD-4B08-B81A-474671CAD919,0,12:31.9,12:31.9,A846534,A846534,0,1A570107-105B-4395-BAB5-F67F8AFE1E97
D9C4699A-83EE-4BC6-9207-476ED0240A85,6.9,15:20.9,15:20.9,AETH\N270372,AETH\N270372,NULL,4175297F-A7B9-47B3-AFC8-100C858C8811
8EF4F131-1FA5-4DFE-8445-4776793F0859,0,15:20.9,15:20.9,AETH\N270372,AETH\N270372,NULL,B15AF0CE-5212-4CE9-9090-F1047B777A63
D3E260E2-A172-4A8F-98F6-477E86D84D51,0,56:58.0,56:58.0,AETH\A393668,AETH\A393668,0,040BB03E-0AD9-46BD-8A6E-8498761D7031
5E916936-21DC-435A-937B-4780A71141BF,97,12:31.9,12:31.9,A846534,A846534,0,F6D21A30-FA02-4FD1-8E68-85918BEA9A86
B1D86CAD-3A9B-441C-8BA7-479090365593,0,12:31.9,12:31.9,A846534,A846534,0,0E1B2B90-FFE7-4FE2-912B-51EA873172A8
0FDF096C-B0F1-4ED6-9B68-4BDEE6F64049,0,03:43.0,03:43.0,A846534,A846534,0,E98331DD-F54C-484C-B17B-7C649B5D0169
A4215F9B-270D-46C5-AA42-4BE2259DE511,0,12:31.9,12:31.9,A846534,A846534,0,73E6D798-1E97-4E50-91EF-863B5E81AB27
3B6E1D32-38CE-4556-A0AC-4BE9D5982504,45.4,32:50.8,32:50.8,A846534,A846534,0,5E8EC070-525A-4B1B-84B5-32D81E7B79C6
67D64B9E-8D71-41A5-972F-4C1DB1207BDB,0,54:25.7,54:25.7,A846534,A846534,0,0429E4DD-FE78-44D9-8A06-490ABEDD7B64
9EBAFEE8-FC3C-4EBD-98E6-4C1EF8A80660,50.7,32:50.8,32:50.8,A846534,A846534,0,21CDEAAC-3C75-4F4C-8F37-3B6841A6C7BE
0AF19D62-EFD5-4263-BDD3-4C2014CCCCB8,32,32:50.8,32:50.8,A846534,A846534,0,FEE64D15-4EDD-428B-8274-7A83529CF7E8
6ECFFDCA-5763-4BA3-99E9-4C21DAA8EED6,0,15:20.9,15:20.9,AETH\N270372,AETH\N270372,NULL,18DCDD2B-1868-4993-88F8-C5C03DB7EB0E
375B2A07-3F06-4464-B71B-4C35206F6CF6,0,03:43.0,03:43.0,A846534,A846534,0,96EF6782-B9FF-4E96-A1F5-45D41DCF19A2
8963CDA0-A6AB-4584-A163-4C414A546B93,25,15:20.9,15:20.9,AETH\N270372,AETH\N270372,NULL,090FDDB6-A438-4C80-97F5-3266F6490B30
623FE80A-A379-44D3-B0ED-4C4245D00400,0,12:31.9,12:31.9,A846534,A846534,0,9B02131C-B7AD-460D-8710-52DF00AF45C4
51FF2F81-A420-4885-B904-4C4EC67B300E,0,32:50.8,32:50.8,A846534,A846534,0,669793F5-0751-4E98-AE1F-38046E7F3DD3
B1CA5C4B-F65B-4CB5-846B-4C6622D6D7C2,0,56:58.0,56:58.0,AETH\A393668,AETH\A393668,0,26A019C0-E559-46CF-96A7-2ED4A5FBF939
F52725D5-995C-4D6F-B27C-4C688F20080A,135.9,12:31.9,12:31.9,A846534,A846534,0,1A453A7A-2E27-4F75-BB34-0E5EC5F8E5C3
1F8FDDDD-BB21-4D12-8DE7-4C68C1A87484,4.8,52:33.9,52:33.9,AETH\A393668,AETH\A393668,0,81321118-B01B-4BF9-930A-28C99C0CC7C0
58C59925-A8A6-4D99-B6D9-4C6936DDE973,0,52:33.9,52:33.9,AETH\A393668,AETH\A393668,0,FD89D75F-53A2-43CF-844D-D023ECA63196
966F117A-CC3F-4FF0-BC39-4C6FF10C05D5,29,15:20.9,15:20.9,AETH\N270372,AETH\N270372,NULL,A8FC60B8-1B28-42C8-8A37-89C14D47657E
BBEF2C59-3E61-423F-BFF9-4C72CA385BE6,0,12:31.9,12:31.9,A846534,A846534,0,2DB018F9-1DC4-432F-BA84-725F77B19AC3
C9A0F92A-50AF-45C1-BFDA-4C85F74BB63A,0,54:25.7,54:25.7,A846534,A846534,0,1934C63C-F28A-41FC-844A-BC152AC30E9A
02ED54A3-287B-4174-9D8A-4C88671E7C62,94,52:33.9,52:33.9,AETH\A393668,AETH\A393668,0,A2C31C4C-5638-41B9-B081-65B7E2010A11
8A7841E2-CFB9-4D4C-8441-4C889798B1A1,62,56:58.0,56:58.0,AETH\A393668,AETH\A393668,0,3CC177CE-9D6C-402D-8A42-7E8C49D8D55E
CE6BDBFF-73FE-4823-ADDE-4CA363245DB5,0,03:43.0,03:43.0,A846534,A846534,0,85008259-148A-4DE7-A077-208DAECC0DB0
EA1A0675-5D4C-406B-87B5-4CB7B709E5F7,0,32:50.8,32:50.8,A846534,A846534,0,10F7FD0A-49E2-4225-BE65-003093307801
B275E47D-C8CB-4436-8628-4CC0E27D135B,40.2,32:50.8,32:50.8,A846534,A846534,0,7672EC0D-7F3D-4407-8416-3DE65A90E269
7E4122AF-36F4-45D6-93EE-4CDD63AA9499,0,03:43.0,03:43.0,A846534,A846534,0,82D5322B-74A7-4268-B34E-26A04437A991
C8BE0CED-44CE-4861-9689-4D0B0A44412C,0,12:31.9,12:31.9,A846534,A846534,0,1989B7B2-B8E6-4870-83F6-B1EA2CD31FDE
8D1350F8-67E0-47BA-B671-4D15335BBAA5,0,54:25.7,54:25.7,A846534,A846534,0,DCEC0D81-FB8E-4CB8-B1CE-6AF85B08C736
4C180EDA-E29D-47EE-AB78-4D210F96DF1D,0,54:25.7,54:25.7,A846534,A846534,0,677F357E-3183-429D-B3FF-50B54E772D9F
85771303-25B4-44AD-85E7-4D2A5CEA6235,0,15:21.0,15:21.0,AETH\N270372,AETH\N270372,NULL,412EB2A7-7054-49FD-866E-400E2C2D0A9E
16F57CA4-8D98-489E-AAF5-4D304972D6F3,0,12:31.9,12:31.9,A846534,A846534,0,56AA2E0A-8B3E-4453-A3CF-DE4F8053C3AF
7C434C38-52F1-45E5-802E-4D3835B6D74B,0,52:33.9,52:33.9,AETH\A393668,AETH\A393668,0,8AA1F193-BD00-4A74-8F6B-540DF00BD75E
546844D2-6B66-43FA-85A9-4D3A4E61CEB0,0,12:31.9,12:31.9,A846534,A846534,0,23667363-FBFD-4D27-B302-2819B69F4566
FC38AEE5-209F-4192-93DE-4D69FAF22434,0,32:50.8,32:50.8,A846534,A846534,0,447EA987-06D3-4FDB-B4CA-A065AD9A7B78
B42D4A64-2E41-4E5B-887D-4D757BEC47F6,75.2,56:58.0,56:58.0,AETH\A393668,AETH\A393668,0,58447DFE-AAB3-479C-9086-40E5BDFE11CB
82081F5D-73BF-4FCF-9351-4D7914E9BF96,0,32:50.8,32:50.8,A846534,A846534,0,6BC4DC60-2E31-4072-BFC3-E8183415EC52
E88A520F-169D-4E4F-A25B-4D912F4E8AB1,26.2,54:25.7,54:25.7,A846534,A846534,0,62CAA94E-952A-4A72-A558-E802FC196AA9
B8234A3A-D957-47FE-AD66-4D95C479B3B3,0,12:31.9,12:31.9,A846534,A846534,0,F3C4F773-AE24-4B5B-923B-237597E553DD
3F7BAEF3-4FF8-49C8-90DE-4DBBA80D88B5,0,52:33.9,52:33.9,AETH\A393668,AETH\A393668,0,EA9673C2-2819-4765-8C0E-B1D0352A4187
80C2C3C8-16BF-4D4E-8DDB-4DD626D6AC0B,0,03:43.0,03:43.0,A846534,A846534,0,82D17BE1-339A-4F85-9228-5C32236E6A78
622D7AAF-A9B2-4D14-9F67-4DECB3C2E288,0,32:50.8,32:50.8,A846534,A846534,0,3E6AD3CA-0C53-45B2-9575-6B915503CC37
29525540-8404-4B91-BA1A-4DF0558DD93C,0,32:50.8,32:50.8,A846534,A846534,0,2EE69282-45D3-4613-A2BE-0CA1055557FE
08587B6C-786A-4EDA-B544-4DF7C6453FA3,0,54:25.7,54:25.7,A846534,A846534,0,0B576824-A890-4AAB-946D-B1A0F8BB9FF0
0D436854-12F2-40C9-A0F1-4E10E5A44748,40.7,52:33.9,52:33.9,AETH\A393668,AETH\A393668,0,1977FB92-B3A0-4F28-BB72-6FA4603874EA
B9302756-90E3-4165-B517-4E206789106D,39.5,52:33.9,52:33.9,AETH\A393668,AETH\A393668,0,41841414-4C08-4AEF-B7E6-F9A86C19EF7E
BACE1E7D-B95E-499E-A404-4E2799C74300,32,56:58.0,56:58.0,AETH\A393668,AETH\A393668,0,314C4DBC-1D06-4CB7-BC78-78DA4F127CBA
DB4F4C2A-4B81-485E-9EE8-4E2A92696EAE,24,32:50.8,32:50.8,A846534,A846534,0,5F1B52C7-D885-4A4D-AE42-624890AE923E
4F829AA0-D157-4045-BD58-4E3C7E0FDFD5,42,32:50.8,32:50.8,A846534,A846534,0,4F07B3F8-35AC-490B-990C-FCC17D24F62E
0DA5AF0D-ADC7-4197-8D75-4E3E20F3BE70,36,03:43.0,03:43.0,A846534,A846534,0,DBF3641E-156B-414D-8DF1-470830D46E49
A36AEFDC-F603-4AD4-B328-4E403D097F53,49,56:58.0,56:58.0,AETH\A393668,AETH\A393668,0,67B811BC-2F7F-4464-A59C-53EF263FCF31
A616CCD7-8173-4FFC-BF1E-4E435A6E2118,0,03:43.0,03:43.0,A846534,A846534,0,89BD1ED1-049B-4B69-B39E-A0AC2BFA5DB5
F5458694-2934-4CAD-807A-4E4E74DBA200,35.8,54:25.7,54:25.7,A846534,A846534,0,F44E3F21-CA82-4D17-8D39-40F94F06B8E0
D99CC2CE-02D7-439E-ABB1-4E4F4B6ED588,0,15:21.0,15:21.0,AETH\N270372,AETH\N270372,NULL,7EC7C050-7D81-452D-A7ED-7E6BECD8AE74
36F68FA9-7FED-456C-825B-4E5A6D906548,0,32:50.8,32:50.8,A846534,A846534,0,97C8AFCB-7020-4395-8B23-00C43CA6E6B7
B5FF4151-8A1F-4969-9E4A-4E69557E9FF4,0,03:43.0,03:43.0,A846534,A846534,0,4D559475-CB2D-4085-BBFC-239E2CD899B7
D51BDC47-E067-40F8-AFCC-4E6AE66A1C1F,0,56:58.0,56:58.0,AETH\A393668,AETH\A393668,0,1FFFE7B3-3639-4C69-BDBC-F722AF890181
91465619-ACE8-44D8-AB74-4E700797C457,0,56:58.0,56:58.0,AETH\A393668,AETH\A393668,0,8D05581A-BCEB-4DE9-900E-4078B1DE5C98
46FC951B-F4FA-4C73-BF43-4E8FE0548924,0,03:43.0,03:43.0,A846534,A846534,0,EB1DF4A3-F84E-48BB-AA4A-C80AFAB36BA0
A29B4642-08F7-473E-870C-4E913EE41EAF,0,03:43.0,03:43.0,A846534,A846534,0,6D4EAF10-994E-4D5D-8658-31CFE36B1A4D
D75D6FC9-047F-4AD3-BF59-4EA6FA01BE55,36,03:43.0,03:43.0,A846534,A846534,0,C6884F19-FF76-418C-8CC5-A6643349BF3E
51339878-B3FD-4CB8-831C-4EAAF2955D25,49,56:58.0,56:58.0,AETH\A393668,AETH\A393668,0,237FAA71-BF3B-46E0-8E52-2EC4CB439A87
37A6EFE6-50A9-4176-B635-4EB251AC475F,108.3,12:31.9,12:31.9,A846534,A846534,0,0DB82892-F7A2-4C0A-9CDD-8810A4E37046
2023E5BC-5762-4406-A249-4ECC013D033D,0,54:25.7,54:25.7,A846534,A846534,0,8933354B-3BF8-406E-A622-BB5FED0AC173
44E22958-6D34-4C21-8E41-4EDF7BDADFAD,0,52:33.9,52:33.9,AETH\A393668,AETH\A393668,0,15E8AC39-B2B4-43ED-BB5C-BE4892A0D897
10EAA819-360F-4AE6-BA36-4EE203C0A054,0,52:33.9,52:33.9,AETH\A393668,AETH\A393668,0,721BC015-8CFF-4EB6-A749-F525A0FE08F9
D616C577-3162-4E42-B962-4EFD031BA64F,12,32:50.8,32:50.8,A846534,A846534,0,43DF7E58-3B4B-4D60-BC26-D580E282737E
18A839D6-49F2-42D9-9127-4F009A831A19,0,15:21.0,15:21.0,AETH\N270372,AETH\N270372,NULL,01EA8D88-FB42-4763-BA1E-A1DFA2CE6E85
F70B6749-F88A-4E91-8C7D-4F089A0D006A,99,15:21.0,15:21.0,AETH\N270372,AETH\N270372,NULL,5E67D0F5-F5BA-4706-BEBB-FB6312B17061
6819371E-D915-48B8-9D6F-4F0E9D21F1CF,0,56:58.0,56:58.0,AETH\A393668,AETH\A393668,0,8DBB070D-F67E-48C2-A3C7-238BB81C0803
B31CD654-3BDE-4B7B-A00A-4F19BB042D7B,90,56:58.0,56:58.0,AETH\A393668,AETH\A393668,0,25EE3F0A-0E7C-4D3B-BCEB-A1F59A4E5BF7
96FAF35F-8997-44EB-9873-4F1E8D852E88,0,15:21.0,15:21.0,AETH\N270372,AETH\N270372,NULL,A5AAEE13-F72B-47AD-9B91-4A176514F586
E7B17D0C-65EB-4A45-AB6B-4F24E0DDC952,0,54:25.7,54:25.7,A846534,A846534,0,8D03ECCA-EF36-4A25-868F-E21AFF234460
E7DEA82C-1F84-4FEB-BB76-4F4E4B87F0C7,7.2,15:21.0,15:21.0,AETH\N270372,AETH\N270372,NULL,2CC1321B-06F4-4FC4-807D-3D5A41FECE9B
A78313D1-C2E6-44A7-90E4-4F4EE6FA0B8A,0.2,32:50.8,32:50.8,A846534,A846534,0,1B28CD8B-B56E-4B13-9B1A-B8A3E5F20273
EE17FE29-05D3-48B1-94F8-4F531F1CC7BE,0,12:31.9,12:31.9,A846534,A846534,0,E3CB0890-1390-4F27-9AC2-27037C22BAA3
AAD51458-EEF1-4DA6-9048-4F565211AE17,0,12:31.9,12:31.9,A846534,A846534,0,5126E05E-FE50-4489-A206-0C08FD79C66F
6704EC5A-2CE6-4C46-BFD2-4F69D034795A,45,12:31.9,12:31.9,A846534,A846534,0,2E4122EB-230B-423B-99F8-EDD493512A11
2B762E58-2BC8-4270-8B9A-4F6C0926F8A2,174.5,12:31.9,12:31.9,A846534,A846534,0,BEA62A25-5435-4C34-815F-D618C44A47AA
BEBF2884-1DAD-4CDE-A318-4F76AC1C6AF2,0,54:25.7,54:25.7,A846534,A846534,0,B8D9120B-D57D-4C17-B2B5-C920994AE16C
267556D1-064F-49D4-BF2A-4F7C47592E59,10.9,52:33.9,52:33.9,AETH\A393668,AETH\A393668,0,2F3034CE-386E-481E-BC59-0EA77AD2A7DB
2445B9BD-EDD9-42AA-900A-4F7FBBCD5FA3,0,52:33.9,52:33.9,AETH\A393668,AETH\A393668,0,4300CC81-3E7C-4D9D-AE6E-BEACEDA73115
9E0C809F-2FAE-4C4D-9645-4F84CE2FD5E5,0,52:33.9,52:33.9,AETH\A393668,AETH\A393668,0,7AFC356B-61F8-445C-BD64-12820B12176E
759DC411-4823-46E6-972A-4F912ABF09C6,0,32:50.8,32:50.8,A846534,A846534,0,7D14B607-CAC5-4B8D-8B2F-E7BDA2EF3FE6
922BD230-9FFA-463C-8BDC-52B810BD406E,12,03:43.0,03:43.0,A846534,A846534,0,60CE56A0-2177-4596-9F80-F445AE9AFB51
F3F19B56-59C1-4471-B396-52CD2FABB755,0,52:33.9,52:33.9,AETH\A393668,AETH\A393668,0,AEA7B213-FD01-4D6D-96BA-C682B631F3CE
958DD165-4F03-4956-8D04-52D12E21F310,28,52:33.9,52:33.9,AETH\A393668,AETH\A393668,0,F8471C44-661E-47BE-9B96-44FE7A7098DC
BE1EEF61-8187-4EA3-9144-52D7FA85ACE7,0,12:31.9,12:31.9,A846534,A846534,0,19102DCF-E130-4275-96F5-90F263DDFFB0
5F67FD92-F356-43E6-BA5A-52DAB978B5F5,28.6,54:25.7,54:25.7,A846534,A846534,0,12F06630-B843-415D-9194-9572714BA6C8
FBC4FDA6-CD38-4C98-8B7D-52EB847D9F21,0,15:21.0,15:21.0,AETH\N270372,AETH\N270372,NULL,E2DF2F70-5F8A-4303-9138-2DD8FE3D9A50
2081BA76-BB7F-43F8-A21A-530B523E180D,0,12:31.9,12:31.9,A846534,A846534,0,365DD927-E52F-45D3-AFCD-13BA179F6AA8
4828C7E1-45F3-4CDA-8B5A-531982136F3A,26,52:33.9,52:33.9,AETH\A393668,AETH\A393668,0,693651BE-7B61-4454-86D5-F57BBBC79F9A
7B11E5A1-F9A9-49FD-BA87-5322288D8CE1,0,52:33.9,52:33.9,AETH\A393668,AETH\A393668,0,2280864C-63BA-4FC6-A164-84BAB90FB0C0
4EBACDEE-881A-4EEE-93FA-5322BE1F534E,0,52:33.9,52:33.9,AETH\A393668,AETH\A393668,0,D1172398-FFC4-4708-8608-49040A8B2D5F
9FAB5308-2C3F-4587-BDA8-5323F3CA18D9,154,54:25.7,54:25.7,A846534,A846534,0,1496A4FF-65BE-4724-BCDF-7B2F1D8DA9B9
24B1976A-3044-43F4-A705-532622254887,29,52:33.9,52:33.9,AETH\A393668,AETH\A393668,0,50512E0F-3FF2-41A5-9863-AA1FF65E11EB
ED125540-EAA7-4527-A294-532C385A7942,0,03:43.0,03:43.0,A846534,A846534,0,20F82835-2CC4-478B-AEE2-0C83F877334C
6DEF1F21-A3CF-462B-949C-532C57BB8498,0,54:25.7,54:25.7,A846534,A846534,0,1DF2C55C-9523-4C46-B2AB-ADF482BA0F20
4C0ADCCE-BDB5-4190-8FA6-5346E8514B7D,98.7,03:43.0,03:43.0,A846534,A846534,0,B046010C-6AC4-4FC2-A7C8-6C8A2EC26198
87F1F99C-8573-44DC-8E62-5351C7B1EFF1,0,12:31.9,12:31.9,A846534,A846534,0,415F6EE6-E963-49FE-AD62-0DEC2A120FAB
3ED8830E-E45C-49B7-8519-535AEB451BF6,0,32:50.8,32:50.8,A846534,A846534,0,76A734BF-0894-4CB2-A111-065342EEC862
595C8CAA-252D-4F5F-9A3E-53605F59C7CF,0,54:25.7,54:25.7,A846534,A846534,0,6B077D1B-BC01-4D3F-A3B0-86FC4DEFDC38
6BC66299-94D0-4F4F-BAAF-536C4CBEF25C,0,52:33.9,52:33.9,AETH\A393668,AETH\A393668,0,5A4F08CB-47F7-4189-BBF9-5E0D2D916632
6B6D7A76-86B2-4982-9468-53928A0F8313,0,56:58.0,56:58.0,AETH\A393668,AETH\A393668,0,6BB6D468-F662-483D-BB6A-8E97258A5D82
BFF08877-B6A2-4111-A340-53C7F5695E53,0,52:33.9,52:33.9,AETH\A393668,AETH\A393668,0,8720AF87-B7F9-4E73-BA10-A5FEE09A3A3F
60E35EC2-84EF-4E6D-9A24-53CF58269AB1,33,54:25.7,54:25.7,A846534,A846534,0,5DD08116-9F21-40CA-A372-C2688F365AFC
F6B1E21B-B06B-478F-B21C-53DB71381FA3,0,54:25.7,54:25.7,A846534,A846534,0,D0F503F9-7E84-495B-8EBB-1ECEC079F6A0
99CED491-FBCB-43A1-BA42-53E48CF2FA56,0,03:43.0,03:43.0,A846534,A846534,0,A2398002-A811-4B19-B56A-2F4B9D9A775B
C0E85ABD-DA8D-4144-BE19-53EC62A48D54,0,32:50.8,32:50.8,A846534,A846534,0,648DD77A-4323-4920-B4DB-CE5751248525
D9C255D5-696E-495E-904C-53ECC0242434,47.4,32:50.8,32:50.8,A846534,A846534,0,CD1406DB-8093-4796-A1DC-6E703B86161F
BFB24868-3D30-49B9-A37A-53F1AF434402,73.6,52:33.9,52:33.9,AETH\A393668,AETH\A393668,0,71789268-B1DA-4316-A0BA-8E8B6DF99E35
F1AD16EC-4BE0-478D-B115-53FC95BCA08A,0,15:21.0,15:21.0,AETH\N270372,AETH\N270372,NULL,2CC1D333-74F6-4F42-A546-9551E58CEBA6
AB242F5A-4DF3-4BE3-9D2D-541079F5C1EB,0,54:25.7,54:25.7,A846534,A846534,0,3172604E-A6F9-4687-8606-B40C98E6D7DB
8E34AA42-C19E-4C7B-AA1A-5414E0E3F320,0,03:43.0,03:43.0,A846534,A846534,0,874C10EE-4C5E-4A7D-86BE-011EED85EC5E
17F3B24B-5381-4150-9AFE-5420BE0C3FDD,0,56:58.0,56:58.0,AETH\A393668,AETH\A393668,0,E1ACBC17-6CC0-4CA0-8D7D-18DB91906B50
0DE7FF5B-CCC3-4DE4-8490-542544162CBB,0,12:31.9,12:31.9,A846534,A846534,0,C34982E8-6EA6-45FA-B644-F772C1F54C28
00B0BFAB-6924-488C-8A50-544DF6207AF8,0,32:50.8,32:50.8,A846534,A846534,0,C6B95B26-E7D7-4A70-B326-83DD260169F4
504DDC02-27E4-436B-BF9F-5457C3CB2FC5,0,03:43.0,03:43.0,A846534,A846534,0,97054B44-90CF-49BE-8792-FC9B795B2809
0149FF5B-2961-47DD-A535-5468FFC7F781,0,32:50.8,32:50.8,A846534,A846534,0,01551BEE-4DA5-43FA-923E-96E56495036D
0C20437D-CD20-4EC2-9B45-5474E2915F1E,0,12:31.9,12:31.9,A846534,A846534,0,AC53673E-F308-4146-97CA-72B2CB74FB91
E3701594-CC88-4A24-A471-54852CFFEDFB,0,32:50.8,32:50.8,A846534,A846534,0,5D22805A-7F79-48B0-BE86-2D2405E771AD
2499D3DB-AFA0-468E-8AF6-548842A13471,18,03:43.0,03:43.0,A846534,A846534,0,1F5D1175-D208-4D56-8689-790A9D0130E5
5998BD2F-0897-4914-BC28-5489EF082A25,0,54:25.7,54:25.7,A846534,A846534,0,99F24EA1-1A64-4E8D-85CE-60AE03B9AB38
35998694-4350-4222-A3EB-548B49D28FC3,0,52:33.9,52:33.9,AETH\A393668,AETH\A393668,0,33774190-FB51-476F-922F-35718AEE723D
4747E145-EC92-4D3D-A331-549191014C8E,0,54:25.7,54:25.7,A846534,A846534,0,931A5102-D908-49EC-869C-BC6693AC64BF
2F3E31BE-F3A3-4FB8-8184-5491D22EA3E2,0,32:50.8,32:50.8,A846534,A846534,0,C725B090-5D05-4E23-AEAE-D0AB312AFFF1
18A58FED-1DFE-4A3B-8B23-549C05B499A1,13,03:43.0,03:43.0,A846534,A846534,0,79BCE600-E59E-4467-8C6C-6764CA26984E
F64CF2A5-A9FB-4D08-BE34-54A20E8F0184,35.1,56:58.0,56:58.0,AETH\A393668,AETH\A393668,0,8D610B58-81AB-455B-9D46-B03BDA94934A
4A9088B0-AD64-47AA-940E-54A536849632,0,15:21.0,15:21.0,AETH\N270372,AETH\N270372,NULL,5B718DC8-57DC-4F42-BBF1-65ED835E8859
44494C32-57B9-48E5-B50A-54AA7CFE700A,0,52:33.9,52:33.9,AETH\A393668,AETH\A393668,0,3366B3D2-B35D-4839-A873-71AB40E09256
5F827B91-F308-49C3-BD6D-54C93DE6FCBB,0,12:31.9,12:31.9,A846534,A846534,0,161F5768-288B-4E64-A054-B0B791A8216D
4AD13B0F-6850-4073-91B7-54CC9B37E24C,0,54:25.7,54:25.7,A846534,A846534,0,1EB278C7-5AFD-46B0-B90C-01726CF765F4
B43EBD9F-7962-41D6-AD80-54DE90C7D648,29,03:43.0,03:43.0,A846534,A846534,0,D2CEF2EE-DBD7-47D7-909B-461D56024F53
409A15FF-E3B9-4469-8891-54EA5A217B37,0,15:21.0,15:21.0,AETH\N270372,AETH\N270372,NULL,DFC23130-17E9-4EE1-B9B4-C0B4F66696DC
1E23EA55-ADDD-4BA5-A051-54FC18FE3A2D,59,15:21.0,15:21.0,AETH\N270372,AETH\N270372,NULL,AFC735D2-5DAE-4F28-833E-58BD66D07058
AB2A576D-6279-4984-85E4-54FF19325160,78,03:43.0,03:43.0,A846534,A846534,0,623210E0-2D39-45BE-8C73-50605D9AA441
F83939E6-B4BC-45B8-89C4-5515DBC16A8B,208,03:43.0,03:43.0,A846534,A846534,0,A964B7FF-AFA1-4E2E-BC66-F9FDBA1D0A34
ADA05D86-9D3A-4143-B8E2-551F08FABDDA,0,54:25.7,54:25.7,A846534,A846534,0,5035EE68-551D-4F2F-A116-EBC3E53117E8
4D9AEDCC-9039-4319-B4B3-552241595B31,0,52:33.9,52:33.9,AETH\A393668,AETH\A393668,0,5F58E627-A4D7-4772-892D-79A8FAF20FEE
FC5E9690-4321-4128-BA71-552FDDB0E322,0,03:43.0,03:43.0,A846534,A846534,0,815C2414-6259-4142-9F9A-FEDCD5AC37E0
5CAB5B0D-0488-4FE4-B5D9-55314F33AF2A,32.5,52:33.9,52:33.9,AETH\A393668,AETH\A393668,0,3BC688D0-3881-42A7-954B-A20F0E991C98
8C701FCA-4B82-47FC-B99D-554B5F350484,0,12:31.9,12:31.9,A846534,A846534,0,EEC6A27B-4E07-46AB-9A41-BA7F686CDB16
D8E32096-27AC-495F-856C-556720B9C414,0,32:50.8,32:50.8,A846534,A846534,0,8F6D70FC-D2D6-4CE9-8F5C-A51076B83D6F
E7C46F4B-D9D4-41F2-A485-5571F8CA9391,0,12:31.9,12:31.9,A846534,A846534,0,B41668F7-0F70-48BE-BB8B-659F3FEDD219
C0D163E8-EE35-4589-8CC7-5574914742DB,0,03:43.0,03:43.0,A846534,A846534,0,03590FE3-9A0C-48DF-AC65-567A9D1BD0BA
9F152636-8FF0-4F35-B4BD-55766B5F59D3,89,56:58.0,56:58.0,AETH\A393668,AETH\A393668,0,B2E87D3C-32BA-4658-B3A1-B1FF1646FAEB
554675D6-9C2D-46FC-8962-5578D8431975,7.3,15:21.0,15:21.0,AETH\N270372,AETH\N270372,NULL,2E42F907-B168-4B1E-A263-19CEE4CECC6D
9E0869A9-C3EB-44B9-BB38-557DF340D91F,0,52:33.9,52:33.9,AETH\A393668,AETH\A393668,0,E4266B91-783F-4CBB-99AB-53B259339C2E
752C1117-D219-448C-9786-557F217B8D4E,66,15:21.0,15:21.0,AETH\N270372,AETH\N270372,NULL,07EDB3AC-1D8C-4EB8-958C-AE8041B7F433
F03C9759-8EE6-4736-8D91-55870F22D089,0,03:43.0,03:43.0,A846534,A846534,0,D53435CB-B69C-4BB3-9933-31C8C77F2418
BD887DF2-E0C9-49F4-B304-5596CC18B95E,0,56:58.0,56:58.0,AETH\A393668,AETH\A393668,0,5F8C4456-CF5D-4044-B1F2-2A5AC8FBA8C2
8C55F0E6-044E-49AF-9DB5-5597757C4ADC,0,03:43.0,03:43.0,A846534,A846534,0,9A4132C8-80C5-45C1-9EF8-E1744E247005
0DF4EE89-7345-4243-9CAC-55C9271B6C1E,0,52:33.9,52:33.9,AETH\A393668,AETH\A393668,0,B25A2030-026F-47B3-91C2-982DA8886804
B4AB3523-BA4D-402A-9A06-55CEEA8A4609,0,54:25.7,54:25.7,A846534,A846534,0,AA45A570-20C6-49FA-8B7C-8EDD6C4448FC
9EB77422-30A7-474E-9E68-55EDA048F366,0,52:33.9,52:33.9,AETH\A393668,AETH\A393668,0,F7C5FDE0-16AC-485B-9ED1-07366408D993
1C2C78D8-AD71-4FBB-96A8-5A139869FB75,90,56:58.0,56:58.0,AETH\A393668,AETH\A393668,0,CE0FC6D9-8AFD-410F-B174-9FAF6C2C9C35
D7B1009B-5C8B-47DC-9A4F-5A2EB8FA45D5,7.4,52:33.9,52:33.9,AETH\A393668,AETH\A393668,0,8CA83889-5A2A-42EF-8446-67A37B0CCB9F
A03F5C3C-2636-4736-BBEE-5A519B462D80,0,56:58.0,56:58.0,AETH\A393668,AETH\A393668,0,5442AFA2-B403-4C8B-9DF4-16DE11C8EDFB
ADB16EAD-36F7-49F9-A8F2-5A54F7BE54A0,0,52:33.9,52:33.9,AETH\A393668,AETH\A393668,0,9CFC8BCA-6245-46CD-A6C7-8C6F7A0A4EE5
EB2D5D5E-49F2-424F-BE54-5A5F40ADFB39,30.3,56:58.0,56:58.0,AETH\A393668,AETH\A393668,0,CBF74979-DC16-47FF-82CD-4BDA106991C6
3A007988-581A-4298-878D-5A7AFBCCB501,0,03:43.0,03:43.0,A846534,A846534,0,AB98F8F7-E2F1-4206-9562-7D76522C998D
E6C0140D-E808-44F1-8537-5A898DFC5FA6,0,32:50.8,32:50.8,A846534,A846534,0,4ECBF8D3-7AD7-4E0D-8F6F-F7EDCDA94AEF
4EA96D2E-819C-4521-BF84-5A8BE505AC1B,0,32:50.8,32:50.8,A846534,A846534,0,E7ECE085-BA9A-4529-9F60-7676205F4C7A
75E189C8-511B-4993-BAE5-5AA612997259,0,03:43.0,03:43.0,A846534,A846534,0,068D1541-6865-488B-9130-8A6806402DA0
32F3E4CC-C9A8-4C10-90E1-5AA64BC521C8,0,12:31.9,12:31.9,A846534,A846534,0,F7632C0E-35F3-4D7A-A09B-B9527586CD61
85954F6D-FEA3-4157-A320-5AC50E6FC749,63.6,56:58.0,56:58.0,AETH\A393668,AETH\A393668,0,42FEBCC5-EE54-487E-ACCA-F14E350F0A1D
38EDF85B-2A9F-476F-9E31-5AC79A635CE5,0,12:31.9,12:31.9,A846534,A846534,0,AD4DB94D-1694-4244-8948-692167F20E61
72BDD1A5-1E9E-4718-8D3D-5AD4EA44CCA0,0,32:50.8,32:50.8,A846534,A846534,0,8F17CDCF-B4E5-4AEC-933B-E26F84DBB6B0
1ACC730B-7985-4746-9401-5AD57E8B20F8,0,52:33.9,52:33.9,AETH\A393668,AETH\A393668,0,393F4C3B-9525-4BA5-9464-25EECB46CA17
D4A7BE1C-9E5F-4F9C-B0C4-5AD84A43A101,0,03:43.0,03:43.0,A846534,A846534,0,E759A081-5647-441E-8FEA-E07EDF537BD5
BA2B939B-9940-422C-9560-5AD9B27CF726,98.3,03:43.0,03:43.0,A846534,A846534,0,9438F88A-0BF6-4C27-8F4F-8963DA3BD7F9
EB31CEC1-62C3-4493-ABCC-5B288CD9DDA1,0,03:43.0,03:43.0,A846534,A846534,0,B2288586-1730-42DF-A35F-5462853AEB68
67F4412A-D906-4D8D-B301-5B2F13261329,0,52:33.9,52:33.9,AETH\A393668,AETH\A393668,0,AF4F3ECF-3721-46A8-84FF-074BDC091EED
2D2A64D7-7116-41DE-95BE-5B43C2300BB4,164.2,12:31.9,12:31.9,A846534,A846534,0,C9FF457A-6C26-48C2-8D68-B2BA527C4F61
D946D353-C1D9-4E46-A937-5B4D2D16770C,0,15:21.0,15:21.0,AETH\N270372,AETH\N270372,NULL,07D16E92-40EC-4D47-BF2E-9BF9AAE0FC41
8F2BCB73-E6E5-498B-BA7E-5B51BA99BC8A,0,12:31.9,12:31.9,A846534,A846534,0,0D53CF11-58F1-47B0-B39F-9C9773B961E7
475DE097-E16A-4E94-B215-5B5B8E35A113,47,54:25.7,54:25.7,A846534,A846534,0,0EECCB7A-0656-45E4-B528-57C94EE572E8
F518080C-9DD2-42FC-9BA3-5B64B78CB5A1,0,52:33.9,52:33.9,AETH\A393668,AETH\A393668,0,738600CB-0A06-4C9B-B85C-1BAD5E9B4E74
0F05AE15-2908-4C3E-9598-5B6FF3B6363A,7.3,56:58.0,56:58.0,AETH\A393668,AETH\A393668,0,7AD70BD0-8A05-477B-939C-28D576DD64D4
84BD60BD-B34E-478A-8993-5B819FDC8AFF,0,54:25.7,54:25.7,A846534,A846534,0,FCE68B21-77BE-4C80-BDF7-09F1D629F909
4117AF45-BB45-4583-9B87-5B8D1C642DEA,0,52:33.9,52:33.9,AETH\A393668,AETH\A393668,0,43A597EB-9CAE-4DB8-8412-52D766954182
6EF45F23-DC0B-4CB1-98A0-5B8D6A4D5538,0,56:58.0,56:58.0,AETH\A393668,AETH\A393668,0,0D091BDD-82D8-4767-B9DA-C9CE2F4E214D
5CD17B5B-22B2-45B8-8089-5B92F07A2A66,0,12:31.9,12:31.9,A846534,A846534,0,AED0BD68-A1F6-44B6-8339-FF15100D21C0
E64E305D-BFC0-45A2-9BC4-5BA37577BCF5,0,15:21.0,15:21.0,AETH\N270372,AETH\N270372,NULL,9F1CABB8-4894-4CDC-AC20-E860AB5A70F2
5A6411E5-DBC5-4BC7-885D-5BAADE0E62F5,0,03:43.0,03:43.0,A846534,A846534,0,86FD5671-4906-48A3-84B3-2127AAF24048
D0BED7B0-9E21-4D57-B6A6-5BB110FE9289,0,54:25.7,54:25.7,A846534,A846534,0,62AF83F4-CE46-411C-B26A-3615F7B9AD79
65E4FE1A-3A6D-4A35-8774-5BB922C7EE9B,21,03:43.0,03:43.0,A846534,A846534,0,82C3AB77-EA25-4293-B56A-0C17E0684FBF
06C22C7C-C066-4556-AF27-5BCF0FDE82F6,0,52:33.9,52:33.9,AETH\A393668,AETH\A393668,0,41F080CB-DFF2-4B24-886F-0D620AD6CDB5
F824D6D9-A3A2-437C-A825-5BD8660E4FD0,77.6,52:33.9,52:33.9,AETH\A393668,AETH\A393668,0,E5731AF8-0681-49C1-841D-28C4E62B0E3B
7FF1CE40-2DEF-4474-8DD5-5BDF6B1CD76B,9.9,03:43.0,03:43.0,A846534,A846534,0,0F246333-A125-4349-83FC-01611A2E89FC
46EB2AAE-FD4F-4C8B-9C2A-5BECA12A6CF6,0,03:43.0,03:43.0,A846534,A846534,0,390DC8D1-B460-4E4B-AFB7-A708A4D01199
05AA8BA5-82AA-40C9-A1FF-5BED1FC53D2B,36,32:50.8,32:50.8,A846534,A846534,0,2A49C046-351A-450F-9BDA-018A5C810216
2975E0F0-A228-45CF-81FF-5BEF499E2CB4,0,52:33.9,52:33.9,AETH\A393668,AETH\A393668,0,8538CF01-C47E-4261-8FAF-50BC7A0CDB1E
F33D5C99-3810-4DF3-B07E-5BF26DCA252E,0,12:31.9,12:31.9,A846534,A846534,0,BF6471C9-1F0F-4A2B-B8B4-55CF0FEBB931
5A4E27D3-BD3F-4DE3-BFCB-5BF2AE67768E,24.7,15:21.0,15:21.0,AETH\N270372,AETH\N270372,NULL,C7A6BE8E-BC7A-4463-8C98-A3BC8FF5FFE1
FBC3D22A-A2FD-4431-92D5-5C13BE113D34,44.9,32:50.8,32:50.8,A846534,A846534,0,62938BCA-4EE9-482D-B36D-8F6138C47CB2
EA33E559-51A7-40D1-A88F-5C14F7DF93F2,0,52:33.9,52:33.9,AETH\A393668,AETH\A393668,0,CC23AC5B-7C73-4C9E-A6EB-C346A7406417
03836385-7E62-413B-9ACE-5C151E247E41,9,12:31.9,12:31.9,A846534,A846534,0,D1564725-BB25-4F1F-88C7-A2586D241EB5
C8EBB146-C506-4798-BCE6-5C18438C432D,96,15:21.0,15:21.0,AETH\N270372,AETH\N270372,NULL,1133FDB3-9844-4B19-8393-6992ED4C427A
C2775A60-B131-4D73-A255-5C1D24CBB02A,0,15:21.0,15:21.0,AETH\N270372,AETH\N270372,NULL,B0F2F7F8-8176-4E7D-95F0-7A8C9780E639
F43993CD-1590-445F-ADD5-5C246CFE6EE2,6.6,56:58.0,56:58.0,AETH\A393668,AETH\A393668,0,EDF96B2F-9419-4066-BFC5-F193F9AB0145
9968F487-D0B7-43F3-BA64-5C4BBB76485A,0,03:43.0,03:43.0,A846534,A846534,0,27BE0B91-5CD3-4A01-8632-4371324BB287
1E6F35F5-9998-4747-B6C9-5C4C7736AEB5,135,03:43.0,03:43.0,A846534,A846534,0,90DA881F-7027-4863-8548-1DB3A524A953
184C2DFD-235B-439F-AB98-5C7A3EB20B96,79,32:50.8,32:50.8,A846534,A846534,0,73936262-F352-4242-B415-54B4A8DA3B2D
6768D56A-6A37-45CE-B969-5C7BE8A228CE,99,15:21.0,15:21.0,AETH\N270372,AETH\N270372,NULL,4784F87E-B937-48E7-8395-A181B0EAE0F3
693AE259-67AB-49A3-9EA6-5C81EFDB9C3E,0,32:50.8,32:50.8,A846534,A846534,0,D7F98FD3-FE20-4D4C-8985-7719529D4EFC
7D244BA0-B6C8-4161-992D-5C88F5199DF7,0,12:31.9,12:31.9,A846534,A846534,0,C8485AC8-D550-4B6B-A1B0-DD15CD532281
3DCD5469-B9F9-401F-B961-5C8AB1B1B790,0,15:21.0,15:21.0,AETH\N270372,AETH\N270372,NULL,05BE652D-E121-4F76-883C-EA3263FD16B3
1AD5D16B-EFEF-4B11-8890-5CA48ABD0AFA,40.7,03:43.0,03:43.0,A846534,A846534,0,022FBA0E-A48D-4F84-92E2-69711DD0E3E7
2B70BE7F-D2E4-4130-868E-5CB67EC00066,0,32:50.8,32:50.8,A846534,A846534,0,92DC5FA7-8C40-4DDF-A2FC-EA07B09DCCDD
28796747-7B3B-42AD-95F2-5CC8DB9FAADA,0,12:31.9,12:31.9,A846534,A846534,0,2EF5F642-2FA6-4188-AEBF-2C48F29497D1
9A8C4289-343D-4561-B93F-5CD564A6C6CA,17.7,32:50.8,32:50.8,A846534,A846534,0,5229B3E3-230C-4BDE-8C2D-9350772DC926
AB1806C3-56A3-4F42-A7C7-5CD587018895,0,52:33.9,52:33.9,AETH\A393668,AETH\A393668,0,D8E8045D-D162-4518-839C-73856351ED56
98682888-89B1-4905-B279-5D3B4DD6C713,0,56:58.0,56:58.0,AETH\A393668,AETH\A393668,0,1DC38CF6-D0C7-48A4-91BE-83CE422B0563
C8B15959-1CE5-425D-A21B-5D3F815E7496,0,54:25.7,54:25.7,A846534,A846534,0,AAE87ADA-B6D5-4938-BD8E-448066312738
0704B710-6647-40AB-852F-5D436C9C36BB,0,03:43.0,03:43.0,A846534,A846534,0,2F191FAD-F581-43CB-9259-03C9DA254A27
E8AE3D58-2363-494C-AF0F-5D451F44E06C,0,54:25.7,54:25.7,A846534,A846534,0,4B971419-C870-4E42-9B30-C9F87DF15882
2BE2A95E-2967-4244-99E2-5D769B171321,0,03:43.0,03:43.0,A846534,A846534,0,683049E7-14D0-46B1-8DB4-33783CCE68A9
D35C0913-8295-472A-83B9-5D86B73C2598,66,32:50.8,32:50.8,A846534,A846534,0,552CD425-BD89-4EAD-9916-13E30286F3A5
E727FE76-84B3-497A-8303-5D88635BA054,0,15:21.0,15:21.0,AETH\N270372,AETH\N270372,NULL,8138EE96-8CDD-4E30-BDC1-3D7E9231FC4B
FD6C10ED-5451-4688-B4F8-5D9C710A742A,0,32:50.8,32:50.8,A846534,A846534,0,6251D73D-18BD-4633-AC25-1DC3ECB1F234
81025F84-3B3C-4C2F-82C6-5DBDB3248721,0,52:33.9,52:33.9,AETH\A393668,AETH\A393668,0,2060340D-9FE4-4388-A3B6-9A8E82C97E0A
76822FB0-9E8B-4C01-ACCD-624C9C12FBD8,0,52:33.9,52:33.9,AETH\A393668,AETH\A393668,0,0872AAC4-E8DC-4804-ADB7-130B02793207
D47B7FA6-C9F8-4436-A8DB-6263002690A5,0,54:25.7,54:25.7,A846534,A846534,0,83309E52-41E9-4F87-A598-F29D05275443
0A0A0318-CF32-4D82-A342-62693CDBA689,0,54:25.7,54:25.7,A846534,A846534,0,50310A02-131B-4F9E-B875-40BBF363426B
123807ED-2AE9-4C29-8DBD-627D9B0E798F,0,54:25.7,54:25.7,A846534,A846534,0,7784F750-5D8F-46D5-A38E-3FC0FEE472C7
1C05492F-B2ED-42B8-AA81-6283410A4C8D,28,15:21.1,15:21.1,AETH\N270372,AETH\N270372,NULL,117C5497-25EF-46F2-99BC-A118A251FE17
5A11CA3E-B3C4-4B43-AC38-628D1D375933,0,12:31.9,12:31.9,A846534,A846534,0,7962F11F-A27C-4080-896E-2D63A75F386E
7A06298D-A9EF-4DA9-869D-629828F8E4EC,62.4,56:58.0,56:58.0,AETH\A393668,AETH\A393668,0,31340AA1-8B33-45EA-ABD3-2EE5903E2E14
F9A6B9BB-F333-4386-82AE-62A6FE0348BB,30,12:31.9,12:31.9,A846534,A846534,0,283F6062-E0EC-4603-AD18-E7029DF2631F
B5F790D1-D0D5-48A7-AC12-62AC91D8BD91,0,15:21.1,15:21.1,AETH\N270372,AETH\N270372,NULL,EEF0ADDA-000B-49A7-98D9-AE7F54B52F6C
6540A930-F0C9-49EA-8C96-62B6D55CFC35,0,03:43.0,03:43.0,A846534,A846534,0,0124F9C0-59F5-4AFC-A3EE-2FCC18E0A87E
34294A1A-AE53-47FB-B035-62B832EC4B01,0,56:58.0,56:58.0,AETH\A393668,AETH\A393668,0,3BD62BD2-A7C6-4897-B3FA-93C63DDFCE8D
46E1AC7F-10BC-4B44-99A9-62B9152F5E4C,16.1,12:31.9,12:31.9,A846534,A846534,0,9234E98B-658D-4AE6-BFB2-5E5A7F5EA29B
E130B1B9-C11F-4147-B4C6-62BE62DCF9CD,111.9,03:43.0,03:43.0,A846534,A846534,0,4907FEFC-5D25-4EDB-9358-78D79F7754DE
4B20324C-C4BF-4CA6-94E8-62C6F6554DC5,0,03:43.0,03:43.0,A846534,A846534,0,67A06206-3FEE-4889-A2B1-1A79C7176A65
43F80BC8-C095-42E4-8A53-62E311ED16ED,0,32:50.8,32:50.8,A846534,A846534,0,407BF043-D931-4E4D-B5EE-3C4373F7556E
73490611-8320-48F1-AC96-62E589696034,0,54:25.7,54:25.7,A846534,A846534,0,4875FC3A-5BBC-44E6-895D-64E31F6BD16F
A4F9C998-4C95-4ACB-89D4-63074D8F6618,0,56:58.0,56:58.0,AETH\A393668,AETH\A393668,0,C1E3E5EA-8AE9-4F2F-804E-99690494BB73
8BD935FC-35DD-4AFB-9511-63086382AB7D,69,54:25.7,54:25.7,A846534,A846534,0,9890D2AC-6AB3-494B-B3DF-2EE00F25B2B8
FBC57B5A-4410-45E7-80F0-631319148DC3,0,56:58.0,56:58.0,AETH\A393668,AETH\A393668,0,E1D9433C-ED01-46A1-9BD6-B3B58F4453EE
3A538985-0763-45C1-BF9D-631A0EA09C68,7.1,56:58.0,56:58.0,AETH\A393668,AETH\A393668,0,389D4423-E9CE-43BA-AEA4-A8C4D0681233
F4C1EF8D-F0DE-40EB-963B-631B371A8F68,0,56:58.0,56:58.0,AETH\A393668,AETH\A393668,0,BA3BA15A-3F2B-4B8A-906B-649989898A68
19EB514E-63F8-4E5A-BD77-631D84672B3A,0,56:58.0,56:58.0,AETH\A393668,AETH\A393668,0,8B5ADB48-3BD2-4C92-8757-9EB90EDEC09B
A5E138BA-6372-49B4-95C7-63235B00E873,0,03:43.0,03:43.0,A846534,A846534,0,7FE5347E-8AFD-4896-B50A-66371490E063
BE13876B-2846-49E9-8DBD-63317D6D6FAB,0,54:25.7,54:25.7,A846534,A846534,0,7E96724F-AC3B-4068-BC45-51DEC4BA0BBA
DBF9A16B-CA71-482A-8BF4-635C484A7118,0,03:43.0,03:43.0,A846534,A846534,0,B57C3B36-D9BB-4C67-83CE-BFE746C2DA56
D7B85D4A-DD0A-4421-B705-63676219AE71,23,12:31.9,12:31.9,A846534,A846534,0,8F1DC1F5-D222-48E8-BBCF-A14A9CB419E2
82153145-A1BB-443C-9DFD-63867AB54B7D,7.3,15:21.1,15:21.1,AETH\N270372,AETH\N270372,NULL,E5954D43-9628-4FBE-B0A6-271D245597E4
F39A4F68-F81C-477E-A0CD-6386AB5B5354,0,15:21.1,15:21.1,AETH\N270372,AETH\N270372,NULL,6FDA542A-17DA-4331-BC38-4C18D4C85015
DCD7A744-A8FF-4A88-B2BF-63903DFE68E5,0,52:33.9,52:33.9,AETH\A393668,AETH\A393668,0,14BB9091-F17B-415F-8576-6439B56F252C
8100158A-FAA0-447C-87D4-63A14754A36B,0,56:58.0,56:58.0,AETH\A393668,AETH\A393668,0,CED86670-2D22-40A2-A0F8-F9CC135DD0BA
3CD2250F-2775-4E2E-A0F3-63B77FE0AABC,0,32:50.8,32:50.8,A846534,A846534,0,759816C5-8C3C-4FEC-A684-928FD8EE75AF
F7A184BC-E125-4225-B015-63C96FE9878B,0,56:58.0,56:58.0,AETH\A393668,AETH\A393668,0,DBC2DB22-9EC4-47C8-9147-028C86AF5BBA
CFFCEF72-8535-497E-8C82-63C98E85E7B1,0,54:25.7,54:25.7,A846534,A846534,0,88C0BCA4-D5ED-4E47-A84D-5929759362A9
1F93CBF1-2D94-4592-9F63-63DAFB4918A4,0,32:50.8,32:50.8,A846534,A846534,0,C591B420-A556-401F-BA5F-0C0387D81ABD
822A6512-2B6E-4080-9730-63E22EB1589A,0,15:21.1,15:21.1,AETH\N270372,AETH\N270372,NULL,E55DC506-75A8-4D99-9742-4F20727A1A22
8F0FB093-2192-4201-98B7-63E282866DB7,37.5,03:43.0,03:43.0,A846534,A846534,0,BC5DE59E-6533-4148-927C-553E42CC1718
DDA362C4-7036-43EB-AE2E-63E2AAE5A427,0,15:21.1,15:21.1,AETH\N270372,AETH\N270372,NULL,A2752D97-7DDD-4413-93E4-DCE950403448
9D37239F-169A-4AA5-A502-640B6B6B9EA6,0,52:33.9,52:33.9,AETH\A393668,AETH\A393668,0,A9029ED3-13D1-4BD8-A244-03A3C2F22A91
530EF292-729D-4DB1-9112-641AACA7D2BB,0,32:50.8,32:50.8,A846534,A846534,0,DCF9E2E9-5F47-4DBD-9606-3E9C902F5377
8ABEBB05-665D-47B2-84CB-641CD17672EA,0,54:25.7,54:25.7,A846534,A846534,0,B26F4512-6BB0-4C42-A15B-18FBECB240CE
00722C0E-7F35-4C91-8565-6438452A7E6B,0,32:50.8,32:50.8,A846534,A846534,0,435BABF0-F3F4-4D21-8613-F62256BC6AFB
E2996088-376C-4E6D-9AE5-6453D5F58959,0,56:58.0,56:58.0,AETH\A393668,AETH\A393668,0,6A93F957-5EBF-483D-BB6E-0C2127D3524D
D600C515-85BB-44C9-88F1-6454A8676F52,0,15:21.1,15:21.1,AETH\N270372,AETH\N270372,NULL,5A4461E5-696E-44DF-A60E-F1B73DAE999E
A3DA865D-496D-4C46-BD42-646BBBA0C162,0,15:21.1,15:21.1,AETH\N270372,AETH\N270372,NULL,6871C13F-9681-400A-B802-14A590AA337A
8A75DA31-6E0B-474B-9382-6488C3C3EE5F,0,56:58.0,56:58.0,AETH\A393668,AETH\A393668,0,B1477BF0-A580-4BD9-8BA0-C227968226C0
75344462-027F-4E19-9D2A-649E69AC2881,26.2,15:21.1,15:21.1,AETH\N270372,AETH\N270372,NULL,04AAEA09-E45C-49D6-A3CC-CBE33F077970
42099999-F0D2-450D-8E5F-64A03E3CA0F2,33.9,15:21.1,15:21.1,AETH\N270372,AETH\N270372,NULL,FA1E42C8-7A4E-40A2-AF88-1CE8047CCE92
15FEC5E4-024E-4B41-AB98-64A85EE3BA9A,15,15:21.1,15:21.1,AETH\N270372,AETH\N270372,NULL,6AD344C8-8409-49AB-AFCC-C8E05DD42A72
55DF30AB-1671-4AAC-8BD0-64ADF6EF644D,0,03:43.0,03:43.0,A846534,A846534,0,586F46BA-00D1-48B5-B5C9-86BB5C5ECD03
5713E429-162D-45BC-9CB1-64CC006B454C,0,32:50.8,32:50.8,A846534,A846534,0,7E753773-EB78-4C60-9FB1-BC8F89B0140B
B0345C80-F718-41D8-8F3A-64D6F6AA1DEA,53.1,03:43.0,03:43.0,A846534,A846534,0,10AE4ECA-880E-4172-B6D9-2B498EA17C32
A854C314-7D84-4A84-8DD7-64EDE1521E23,0,15:21.1,15:21.1,AETH\N270372,AETH\N270372,NULL,C1CF52E0-894A-4A56-BE76-37A87C757EF1
E55B2A6D-9852-4646-B7B0-64FAFDEFBE75,0,12:31.9,12:31.9,A846534,A846534,0,C05CC36C-537E-491A-84FC-6EE8E348D76E
D01B00F1-4E9A-4BA5-AC5C-651225D1A948,32,56:58.0,56:58.0,AETH\A393668,AETH\A393668,0,619F251F-4460-4A06-B180-56D1B61E00CB
E3A81110-037F-40D0-B4CF-651BFF0967D0,0,52:33.9,52:33.9,AETH\A393668,AETH\A393668,0,AE83166E-AEE7-4C11-B8BB-46EC400035B8
018A02A3-D330-4636-BC8E-651C11DDC2BD,0,03:43.0,03:43.0,A846534,A846534,0,FF207990-380F-47AC-8864-A55D52390818
A64F7D28-EE75-4E42-818B-652588E3EE09,0,03:43.0,03:43.0,A846534,A846534,0,0D5AA48D-4C45-47B6-81EE-E4C187492B69
2037282A-1AF1-4D7A-9BF1-652F36A08A6F,0,52:33.9,52:33.9,AETH\A393668,AETH\A393668,0,EF26B7D0-B35A-4CC4-948D-28EA80B35501
4758704A-8B99-44DC-B068-654010FECD07,0,32:50.8,32:50.8,A846534,A846534,0,1E61C5EB-F787-4AF7-959D-2B70F00686D2
79B61282-873D-410F-A26A-655247F334EF,0,54:25.7,54:25.7,A846534,A846534,0,9D37252D-EA75-44FC-A430-EB5C83554DA7
BCBC21D8-F2CC-4AE8-B5AD-65555802B30A,0,54:25.7,54:25.7,A846534,A846534,0,CC737DB5-5064-48A6-B701-41B517561A97
0973A4A6-8F21-4DA0-892B-65600CFE6866,0,03:43.0,03:43.0,A846534,A846534,0,D6971282-2729-4825-9E6D-7F2A0813E27D
7AC87688-4ECB-45EA-A4D8-65648771C2BD,0,32:50.8,32:50.8,A846534,A846534,0,A7F70C99-1BF7-4A7C-9D8E-6C70C7E8C3B3
D6035763-54A2-4F4A-8BD3-6575B0C6999B,22.3,03:43.0,03:43.0,A846534,A846534,0,EE018A5F-C525-4D60-9D31-AEF7FE208FF5
18835954-997D-44CE-8B12-658C1D56952A,0,12:31.9,12:31.9,A846534,A846534,0,5341EE3A-4063-4F8B-9E8B-A255160A6763
8E9CC5B8-81DE-40F5-97CB-6594990E11CF,102,54:25.7,54:25.7,A846534,A846534,0,196D6BAC-C72D-412F-8834-3CAD1EBE1E6E
D41E18E3-02BD-4061-9386-65A5D067D3DC,0,54:25.7,54:25.7,A846534,A846534,0,A90343FC-0392-4DEF-B89F-C888297B332F
3F6880D2-44C1-4195-A8B9-65B17856FE50,0,32:50.8,32:50.8,A846534,A846534,0,3F12B288-6135-4695-8BBD-94A76F9D257C
3EC8E9D0-6363-47DF-91A5-65CC7686FECB,99,52:33.9,52:33.9,AETH\A393668,AETH\A393668,0,91A49925-D86A-49E9-A39B-DA20FA6F2359
4D1BB401-28EF-428E-9A89-65DF506E2F7D,0,12:31.9,12:31.9,A846534,A846534,0,9ABF6CD3-EEB1-486D-8636-1E8C5AB34C26
19A5DEA6-A472-480F-8A5F-65E988CE2FDC,25,54:25.7,54:25.7,A846534,A846534,0,6BE5ACC6-3BFA-4C3B-9755-EA78A2044538
D1F55B6F-90E5-47C9-8BBC-6608668A623E,59,12:31.9,12:31.9,A846534,A846534,0,9BCD9A88-2D7A-4952-8266-B711BACE1197
0F58C925-F5BF-47F2-96EF-6A63AB65E079,0,56:58.0,56:58.0,AETH\A393668,AETH\A393668,0,64635D3E-99A3-4141-8A6D-312572B6016B
4D1B474E-0D17-480F-A215-6A6E38DC554B,0,15:21.1,15:21.1,AETH\N270372,AETH\N270372,NULL,C1313E14-4987-4A08-8EB3-FCCA1099CB2E
5BE88F6C-1323-4555-80E9-6A760194A5FA,0,52:33.9,52:33.9,AETH\A393668,AETH\A393668,0,74108DF5-3CCE-4DE2-83E4-3D2D27022502
9A036AC2-AEFA-4993-B46A-6A89382C54F2,0,56:58.0,56:58.0,AETH\A393668,AETH\A393668,0,F62854A5-2BA4-4D89-BB0A-2EECB3AB691E
A63776E5-7286-4F04-A92F-6A9710ABD519,35,52:33.9,52:33.9,AETH\A393668,AETH\A393668,0,C51B5A09-D8F5-4FA5-B351-17A9E0458350
21CF5B68-6D8B-4C64-9942-6AA1D3ABF510,0,03:43.0,03:43.0,A846534,A846534,0,19BC1180-6D21-4E3D-B2BB-05C678C4E341
879575F1-587B-4F4C-BAFF-6AA39C0B1834,0,03:43.0,03:43.0,A846534,A846534,0,0E7E251A-4F15-405D-B82B-A89E0C6DC037
E77EAEB1-F689-4506-BBA8-6AB767F0B929,0,32:50.8,32:50.8,A846534,A846534,0,DAF3E83C-E5F0-4C6F-8816-848C889EAC45
736D541E-A1EB-4E99-83F4-6AE106FC5F2E,0,54:25.7,54:25.7,A846534,A846534,0,3EC59B9D-6E84-4339-931D-10334D9B83B0
469A28EE-ABD8-4D5A-A8CF-6AEA2C884439,0,32:50.8,32:50.8,A846534,A846534,0,0E3C8288-E234-46EA-8A67-F14C1E071049
F7A55D77-16FE-461B-8120-6AEDDF529AFE,0,12:31.9,12:31.9,A846534,A846534,0,79471CCC-7A35-44C1-BB8A-6BA83582066F
537EE8E6-5F0E-4FFF-92A5-6AEF9F55C614,0,56:58.0,56:58.0,AETH\A393668,AETH\A393668,0,31C400EE-AD50-4C25-800B-4E11935BCA8C
045FA9A4-BD69-4D03-AFC9-6AFC085046D6,22,03:43.0,03:43.0,A846534,A846534,0,D048909D-32EF-4457-854E-216028883179
D2FC6689-C5B6-43E5-AE4B-6AFF998F4C7A,0,15:21.1,15:21.1,AETH\N270372,AETH\N270372,NULL,D8AF601B-B9C3-4A2B-83D8-F6ED572321EA
A3A4F446-8A22-4C29-B5A2-6B0ED666E497,33,15:21.1,15:21.1,AETH\N270372,AETH\N270372,NULL,790C8BCA-22C0-4E77-9A85-AE063C2FF005
7E1A858A-D8F0-4FC0-9A26-6B2E7D6D00BB,29.7,56:58.0,56:58.0,AETH\A393668,AETH\A393668,0,B69D0E64-7113-4862-86B4-8B347A090C2C
48AA2293-16ED-49FA-BFA0-6B303A7FA0F5,0,03:43.0,03:43.0,A846534,A846534,0,7BE7A16E-0FEB-48D4-965A-C680915C1587
20C62C1F-0AB6-4F77-82BB-6B35E7CDD262,61,32:50.8,32:50.8,A846534,A846534,0,369E6A97-04E3-405F-A260-7CE3D686730C
83787C72-12B2-4ED8-AE14-6B38409B208D,77,03:43.0,03:43.0,A846534,A846534,0,C842467F-80C0-4122-909E-3028A870140E
C874FBB3-1A64-4A03-9ECF-6B41E395ECCC,95,54:25.7,54:25.7,A846534,A846534,0,3EFBD5F1-CC46-471F-9B2F-FF3A61BCDA8C
D07536E7-B6BC-4D8A-81BB-6B4F1D4D23BC,35,03:43.0,03:43.0,A846534,A846534,0,A8615A92-E5D1-4697-B557-02A10AF52DD9
3B84DD28-85F8-4D70-8EBF-6B7C736F444E,0,32:50.8,32:50.8,A846534,A846534,0,66841AFA-3157-41F1-B703-4EAA45FE1981
A83CB767-CDA7-49BF-9959-6B80F58BA06F,21.8,32:50.8,32:50.8,A846534,A846534,0,108E1B13-A2B2-40EA-8D7C-EBD48833486A
6AE89C9B-0820-4B1D-9A0D-6B8447D2D985,0,32:50.8,32:50.8,A846534,A846534,0,139E2A36-D868-43D3-8A11-82CBFF91313E
A7E8B9F9-7B2E-4BD3-A417-6B966EC9BA00,0,56:58.0,56:58.0,AETH\A393668,AETH\A393668,0,634FDF19-5A2A-426B-9539-80A45C2F68E9
CA2FB6D7-B137-4FEB-955A-6BB2CFC442BF,0,54:25.7,54:25.7,A846534,A846534,0,AECC6084-7E1D-45EC-A086-4F15BD82182F
BA2525BA-83FA-42ED-A3BD-6BCC3C89C039,0,52:33.9,52:33.9,AETH\A393668,AETH\A393668,0,66843DE0-5F25-4B91-AF86-580A151C9088
7BF5BC6E-7843-4F6B-A016-6BD71BB2CC72,85,32:50.8,32:50.8,A846534,A846534,0,FDE24058-9C0E-487F-817C-0B535F8C8182
BD886659-774F-4043-9DDC-6BE5511EAE3B,0,12:31.9,12:31.9,A846534,A846534,0,C0935B9D-D076-431F-A619-4E279F9A3DC9
9C007F87-6A3B-424A-8315-6C0716AE9B41,49,03:43.0,03:43.0,A846534,A846534,0,CCA5A67F-89FC-4D23-95D0-B874F678A6CE
CB8D2734-F929-4B79-AF1A-6C1500342F5F,0,12:31.9,12:31.9,A846534,A846534,0,443778D5-3283-4533-A398-1561E96CEA83
2453CACD-1544-4FBB-94C3-6C17E21A903C,0,12:31.9,12:31.9,A846534,A846534,0,445F9600-2DBB-4E1C-B487-03882FA2DBBD
D77DCC2D-57B7-4197-A9FF-6C1B99DF3CF0,4.7,52:33.9,52:33.9,AETH\A393668,AETH\A393668,0,2A9970C0-95F4-4C63-8436-D1E44635CAA3
01ADDE9E-170D-4FAF-B706-6C22DF6C5051,47,52:33.9,52:33.9,AETH\A393668,AETH\A393668,0,664CC645-7512-45E5-B5E8-4BAD434C15BD
CAF7FDDD-2722-46AB-8209-6C28F5EA8B5F,0,56:58.0,56:58.0,AETH\A393668,AETH\A393668,0,B0FBBD1E-FFC8-4CAA-8300-0B8C67C874E6
89ACCA2E-3087-4F8B-8716-6C2B411D287E,0,12:31.9,12:31.9,A846534,A846534,0,1E0B0E3C-4E68-42F1-AA28-B37C4489BB43
87A86197-A357-40DF-9330-6C2F79DD3ABD,0,54:25.7,54:25.7,A846534,A846534,0,CB97E51A-228E-46F9-BD28-10DCFAB2A09F
E5B661D4-3074-4CB6-B9E3-6C3002D81817,0,54:25.7,54:25.7,A846534,A846534,0,F896EB9E-7915-48CE-BDF9-36BD301B4EFF
392C15FA-727F-4CA1-BAEB-6C31C8FF4616,119,52:33.9,52:33.9,AETH\A393668,AETH\A393668,0,B1C20347-1640-41DF-AB73-C8F9D1BE830C
853CB4A5-0983-47FC-BC90-6C36F2106334,0,54:25.7,54:25.7,A846534,A846534,0,2E22C438-14DC-49C8-A9BD-2C618EEACE8E
8928D7E1-1A12-46C5-B413-6C3DA3BF3156,0,03:43.0,03:43.0,A846534,A846534,0,2AAFA56A-982E-4880-9B35-33A770028487
197E18F3-3953-4F7D-994C-6C42D0802E3F,0,56:58.0,56:58.0,AETH\A393668,AETH\A393668,0,1DBCA749-95B0-4628-9549-38BF5FBD5F66
4946D817-7A3C-4F33-BB5B-6C4844023434,0,32:50.8,32:50.8,A846534,A846534,0,B5232139-6A6D-4952-83DC-4E2D20E729F8
95D1B9FA-8D7D-48A8-9A6B-6C978E9139E6,0,32:50.8,32:50.8,A846534,A846534,0,35F63DCB-D950-4C84-9A3D-7B324F5EF6BB
DC712160-D832-4A24-8E14-6CBA273DF59F,0,15:21.1,15:21.1,AETH\N270372,AETH\N270372,NULL,9AD66E0A-9F07-4B74-B19B-98111416D699
9793D03D-5DDE-461C-A094-6CCB3DEB1359,26,56:58.0,56:58.0,AETH\A393668,AETH\A393668,0,57848870-6014-4108-B5B4-0DBE21594452
14115945-2DE3-4C98-A1C3-6CE1E4B75565,44,54:25.7,54:25.7,A846534,A846534,0,0F899A70-208D-44F7-BF4B-F97FC1BCCD95
ABCDC665-DB85-4BB3-B61A-6CFF89EEE45F,32.7,54:25.7,54:25.7,A846534,A846534,0,DFD4EC20-8F24-4887-BB07-64E024580753
EC02477B-E921-4CBB-9ED7-6D04463ACFA1,48.3,32:50.8,32:50.8,A846534,A846534,0,51EA9BAD-328A-45E7-8EBE-799357FDE266
A317A0FF-BE4E-41A7-A7C5-6D1A7B9C9324,36,54:25.7,54:25.7,A846534,A846534,0,89415B7A-7CBD-42EC-B633-BEEE1D5B9541
AC8F6ED2-A0ED-4E9E-AC3E-6D1ADEF3E7FA,0,56:58.0,56:58.0,AETH\A393668,AETH\A393668,0,793AD974-A73C-497C-89D5-7D4AFE361A49
F979232F-419C-4546-99B7-6D1F23F6142A,29,03:43.0,03:43.0,A846534,A846534,0,DC94EF1A-3FFF-4B03-AAFB-2B578B5C062E
A085EB3C-1CF9-44E6-A33E-6D260D520C1A,31,52:33.9,52:33.9,AETH\A393668,AETH\A393668,0,27B6887C-13A4-45C7-B578-FD7B0E6ABFAE
B02FBF96-89A2-467F-8B32-6D35ABA8DC23,0,56:58.0,56:58.0,AETH\A393668,AETH\A393668,0,EEB66DCF-76B4-4CA7-B92F-0AD7C14768E0
73175977-C679-466E-A658-6D3E4AB97BE0,7.7,52:33.9,52:33.9,AETH\A393668,AETH\A393668,0,7C42D43D-05CA-4194-8A18-0CE9A918CCE1
FC5268EB-FC45-45AA-9CE6-6D497375D4F0,0,12:31.9,12:31.9,A846534,A846534,0,4A8BC4E6-7DD9-49B1-8166-3C5A4D9113DD
75CABA45-4664-4613-991A-6D51ADC02790,99,15:21.1,15:21.1,AETH\N270372,AETH\N270372,NULL,C54DD5DE-7F57-49DB-8A0C-8C0AC62FF014
F37BE902-22E5-4253-9942-6D5FBF602B9C,0,12:31.9,12:31.9,A846534,A846534,0,25881A12-C3BD-42C0-AEC8-23A386B19181
00C4FCF0-E97C-4F46-AC57-6D60A90ED989,29,15:21.2,15:21.2,AETH\N270372,AETH\N270372,NULL,46FA683F-C526-4B31-9AB5-BAB14EA3D787
FBD58FBB-CA6D-4951-B1ED-6D7129CA9E73,0,15:21.2,15:21.2,AETH\N270372,AETH\N270372,NULL,1C90BA84-ED0B-4EB2-B13D-4F5B8343C758
CA9A8114-8EB5-416F-BE22-6D7335F3787D,0,32:50.8,32:50.8,A846534,A846534,0,E5555D5D-7F26-4DA1-B743-B4009F46A1A3
A18895FF-D65B-45D0-A8D1-6D7EDAC8349E,0,56:58.0,56:58.0,AETH\A393668,AETH\A393668,0,7810BB8E-37BB-46F3-BB2F-2F24702C3A2B
98EBE428-0675-47E2-957E-6D85116020BB,89,15:21.2,15:21.2,AETH\N270372,AETH\N270372,NULL,F3AF15ED-41E0-4819-966D-36C3BF492D5A
1CB0A951-BB0E-422E-B4F6-6D899617B0CA,1.1,12:31.9,12:31.9,A846534,A846534,0,F1F630ED-E6C7-4653-9875-DEB8FDF54C4E
330786CB-C95E-4CB3-A30D-6D8A3C220311,0,15:21.2,15:21.2,AETH\N270372,AETH\N270372,NULL,79341603-7C65-4F2D-91A2-AD03B10E6AFA
75A3CE02-B354-47B7-A1FB-6D8FEA6D452B,5.3,03:43.0,03:43.0,A846534,A846534,0,B45543EC-4887-44DD-BE45-854FA4434101
A420DD37-6CD6-4F49-860E-6D9A62362CE0,0,52:33.9,52:33.9,AETH\A393668,AETH\A393668,0,9E3F5F9F-C8C6-4C9F-80A5-807B5B6B7BD4
E48593C0-6DF7-4BD9-ADA1-6D9DFAE83146,0,54:25.7,54:25.7,A846534,A846534,0,08DB5970-F6B8-4290-9A6B-5ED1A1E2E6B1
C15C65AF-E419-4C62-A4E9-6DB517548281,28.7,54:25.7,54:25.7,A846534,A846534,0,ECB37BB0-B2D0-4F56-B8C5-235296540A48
36005672-091F-4B4B-8981-6DD9446BA730,0,54:25.7,54:25.7,A846534,A846534,0,DD07C308-D58E-4D51-AFAF-5F331EC22013
20898DC3-4FF7-43CB-8558-6DEE67F9B4AF,0,52:33.9,52:33.9,AETH\A393668,AETH\A393668,0,A26AAB44-A5BE-490B-82BA-ED83AECBF68A
CA4EBB74-B266-45E7-B5DB-6E0897C1348B,37,56:58.0,56:58.0,AETH\A393668,AETH\A393668,0,D4C6AA4C-2B2A-4B93-AA43-5D3BB779830F
9DDCD06D-88BD-4948-8DA1-6E16D4F55327,77,52:33.9,52:33.9,AETH\A393668,AETH\A393668,0,6BEF9CFF-50A4-48C3-BB28-840DBBD8D5D2
D3C9D84F-81E8-4E25-AA40-728B89E855A4,0,52:33.9,52:33.9,AETH\A393668,AETH\A393668,0,C44D174A-74EF-4A24-BCCA-F13D6085DBB3
5E56C2AA-1A70-4F3D-9C8C-729A2298EC0B,0,15:21.2,15:21.2,AETH\N270372,AETH\N270372,NULL,817B8888-0871-4B3B-AE57-056A590BDBFF
A6B88435-D8D8-4C3F-B551-72A67A9D47D0,0,32:50.8,32:50.8,A846534,A846534,0,74A2C8F4-90EB-4DBD-BCC5-B0C313D24B33
0B71D26F-5F25-4D39-94C0-72AA4D90AEC3,0,56:58.0,56:58.0,AETH\A393668,AETH\A393668,0,975774BA-F34A-4D3B-A77B-30EEC398ABE6
70DC6656-7DD4-46DF-B677-72B0C30CF9BB,0,15:21.2,15:21.2,AETH\N270372,AETH\N270372,NULL,9B3F9119-5507-47C6-80D4-005EC34C33AC
3E2AD5F2-AF14-4EBC-9D2C-72C712F851E6,0,15:21.2,15:21.2,AETH\N270372,AETH\N270372,NULL,BD1BF793-B1DD-4FB3-BF00-87006236F049
34FD37C5-4372-4244-8EFF-72DA147AB9C4,0,54:25.7,54:25.7,A846534,A846534,0,09EE176A-6E95-4C85-9C7A-2EB1FE105A99
31B65720-4043-4475-9A17-72FCDC1268DB,0,32:50.8,32:50.8,A846534,A846534,0,E20482AB-C07B-4CCF-8236-191CE3890CEF
63D32FC1-8310-43E2-BFB4-72FF81EDAC9B,0,32:50.8,32:50.8,A846534,A846534,0,C58504AC-2046-4FF1-9C73-6843DAF8149B
9A2C720A-83C2-409D-B3A6-730171582103,0,54:25.7,54:25.7,A846534,A846534,0,07303FB7-7884-4ECA-B22E-9BF3866504AB
1F54F336-3437-4F0C-9331-73048A2701B4,29,54:25.7,54:25.7,A846534,A846534,0,FC8271EB-447F-4786-AD3C-DD3B7C368569
1081B86B-E0E8-4336-8682-733081DC9296,0,15:21.2,15:21.2,AETH\N270372,AETH\N270372,NULL,7DAF65BC-83FD-4CB6-A109-2BC873DA23EF
F144382C-54E9-40CB-AECB-7338E524C8D5,0,32:50.8,32:50.8,A846534,A846534,0,4125F9D7-B5DD-407B-AE19-1BF0FF63C99E
176D2B6C-CFC9-4364-AE0F-734431908B32,0,52:33.9,52:33.9,AETH\A393668,AETH\A393668,0,0A684769-21A0-4052-8831-48DF5B4E7E4E
0149FD00-EB27-47CF-9359-73469729D73F,0,54:25.7,54:25.7,A846534,A846534,0,A1515F13-203F-4827-977E-E826FC726DC7
FB87D658-C4C8-42DC-A880-73554ACD4F94,0,54:25.7,54:25.7,A846534,A846534,0,E4AB14E4-7956-4011-9227-D9B24E6EF452
E8DBFFEE-FDA5-4C6E-A12A-7361A255BB7C,0,03:43.0,03:43.0,A846534,A846534,0,6123D418-8E2D-4E62-9793-03E33FDDB051
7FC58BFF-ECEB-4FC8-92A8-73621693A828,0,52:33.9,52:33.9,AETH\A393668,AETH\A393668,0,A345F063-5EDC-473C-B071-457E51FF89DF
D132A660-BF61-4785-9EF9-736F325B97C3,0,03:43.0,03:43.0,A846534,A846534,0,600643A5-D2BA-43C3-B8B4-4A87A703CF8E
6EE5D2C5-A762-4AC9-BDE4-737F675BE652,0,12:31.9,12:31.9,A846534,A846534,0,7FBB2ACE-4467-493A-9824-10146086DA00
FA85170B-D328-4526-8D92-7380328BF975,7.6,56:58.0,56:58.0,AETH\A393668,AETH\A393668,0,CE769D0C-193F-45E2-82EC-257B5705A190
FEBA67FC-EB86-46DA-B617-73860C68B996,22,32:50.8,32:50.8,A846534,A846534,0,4EEFFD84-E542-44AA-901A-4C6D98945D9B
231AD3FA-0379-4E18-861C-7387BFC56FFE,0,54:25.7,54:25.7,A846534,A846534,0,FD8234F7-4954-450D-B646-A8BAA57D1E8B
F0894885-9008-47E4-B480-739DC0BFD73B,64.1,56:58.0,56:58.0,AETH\A393668,AETH\A393668,0,160D5734-B8B1-4704-81B1-EC8708F0C345
2677E531-769A-4479-8404-73B15C929FA3,0,56:58.0,56:58.0,AETH\A393668,AETH\A393668,0,A45EF426-4169-4B91-8F12-20C284C86317
4B45608D-CEB8-4B1E-8C0C-73B3047A2458,28,56:58.0,56:58.0,AETH\A393668,AETH\A393668,0,6EAF3101-60CF-4263-B625-07938E59A076
E7657D11-71E0-4251-B05D-73DB084C1203,0,32:50.8,32:50.8,A846534,A846534,0,91446151-CD2F-44E3-9CA1-673401F44355
0E8C703F-4775-467B-A3A0-73E5A2234CE8,75.3,56:58.0,56:58.0,AETH\A393668,AETH\A393668,0,6CD7DEEB-4417-4264-8C92-0CC6481A9A85
7C0B26AA-5AD9-4424-A583-73E60059CFE8,0,32:50.8,32:50.8,A846534,A846534,0,A162AF1C-3CEE-4273-9608-C304D657A7CB
E44E3513-91B1-4AC6-BD03-73EB7B5718AA,0,15:21.2,15:21.2,AETH\N270372,AETH\N270372,NULL,7FB6A5CB-742E-4371-A5C2-723D7BF7098D
BED5B529-4DA8-4B09-B09B-740620B77848,0,32:50.8,32:50.8,A846534,A846534,0,7C7C443B-A369-4AC0-A2D8-479267602726
E1538A05-52B7-4BB9-AD4B-740BAAEE1168,0,56:58.0,56:58.0,AETH\A393668,AETH\A393668,0,8350B84B-D407-4BB5-B731-D17761DF81C2
BADF78A7-010F-498D-96E7-740D17B411C9,27.7,54:25.7,54:25.7,A846534,A846534,0,B7B382D2-9DA7-47A6-9590-95C65F7FAE2B
4BFB16FD-0172-4A12-B24B-740E25BDAE7F,0,15:21.2,15:21.2,AETH\N270372,AETH\N270372,NULL,D8679337-37CD-49C0-807E-52C8599C433F
F78D962C-4043-4598-88B5-741383F0A34B,183,54:25.7,54:25.7,A846534,A846534,0,CF53A7F0-D1B8-47BF-AB5A-5972A7B468F6
40DDFC65-C333-4207-9E37-741FDC97B9B8,0,12:31.9,12:31.9,A846534,A846534,0,C9C85C7A-396B-4458-9477-B595AD2F440C
19D0B284-2F7A-4F8B-A7AC-74226792F92F,105,12:31.9,12:31.9,A846534,A846534,0,034A95B4-9BCE-4789-9B35-C50F7FD5ED06
FC095A7D-8BDA-4421-8155-742D03D55BF2,87,03:43.0,03:43.0,A846534,A846534,0,18925D23-33E8-419A-B751-746034D5C378
85A8074D-B40F-4734-BBB9-742D375C01B3,49.5,32:50.8,32:50.8,A846534,A846534,0,4B353A25-0912-4C83-BD51-EB2F5852EA5C
E59B9D61-7527-4764-99DA-7440655902D1,0,03:43.0,03:43.0,A846534,A846534,0,C1E731E4-D807-491F-A0E2-01B7EA73F0D7
37157F27-5FB0-4588-BD33-747B055B4E6D,15,32:50.8,32:50.8,A846534,A846534,0,24BB2DFC-3BFC-4A12-9394-5104A19BD332
A599D420-CC81-4504-8CBC-747C875C829E,63,54:25.7,54:25.7,A846534,A846534,0,49514DE7-13CA-44A7-8307-681155D4AF35
F0DE2E98-8C09-4A72-AD9F-748372F6742D,77.4,52:33.9,52:33.9,AETH\A393668,AETH\A393668,0,6F5FFBD5-A3D4-4E4F-A895-C7F0C9D31CA3
A1786A61-B336-4E4E-BA5F-749246117669,0,12:31.9,12:31.9,A846534,A846534,0,4B760F4B-741D-487D-B9CC-AAAFF2AA27A3
258C9FE0-D7E3-4302-B9D2-7496395EF60D,0,56:58.0,56:58.0,AETH\A393668,AETH\A393668,0,6ADC8521-4E26-46D4-A46A-F83FFCC1ECFB
08E95813-4401-4B4B-8755-7497F6CC8FB2,0,52:33.9,52:33.9,AETH\A393668,AETH\A393668,0,1971C2FB-65BF-4699-AF0E-38A5C00E424F
3CB9EA83-7E74-4924-BCCE-74A0E3D01F8E,0,32:50.8,32:50.8,A846534,A846534,0,F140508D-FC7B-4E53-A1DF-62AE2E8455E4
9B0078D0-B69F-4E99-A9BB-74A51418ED1F,24,56:58.0,56:58.0,AETH\A393668,AETH\A393668,0,ABE71355-277A-4D04-BBA1-169BB437C2FE
FE9650A1-555A-4C08-92D9-74B3BBE6312A,0,56:58.0,56:58.0,AETH\A393668,AETH\A393668,0,E8DBE81F-6684-484E-A374-7C367F32C988
3E3E3421-E07E-4BF1-9D72-74CD58B76E36,25,15:21.2,15:21.2,AETH\N270372,AETH\N270372,NULL,3C7A0668-DFEB-4BE4-B071-B76673597B3F
5A941DDE-D18B-4F66-84B9-74D57E7800EB,0,52:33.9,52:33.9,AETH\A393668,AETH\A393668,0,46B9BE42-6838-4436-89D2-73900EC1FA09
98458CB9-C847-4458-9467-74DD75C8FF27,0,52:33.9,52:33.9,AETH\A393668,AETH\A393668,0,1358CE84-7187-4A2E-8E02-D205E70B6017
4A5A40C0-1636-4ACC-AB0F-74E64629A682,90,56:58.0,56:58.0,AETH\A393668,AETH\A393668,0,52052306-5926-4254-BA15-8E5699A809C6
AEFF4FEA-5A1E-46B9-8D50-74F022AD2AE1,0,03:43.0,03:43.0,A846534,A846534,0,7F2E2948-E940-4519-8FCF-E777DCB890E2
4C13544A-0834-4DBB-A8F8-74FB048E31B1,68,15:21.2,15:21.2,AETH\N270372,AETH\N270372,NULL,313FF3E4-4B0D-4EB4-8E5E-9B704F1B0626
083990D8-7C14-4C53-809E-74FDCA00C12B,45,12:31.9,12:31.9,A846534,A846534,0,AA5F1364-79A8-475A-8E03-539CB3FED94E
2979A346-EF1F-4F9B-8F70-74FEFED349A8,0,12:31.9,12:31.9,A846534,A846534,0,AF0B9583-759B-4DB1-B69E-6478540A6533
B2D6A41A-4B30-417E-ABA2-750959FB9DC1,25,15:21.2,15:21.2,AETH\N270372,AETH\N270372,NULL,CAE8C0AC-9717-4CB3-828F-1A375CB7AA9D
85F37721-5ABA-49B4-9FEA-7509ACC3FF2E,0,54:25.7,54:25.7,A846534,A846534,0,18ACEA11-7AB4-44DD-9278-BFE76A5EF09D
2C2D85D6-1185-4E8A-A706-7512777013D6,0,52:33.9,52:33.9,AETH\A393668,AETH\A393668,0,E8DE4107-2D9B-4206-826D-396F0E4B1AD4
B96F23DF-D99D-4D7F-A045-752C12DAF6E1,0,32:50.8,32:50.8,A846534,A846534,0,BF4E7630-2AA1-42D8-91DC-940868F64792
19D1AD7D-DB23-4AA7-8862-752E6360AC4B,0,15:21.2,15:21.2,AETH\N270372,AETH\N270372,NULL,DB8D42DE-DC7A-4B70-A849-E0A29594AB77
65603918-44D1-4CD6-83D0-75357556FEE0,0,32:50.8,32:50.8,A846534,A846534,0,B4403B68-8A45-483F-87A4-27A2493CAF61
2C60B802-EC2D-49D8-B2BA-7547F3F1061D,0,54:25.7,54:25.7,A846534,A846534,0,F45125A8-1BF6-4436-9B2A-D26746768BFF
EB3F5247-4738-490C-8855-7564EC4988BF,28.4,54:25.7,54:25.7,A846534,A846534,0,42F482BF-B17C-41A5-88A2-B7DD049FBDA8
E1B70245-5A5A-4703-9CBD-756743DCB29C,0,15:21.2,15:21.2,AETH\N270372,AETH\N270372,NULL,8AA20412-09DE-4823-BCB1-8123A80E7A2D
BF9EA6B8-7448-4ED1-A655-7586BF5E6B6E,23,03:43.0,03:43.0,A846534,A846534,0,1B371353-2F31-4569-88D2-850FBD901F2E
CE1B6345-51EA-4C4C-9C0F-759FE80FBB49,0,56:58.0,56:58.0,AETH\A393668,AETH\A393668,0,A532BF9A-6B25-4247-BBA4-2E53A7E76EC5
53D0A878-B4EE-42B7-8ACE-75AB43842051,0,15:21.2,15:21.2,AETH\N270372,AETH\N270372,NULL,B4027495-C0F0-4556-A2DC-EE83968D3FE9
CB0D232A-8A3E-446E-AC23-75BA35E043F9,0,56:58.0,56:58.0,AETH\A393668,AETH\A393668,0,A0375B4E-D67C-498C-9240-3D3C94DD9DA5
7B933481-FBA9-4202-94B3-75BC6CBC7445,26,56:58.0,56:58.0,AETH\A393668,AETH\A393668,0,EFF882FD-46A3-4BC6-AA9E-C272C40A6167
B315C4A5-7EC8-49A9-99FA-75D05ABB67C5,49,56:58.0,56:58.0,AETH\A393668,AETH\A393668,0,9946B25A-38CD-4569-A23C-A48FF23E0FA5
6E71F93D-BD95-40CE-A81A-7A1CF9EED500,0,03:43.0,03:43.0,A846534,A846534,0,934B9DE8-B7E2-4FE4-B2CF-146F350C51E7
F617021C-49BC-443A-B7C1-7A1F33BA4221,0,56:58.0,56:58.0,AETH\A393668,AETH\A393668,0,B8B61BC7-664A-4626-863B-4EA03E264143
08422557-4056-4C6A-9B32-7A265069F5B5,0,54:25.7,54:25.7,A846534,A846534,0,E9D5323B-FA65-4DCB-8958-8E0B3DA6B902
1507CBCD-3CAC-4135-AFB6-7A27D54F11C7,0,15:21.2,15:21.2,AETH\N270372,AETH\N270372,NULL,DF90D39F-1A80-4EFA-BABF-37ED96357E2B
3C7A1CC6-3F1C-46BE-B870-7A4BF6F14EF0,0,56:58.0,56:58.0,AETH\A393668,AETH\A393668,0,E1FBFEBB-5F9E-45A8-BEE9-EE5942D9E5C3
7015EA02-BB50-4BCB-BCB5-7A5533DE0F1F,0,56:58.0,56:58.0,AETH\A393668,AETH\A393668,0,164A9FE9-F94C-4F82-9F9A-CB98B23467FE
2C438235-C3F9-4142-94F6-7A56E41380CF,0,12:31.9,12:31.9,A846534,A846534,0,E81A8559-CCED-4BB4-AFDC-38F82372F0C8
ED55C738-6E0E-472D-8DEF-7A65A386FD9F,37.9,52:33.9,52:33.9,AETH\A393668,AETH\A393668,0,43D8F6DC-ABD0-421E-BC49-861E56B0765E
538C85A6-560D-400B-B3B6-7A7479544A4C,0,32:50.8,32:50.8,A846534,A846534,0,A4E86F66-9206-4E19-BF70-116E82D71040
08876CDE-0544-4B18-A09D-7A9DF20A11B4,0,32:50.8,32:50.8,A846534,A846534,0,C4097E2F-75E4-47C9-A04D-EE917F894A7A
EFA4EE87-CAD3-48F1-AC38-7AA88C66A2BB,0,12:31.9,12:31.9,A846534,A846534,0,04699E04-A6D5-4A8B-B643-B5BD03C2DE88
EF7021B3-690F-4CE8-A6AD-7AB5D718EA83,42,32:50.8,32:50.8,A846534,A846534,0,CB66BEB5-D4CD-4F8E-B615-4974929290BE
666122B5-4587-4362-A1E2-7ABC9B9FE134,0,03:43.0,03:43.0,A846534,A846534,0,B9CE9DA3-4187-4557-96E9-53AC76F89734
A25B888B-BA5B-45E6-ABBD-7ABEAF731962,39,15:21.2,15:21.2,AETH\N270372,AETH\N270372,NULL,102F38C6-9CCF-4A1A-8633-BF5107E5B1B8
DC647D1C-4E6F-4C7D-BE0D-7AC91F5E6A4F,0,32:50.8,32:50.8,A846534,A846534,0,4AA886A9-8456-419C-B995-E69A235C3031
7C3C4AC3-53A4-435E-8255-7AE291FD0EDC,0,15:21.2,15:21.2,AETH\N270372,AETH\N270372,NULL,A7866BD3-3918-496D-BCDF-75F881D9FFEB
65E6ECCF-50A8-474E-9351-7AFE1D844058,0,15:21.2,15:21.2,AETH\N270372,AETH\N270372,NULL,134752A3-C29F-487A-90C5-F94B40F8F270
28563725-CBAB-4346-9B67-7B1598299598,0,03:43.0,03:43.0,A846534,A846534,0,6659EB68-3598-46B3-891C-D83134F69CB7
6B5BE103-5704-4A52-BFCE-7B2269275B54,39.9,12:31.9,12:31.9,A846534,A846534,0,472BB225-B40B-443B-B8E5-CECC66019920
8589E59B-FFD7-4B74-AA5E-7B2CD88CA31D,29.1,12:31.9,12:31.9,A846534,A846534,0,E2732B50-C832-46F9-A886-05C5BF0068F8
16625EE0-550A-4BA3-B4E4-7B3F7DE68919,0,52:33.9,52:33.9,AETH\A393668,AETH\A393668,0,9B8EC0AB-D087-49D2-B534-C7CBC99BCD0A
D59E3C42-B00A-463E-BFBD-7B441FA2A0AA,57,03:43.0,03:43.0,A846534,A846534,0,F2250E8A-2188-44E5-B7E1-7A3AB4E82C89
E7E9E40E-FBF2-4512-84BC-7B44C9EB9047,0,12:31.9,12:31.9,A846534,A846534,0,8F2A3CC2-CF5A-4878-A03A-5D0E4ED1F7BC
92742E13-3F0C-433E-848F-7B482D6AED14,0,54:25.7,54:25.7,A846534,A846534,0,AEFBB022-6769-41DD-AF8A-42ADB21D7695
0D5B4CF3-99CF-497A-A695-7B6FC2E08BFB,0,15:21.2,15:21.2,AETH\N270372,AETH\N270372,NULL,709FC3A5-DE45-4740-B474-20D1E268488A
FEE6FC7A-1E9D-4026-823A-7B773E6E75FC,0,56:58.0,56:58.0,AETH\A393668,AETH\A393668,0,BC493FE3-16DF-412D-B875-02E70896E8D4
500CFE27-62B2-4C25-A3F8-7B823EAADB8D,52,52:33.9,52:33.9,AETH\A393668,AETH\A393668,0,479CC177-5A1A-4F16-938D-EC7F6F8302F9
8D9D69D0-C524-4293-A1AB-7B8A78058401,0,05:34.7,05:34.7,AETH\A393668,AETH\A393668,0,4A7C9D71-8C68-41BD-BF76-DDB5867C7099
DD199E85-E751-41D3-AB08-7B98B24F56EF,7.9,52:33.9,52:33.9,AETH\A393668,AETH\A393668,0,4A398171-B123-4734-83C0-CE7855E31B6F
8DBA319E-80C2-4525-8333-7BB4952EC583,0,15:21.2,15:21.2,AETH\N270372,AETH\N270372,NULL,DBA42FD2-EDD4-4F6C-9FC2-BFF7DE9DB49B
05B9D742-C198-4496-8795-7BD9886A3A38,0,03:43.0,03:43.0,A846534,A846534,0,F7BBF414-880B-4AFA-922E-B9B9146B01C1
A478E135-C214-447A-95EB-7BDB747674D7,0,15:21.2,15:21.2,AETH\N270372,AETH\N270372,NULL,A5B7A8C0-2893-4503-BF28-D931E6404B52
EBA926B4-BB20-415C-9DFA-7BDD57DBBE92,0,32:50.8,32:50.8,A846534,A846534,0,34AD15E8-5D8B-473B-B24A-18FEF4E7EE7F
B5EFA4B4-6762-40F2-A606-7BE5E093F594,0,32:50.8,32:50.8,A846534,A846534,0,C486C9AE-9917-4747-8E67-FEBB127C4575
41799F34-5D76-46C2-BFFA-7BE98914E093,55.1,32:50.8,32:50.8,A846534,A846534,0,26733687-ED92-416B-93EE-7B854D45C49A
9D1B607C-8051-4470-BDDA-7BF3E35B1F0D,0,56:58.0,56:58.0,AETH\A393668,AETH\A393668,0,9B58FA1E-7B90-41FA-AC69-1B6D67960BDF
A5265CED-69A5-4F33-8524-7C01061F9AB9,0,52:33.9,52:33.9,AETH\A393668,AETH\A393668,0,4EC16DA3-CED6-459C-802D-C091DC2C46BD
B63D7886-EAEC-43CF-880D-7C2BAFA3041B,0,03:43.0,03:43.0,A846534,A846534,0,3F6BE996-0016-4E7B-A53A-4BC5B89B670A
910E6AC0-4BE7-4C42-8557-7C2CC903CC2C,142,32:50.8,32:50.8,A846534,A846534,0,642B1F6E-4EE2-4BBD-B62C-3AAE6FBE6BCD
2953C114-5375-48A1-89AF-7C3CA6E9F17C,0,56:58.0,56:58.0,AETH\A393668,AETH\A393668,0,B19520C2-C06B-442A-B567-ECF64CD1CEE6
C10ACA78-C537-4B5E-A9C2-7C3D01664D77,43,12:31.9,12:31.9,A846534,A846534,0,832FF12E-259E-4766-B030-F22E3BF1D3F6
CBCCDD35-AE90-4192-A8EC-7C404E557F5B,0,54:25.7,54:25.7,A846534,A846534,0,DF97522F-8978-4632-BE6C-C9C53EE8A04E
DA7B75BE-BB8F-44A1-851D-7C54221A2976,29.2,52:33.9,52:33.9,AETH\A393668,AETH\A393668,0,232F6B7F-1B26-4B79-9E5D-24726CBE9168
2160C305-4B3B-4A33-BFC6-7C68FF5B6AFE,0,12:31.9,12:31.9,A846534,A846534,0,E19D1C87-E650-498E-AA23-8B8FF052573B
129007F4-AD83-47D2-9DB6-7C6D8642B9ED,0,56:58.0,56:58.0,AETH\A393668,AETH\A393668,0,637FDFF0-D70E-47CA-9644-8D59AF15E3CB
EE7613B1-BBA5-4F01-9C29-7C6EBBE1CE93,37,12:31.9,12:31.9,A846534,A846534,0,521DBBF9-7BE4-4469-A173-214E772528CD
B501A739-74D2-48F3-821D-7C7F7FF3950B,9,03:43.0,03:43.0,A846534,A846534,0,030DBBBB-83D9-4D5E-B69E-FDEE4ACB445F
4D1B9BEE-3274-4DB7-A550-7C806DC560BF,38,56:58.0,56:58.0,AETH\A393668,AETH\A393668,0,D803128F-3048-46D4-A184-E676D254B0B1
9AE34A07-25B4-40E9-84E8-7C8754F45EFF,0,56:58.0,56:58.0,AETH\A393668,AETH\A393668,0,F6DBA6A6-53BC-42C0-A39D-D7BB4FD8B30F
63735ED9-5049-4E91-BF90-7C93052FE012,0,32:50.8,32:50.8,A846534,A846534,0,59DAB518-1D33-443F-9FE5-3DEA8E2C1EF0
070A6819-34F2-4CDD-9459-7CA99DD40061,0,03:43.0,03:43.0,A846534,A846534,0,0B026003-D1AB-4CAC-8958-40D18F8B598D
5EDC148A-052A-4E9B-8447-7CAD8978E9D9,0,12:31.9,12:31.9,A846534,A846534,0,675DD58F-6C70-4DE6-A49C-AC04EFF3D2A6
2E47D347-8A68-4995-95B5-7CDDC776C805,0,52:33.9,52:33.9,AETH\A393668,AETH\A393668,0,9460F3F3-2BFC-4D2E-9B53-7E5364076D9F
044A5950-464D-4C88-9BA8-7CDEB2B4204E,0,03:43.0,03:43.0,A846534,A846534,0,5242F571-B8EF-493E-B24B-EF1707C623E8
D4E9D360-E33D-48DD-8927-7D0C383CDCE8,0,52:33.9,52:33.9,AETH\A393668,AETH\A393668,0,336E6604-A870-48E5-A29A-38E765F8567A
657C98F4-8F69-45BD-AA5E-7D0EEE87A8AF,5.3,52:33.9,52:33.9,AETH\A393668,AETH\A393668,0,76971867-3539-4743-A3F9-D65E74235164
3B9EC619-32FA-4479-BB59-7D2193EE7E48,0,32:50.8,32:50.8,A846534,A846534,0,8F659A14-1A3D-478D-B54A-338AA32E79D1
F0FA1752-0ECC-470F-92AA-7D226630BA0A,0,15:21.2,15:21.2,AETH\N270372,AETH\N270372,NULL,9E1A93BF-CF89-495F-9B20-1A71DD0832DE
0FFFFE37-3357-4D60-A99E-7D2526A9BC36,0,03:43.0,03:43.0,A846534,A846534,0,7B3649A0-AA81-45EF-B61E-057BA901BB41
7052EB63-7FF5-43BD-A957-7D2C1F9C9A9F,17,32:50.8,32:50.8,A846534,A846534,0,4EEF4EC2-809C-4DA0-BA2F-7609B1753953
3ADB3F70-B42D-461A-BC0E-7D3B6A887D9B,0,54:25.7,54:25.7,A846534,A846534,0,08AFB8CB-32AB-41E8-9DA6-D01733C6CCE0
F0909356-EBBE-4752-8BF9-7D4CD99C7C2B,34.7,52:33.9,52:33.9,AETH\A393668,AETH\A393668,0,4D47B5BB-61CC-4ADC-BA66-0E9C4A1DDD90
BFB0483E-8C79-4C4B-BAC0-7D583292AA94,0,12:31.9,12:31.9,A846534,A846534,0,7A5E9424-D332-4EB8-B816-C9F61546BE7E
7CFCDB98-F529-48DC-B99E-7D64D1541B24,0,03:43.0,03:43.0,A846534,A846534,0,1B767043-7AFD-4502-80B3-680FE49F12C8
40FCF95A-AA4B-47CB-85E5-7D68426BD071,0,54:25.7,54:25.7,A846534,A846534,0,64C4B88C-B5E5-496A-A3EE-D93DFD7EDBF6
E005091A-A550-446F-9B9C-7D7109E70FD6,0,54:25.7,54:25.7,A846534,A846534,0,D5F25A17-F37C-4765-9E4B-6C386809AB83
B7FAA381-1C4D-4CE3-ACCC-7D993F6766A1,0,54:25.7,54:25.7,A846534,A846534,0,52C8FFC8-3ED6-4ED5-AD39-2F446347122C
2C687B5F-5CC1-423C-84CF-7D9DCC3D667F,0,15:21.2,15:21.2,AETH\N270372,AETH\N270372,NULL,8F0423E3-41D9-4C5C-B60A-6ED87F23AF34
24C0AC5E-2ACA-480D-86F2-7DA1083563B8,37,03:43.0,03:43.0,A846534,A846534,0,B7659CF1-9EC7-40FC-8DA0-AE108003594D
EE2C4414-B9F9-4CE6-9D6B-7DA9AE940892,0,32:50.8,32:50.8,A846534,A846534,0,762DA214-BFB3-49AF-9775-1A7534BC38B4
1029DDF3-B771-442D-B28A-7DB983DAC0EA,0,12:31.9,12:31.9,A846534,A846534,0,02C85F41-2B5F-4CA5-BF25-24DC94DC7A28
B3B98FBD-E680-47AC-BD89-7DC1B90D754A,0,15:21.2,15:21.2,AETH\N270372,AETH\N270372,NULL,D62892C8-D7FE-4E89-93A7-14B3886E0805
147FE070-3FC2-489F-94D2-81F2709AC318,84,56:58.0,56:58.0,AETH\A393668,AETH\A393668,0,6E3F8FE4-AB7F-41FF-AC7B-61ACD3EDB0AD
E0BA4908-E064-4B33-B61A-81FE6465B6FE,0,32:50.8,32:50.8,A846534,A846534,0,1A0B8FBD-86E7-4EDA-8864-BD567BAEFA08
E90ABC9D-1877-49F1-8C22-82031FC6F7A6,0,56:58.0,56:58.0,AETH\A393668,AETH\A393668,0,BADFB128-8D53-4052-8E20-D239F5A9D027
58A2F768-3BD0-447F-86B5-8208F4DDC9C8,0,54:25.7,54:25.7,A846534,A846534,0,F85A76BB-2A79-488A-B226-67098D68AAFA
494FD367-EC02-435F-9D5D-820DFE309210,0,03:43.0,03:43.0,A846534,A846534,0,E1A1E7C7-340C-43F2-8BD6-FD0BB658E6CF
A43CFEF3-EC1B-46D3-B5EE-821E735B414F,98,15:21.3,15:21.3,AETH\N270372,AETH\N270372,NULL,C218FA48-EAD8-4FB1-85F4-6B3A0411CE76
ADD963B6-2776-42B6-B742-821FD949123A,0,52:33.9,52:33.9,AETH\A393668,AETH\A393668,0,3DE4B06D-F836-46FF-A261-BD8E29CB0FFB
81B763F2-4D32-4AD5-8556-8221CDC401EE,0,03:43.0,03:43.0,A846534,A846534,0,0AC75B61-9A93-4EB5-AA1D-0B6E3129E3C5
99890BAC-CE66-4AA0-96DA-823024A0AB82,0,15:21.3,15:21.3,AETH\N270372,AETH\N270372,NULL,81FDFEA6-4F04-4154-8B78-0711F499E69D
1E5F1813-48B4-4EB3-8838-82385DCA9122,0,56:58.0,56:58.0,AETH\A393668,AETH\A393668,0,94659347-4FA6-4D8A-ADDC-599F7212429C
DDEE996B-FE57-4EEA-8C69-82433115A377,0,12:31.9,12:31.9,A846534,A846534,0,C8B4F578-F23E-4E5F-AC17-6E5F87CC46E0
318DA284-4CD4-4AAA-A6ED-824A8B1266BA,0,52:33.9,52:33.9,AETH\A393668,AETH\A393668,0,8AD0A46D-0E39-4BF1-8469-137C87AF34CE
F5BC2D66-240D-42F0-B026-824B70749753,171,03:43.0,03:43.0,A846534,A846534,0,51B676DD-05B8-4170-984A-3BE07D4F92EB
261DDA88-C749-4B07-B56A-8264CB3A82AD,37,03:43.0,03:43.0,A846534,A846534,0,BF825A2B-2955-4EBE-847F-0B5C6B18A72B
83040637-0B4A-4554-85CD-826F3B6C688C,32.5,52:33.9,52:33.9,AETH\A393668,AETH\A393668,0,14A9D182-8284-4118-94BE-7BE7A2453233
11636A3D-2B5F-4AEE-9BF5-827DF00AF734,139,32:50.8,32:50.8,A846534,A846534,0,6D7A7966-0CB6-4174-B78C-1F74690AA6FC
D2FB5F20-7A67-470F-ADE1-8284770A9D3D,61,32:50.8,32:50.8,A846534,A846534,0,FF9FBD29-9D89-444C-80AD-6ED36E643E7A
EECD19E8-3E44-4ED9-BB2B-8287965AD299,0,12:31.9,12:31.9,A846534,A846534,0,1DA221DF-11D4-45DD-989C-806F10A46B14
28D7E028-5B79-42F7-8DD4-82C351DEA961,29,56:58.0,56:58.0,AETH\A393668,AETH\A393668,0,08AED5FC-F465-43CA-8A76-D158D97CE544
96DC4EED-D5F9-4ADA-919F-82C750CFED8E,0,54:25.7,54:25.7,A846534,A846534,0,C637EDCB-1EE9-48E1-8F81-B273D2784794
7A7E77D1-C5E4-4AA9-B962-82CC01B2D8EE,0,52:33.9,52:33.9,AETH\A393668,AETH\A393668,0,ED8289FF-D248-4467-8836-B26BF24D8AFE
51507FB2-7997-4582-8779-830800F2FF68,0,03:43.0,03:43.0,A846534,A846534,0,0E149377-E9D7-4C4A-993E-CCFDF6987F81
265B1409-9FB6-4D26-BEE6-831339E91810,0,12:31.9,12:31.9,A846534,A846534,0,AB22CFC5-9975-43A5-9F5A-75D4AB250BE4
AEC8A4AC-237B-4ACD-B37C-833475F400C5,0,15:21.3,15:21.3,AETH\N270372,AETH\N270372,NULL,DACF7416-B74F-49BD-864C-57509B8B0D60
D93B43C3-3B18-4394-88C7-83364D7E1E9C,0,54:25.7,54:25.7,A846534,A846534,0,9E9512BF-2180-4741-BA0B-D5C0403ABFCA
6E3C9874-D4F7-4FE6-B2D6-834922903F75,0,54:25.7,54:25.7,A846534,A846534,0,5F2D38D5-8637-46B9-B955-3B5BBAA4AD79
46EAA9F6-E4BA-4E4F-B402-834D9E582380,0,54:25.7,54:25.7,A846534,A846534,0,5EEAE06F-1EBC-47DB-A7F3-B415C26AB81A
48E85E8B-E141-4B7E-8038-837FA750BFC5,0,54:25.7,54:25.7,A846534,A846534,0,FD9AA2DA-6973-4E51-9372-085ADC250FFB
A56A24F3-20EB-48C7-9F0D-8381C0C4CA2E,0,15:21.3,15:21.3,AETH\N270372,AETH\N270372,NULL,411BDD8F-513B-4AE9-BD46-26A44B785F50
CF743A26-C2E1-46D8-B690-838CA50A848D,134,15:21.3,15:21.3,AETH\N270372,AETH\N270372,NULL,F003C887-6214-4F01-9BA2-A769AFB2A5E5
D8A5123D-B20A-4050-8835-839399AE535B,0,32:50.8,32:50.8,A846534,A846534,0,2EB232CF-ACF5-475B-89BA-E5802A01D8F8
2079CBAC-736E-4355-B5DC-8394DB2C0AA3,26.5,12:31.9,12:31.9,A846534,A846534,0,13510CEB-F6DE-40A0-B300-F7BBC713C6B3
B3024402-E3EE-4597-B271-8397C13AA8BF,0,56:58.0,56:58.0,AETH\A393668,AETH\A393668,0,1D19ADF5-3849-4346-A725-CE3E980BE937
FED20601-7117-4B76-8A59-83AA70991F4D,0,03:43.0,03:43.0,A846534,A846534,0,2165CE69-A579-4C8A-BE74-622673013BD7
AB45BFD9-D60C-4FC1-A297-83ACC37B431F,0,12:31.9,12:31.9,A846534,A846534,0,60C1BA3D-9E60-4CEA-9AA1-D72AA6EEE1CF
6F055F13-CC33-4BC3-BA79-83B55691360F,0,54:25.7,54:25.7,A846534,A846534,0,7E52BA92-B985-4D13-9052-9974ACE527E3
09F16610-D5DC-4811-A5BC-83BEDB08FF48,22,03:43.0,03:43.0,A846534,A846534,0,35332120-486F-4F17-B1EC-F13C0076EB25
A0107DC5-8E53-4BE8-8BD3-83DD478422C7,77.8,52:33.9,52:33.9,AETH\A393668,AETH\A393668,0,03418EC0-AB32-495F-A8F4-F3DF64B37722
7D25EA31-6D26-42A4-9549-8414BDCEB890,0,12:31.9,12:31.9,A846534,A846534,0,9A6CAC9D-611E-44D9-AC88-A3681F6123E7
9BF56827-A0EC-4189-8AA0-841CA44DBDC4,6.6,52:33.9,52:33.9,AETH\A393668,AETH\A393668,0,08C68255-05D6-4BA1-9E9D-89A83327B297
62EEF7DD-5FA3-4061-BD30-842557FC54E2,0,32:50.8,32:50.8,A846534,A846534,0,DEAF1390-5F19-4072-A78B-47D65B459598
0CEFAAE5-EC31-4DCF-92A4-842920AEFFF4,0,15:21.3,15:21.3,AETH\N270372,AETH\N270372,NULL,2F262922-DC53-4156-BE1D-ABFBAA8DA8A6
8F9C8EF5-9301-4DC1-B5A4-8438BDD6C08A,0,12:31.9,12:31.9,A846534,A846534,0,D4807EBB-0C93-48B4-A3AD-4B434A545BB0
4143F39D-A342-4F94-A090-8448AAE311B3,97.4,54:25.7,54:25.7,A846534,A846534,0,1525218A-898B-4610-B97A-8422F09EAFA3
187AF838-A766-4ED9-942F-844AA1BDA9F7,0,52:33.9,52:33.9,AETH\A393668,AETH\A393668,0,DE004CB8-F440-4598-8370-1A8BA54691BA
DD13D447-C221-4E55-BC01-84563DE151CD,0,32:50.8,32:50.8,A846534,A846534,0,5B7982D3-13A7-48C4-9514-2C967B5E1DEE
D1A84DFF-C107-4F37-8D31-845FDCB89F04,7,03:43.0,03:43.0,A846534,A846534,0,3128E1BD-7BD9-491D-8018-4EBA7AE8F10C
FDE5317A-30C4-4214-AEA4-846FD59B29EA,0,15:21.3,15:21.3,AETH\N270372,AETH\N270372,NULL,046FF78C-2C9F-4244-9326-7B53691A5F9C
72BF160C-DDF8-4124-8680-847CC545FFE2,94.9,54:25.7,54:25.7,A846534,A846534,0,0C3A2DE8-170A-4FB9-81F8-70C8D7C00F39
DE7BC244-0448-469F-8273-847D330077F3,32,52:33.9,52:33.9,AETH\A393668,AETH\A393668,0,5DBB03B6-670E-464C-A53A-8EB241CFC778
8C16FE90-BBBC-48D9-9278-84A3516C060B,0,12:31.9,12:31.9,A846534,A846534,0,37564263-918B-4D23-913B-A1F10AE5EDAA
2321B755-8610-4F5A-821C-84AC8736289C,0,15:21.3,15:21.3,AETH\N270372,AETH\N270372,NULL,42905E6E-72B2-4D1A-AF64-A05C6D81C867
0E2EE74C-67EC-4C75-AFD2-84B0D0710752,0,03:43.0,03:43.0,A846534,A846534,0,60EF96C1-2406-4644-A841-929F424D0B21
D2D8AFDD-8B7E-402D-BDD5-84BB6C41A53C,0,54:25.7,54:25.7,A846534,A846534,0,27DEC777-83E7-43D0-8D65-ABDC55AB5BB6
CBE1E63B-4B41-4875-9483-84BCE5BC6B00,0,52:33.9,52:33.9,AETH\A393668,AETH\A393668,0,49FCB599-5393-47E9-A38C-A08DF351C58B
4CB8065A-5D8A-43A0-BAA4-84C9390A38F6,0,15:21.3,15:21.3,AETH\N270372,AETH\N270372,NULL,B9B12DF5-5CAD-445E-BA56-C997B9D02032
EEFD999E-AC66-42BF-9D4B-850941431540,88.6,52:33.9,52:33.9,AETH\A393668,AETH\A393668,0,B62AA060-6C9E-4830-A93B-D9558A8FF457
46844AA5-7DD5-4369-AB6A-8519FB72A312,0,54:25.7,54:25.7,A846534,A846534,0,0E7EEE63-7EF0-4924-B550-59B732F936BB
27BB1D6D-0BF7-40DD-B2EF-85247713D684,0,15:21.3,15:21.3,AETH\N270372,AETH\N270372,NULL,15503492-3E22-4E8A-916C-504C9E0CB73D
0EABCD23-4DAE-4913-B345-85250F02FFA9,15,15:21.3,15:21.3,AETH\N270372,AETH\N270372,NULL,701AFCDE-1F5E-48B0-83A1-883E1101EB26
1CAE1D43-C390-46C2-AEEA-8526551AB0E3,0,03:43.0,03:43.0,A846534,A846534,0,4EF6B689-6B31-4A2A-964D-0BD8D466C2C4
7DC9018C-A390-41BC-8EF1-852F664878B8,0,03:43.0,03:43.0,A846534,A846534,0,34DA055C-CAA6-4AB5-83ED-E03C92BB5807
25AE81DD-2AFF-46DB-958F-85328AE359C4,0,12:31.9,12:31.9,A846534,A846534,0,B21C35D5-B99A-4FAE-9653-F22B5857C7C2
8F87C1EC-854B-4DF6-B3B5-853D0879F591,0,54:25.7,54:25.7,A846534,A846534,0,728C0B43-1093-4FE8-81E6-531EEF2A321D
D068FF05-9613-4715-9E63-854D64435CC3,17.5,12:31.9,12:31.9,A846534,A846534,0,9FCF68E1-704D-4459-B13A-47AAD0E8BE7E
9B9F7144-F18E-48DB-B250-855851F76070,0,56:58.0,56:58.0,AETH\A393668,AETH\A393668,0,6752228C-9273-443B-8E95-717D9A35AF07
4F275A3F-9730-4688-B4E6-85594CAD825A,0,52:33.9,52:33.9,AETH\A393668,AETH\A393668,0,99BE342D-1428-4701-AD46-7ACB5939AA0E
A3434DF0-2B69-442E-BDDD-855B6E021F66,0,56:58.0,56:58.0,AETH\A393668,AETH\A393668,0,AD662DD6-C863-4B70-8595-78D70DA7FAFD
386BBECB-3FD3-4B9A-9413-8570109B7DEB,27,03:43.0,03:43.0,A846534,A846534,0,B27FD1E0-95F5-4E75-80D3-D6775C00BEC1
847F5897-62B8-4AFB-A173-8579B9D260BF,14,12:31.9,12:31.9,A846534,A846534,0,921F3C65-B895-42CC-BDB5-520FF788A4D4
E31F694C-0310-40F1-A730-857CB3622EFB,19,52:33.9,52:33.9,AETH\A393668,AETH\A393668,0,61461A14-BCA3-4519-901C-1DAAE833FF89
3D855C5A-ACCC-4429-8AAC-899D1AEB4D89,0,03:43.0,03:43.0,A846534,A846534,0,0671ADC4-D8DA-4AE3-BED3-8E510F9E151C
4FA32086-C3B6-4671-B441-89A0226416EE,0,15:21.3,15:21.3,AETH\N270372,AETH\N270372,NULL,5CCA08E6-8F78-4A67-BBFE-5AC4490B6406
B6A82E7D-4022-4F59-9AAD-89B437CC6771,0,52:33.9,52:33.9,AETH\A393668,AETH\A393668,0,251BEA49-1955-4EF7-B817-D3D605F7E670
2D5B7BA6-A592-47A9-A68D-89B73C886CC0,13.8,12:31.9,12:31.9,A846534,A846534,0,D3E427AD-3E28-49D9-B048-CF346A65C513
9AAB9404-094D-44D1-9023-89B80D2A732B,41.5,54:25.7,54:25.7,A846534,A846534,0,2D78AFAF-2F19-43C0-BB43-B3C92CFD33CD
E1E8D8CE-8156-4D82-B7D3-89C1061444D0,0,32:50.8,32:50.8,A846534,A846534,0,1CA6069A-216A-47BE-B0B7-129126018A1B
0B0A306D-43FF-44EB-855E-89C4F1C296DB,0,52:33.9,52:33.9,AETH\A393668,AETH\A393668,0,B2BC7A11-8D7C-4104-9D6A-B1429A9932EC
8D067CFD-4EF9-4EFE-8A2D-89C535B62CE3,11.5,12:31.9,12:31.9,A846534,A846534,0,97269014-498D-476E-B63C-ABBF5BCE2245
4F0D9838-311C-44F3-B0A9-89CF484E0AFA,5.8,32:50.8,32:50.8,A846534,A846534,0,D5DF42E0-25DB-4035-95BF-83432882C45A
D19ACA19-401F-4499-8EFD-89CF8E4E9864,0,56:58.0,56:58.0,AETH\A393668,AETH\A393668,0,FEC5CECB-B31D-400D-9842-9494E159816D
93146E4A-A40D-4E82-A8C5-89E15EEDC80E,90,56:58.0,56:58.0,AETH\A393668,AETH\A393668,0,5D1EBE9D-E023-4BDA-8E6A-78500E950CD7
69CA82AA-1FF1-45FF-AF48-89EA186C00AB,0,32:50.8,32:50.8,A846534,A846534,0,C26DB3D2-C1D2-4E71-A77D-163E7434F0A4
42CDD6F8-0B64-40BA-87B6-89F330D4FA9B,66.9,12:31.9,12:31.9,A846534,A846534,0,588EE9B6-FB7F-44E5-9EEA-D4FE08EF91CF
9C1CC40C-EE41-4FEA-BCE3-89FBB206B5A9,0,52:33.9,52:33.9,AETH\A393668,AETH\A393668,0,ADD29D96-EEBD-472E-B0A1-48B7C2BC1E1D
7E0B2ACC-D30F-4112-8121-8A0412388DBE,112.1,03:43.0,03:43.0,A846534,A846534,0,571B0C79-12F7-4A65-A48B-FB40DB2168EA
9B587CB8-362E-4030-A2C1-8A81ABB98C2B,0,56:58.0,56:58.0,AETH\A393668,AETH\A393668,0,F522A25D-506F-4E20-9045-3F7FE80D5755
2CF395AE-1E2C-4811-A112-8AAA8C50DC3D,0,52:33.9,52:33.9,AETH\A393668,AETH\A393668,0,045A2A7F-894F-40D0-ADA7-3FBAF375565B
F5CC5719-5763-4FA5-8337-8ABDB6E22E51,0,52:33.9,52:33.9,AETH\A393668,AETH\A393668,0,1A5E0911-C5CB-4092-A2F7-0E7DB992B6BD
23707A28-BA4B-4422-94C6-8ACB40AB5892,7.8,15:21.3,15:21.3,AETH\N270372,AETH\N270372,NULL,C2A58DD3-4B7C-46B1-8165-E5B39557A406
56B6265F-955A-440E-A6FF-8ADC6F121FBB,0,52:33.9,52:33.9,AETH\A393668,AETH\A393668,0,ED3B57F4-3F54-4756-A337-8C1D4AAC43D4
21842E9D-2F68-484F-B371-8AE36FFEF069,0,15:21.3,15:21.3,AETH\N270372,AETH\N270372,NULL,0067B10C-B3E8-403A-A827-9DFD1E9E59A3
1077EA3C-7082-46D6-B451-8B0BC764AA97,0,03:43.0,03:43.0,A846534,A846534,0,822E5A6C-4D40-48E7-AEC0-5A808180B540
5332C4D3-1E2D-4170-904A-8B0EDFE83AFD,105,56:58.0,56:58.0,AETH\A393668,AETH\A393668,0,7FC48AE9-A3E3-4EB7-B04C-6B249AA3D005
A170FD85-C780-4EAE-89D1-8B10950DF07B,0,56:58.0,56:58.0,AETH\A393668,AETH\A393668,0,A717E602-2F54-4849-9996-E72EB4B2F1CD
6E7200D5-F3AD-4407-8ACF-8B10AE6B540B,0,03:43.0,03:43.0,A846534,A846534,0,4D73D667-015A-4AB9-BDFE-7F9C13B636B2
5DC179CA-0C4D-4450-B730-8B1344A10F86,0,56:58.0,56:58.0,AETH\A393668,AETH\A393668,0,935FD245-BCC9-43B6-ABA8-0DCE3657BEC6
7DC9F709-4F4E-420B-B2A7-8B239C7D624F,0,12:31.9,12:31.9,A846534,A846534,0,96758685-94AF-4AA7-8B2A-04539A04B9F9
54CA3E72-678C-4C2D-8CE6-8B396E10053C,0,12:31.9,12:31.9,A846534,A846534,0,CCC28ADA-64E4-4012-B76D-92CEEB566AFE
4B017222-77DF-4A33-B4B9-8B49A3E67D8F,0,52:33.9,52:33.9,AETH\A393668,AETH\A393668,0,0C6FD49E-D43A-409B-A416-D84B043B5987
79EC5791-12CB-432A-9EA8-8B6882C24D55,6,12:31.9,12:31.9,A846534,A846534,0,E3512FBB-E372-4608-94A5-111D1E36846D
33DC8879-69AD-446E-A72D-8B6BC6C6B9F2,77,52:33.9,52:33.9,AETH\A393668,AETH\A393668,0,8A72C931-409E-4ED7-93C0-54DF6AF25DDE
06B9FC37-7F12-4498-B4DA-8B982D16CCF8,0,12:31.9,12:31.9,A846534,A846534,0,4A6576E9-8567-476F-A1FD-2AF2704C2BDA
8BE1671E-FCBB-458B-A788-8B9D7CAC1BDA,35,52:33.9,52:33.9,AETH\A393668,AETH\A393668,0,9669A4FD-0A14-4062-BF1A-FCAD2CBA93A5
74625683-E534-4CB5-9211-8B9EF9DC4368,0,56:58.0,56:58.0,AETH\A393668,AETH\A393668,0,92F3EFC8-F909-4C24-A443-24DD75BFB1A9
9EB3790A-EF8C-4932-9AFE-8BAFB93FD5ED,0,54:25.7,54:25.7,A846534,A846534,0,34BFB253-C723-4C09-A261-0F663E8A3E4F
818AF675-6A9B-4341-83D1-8BB3C9670D18,18,52:33.9,52:33.9,AETH\A393668,AETH\A393668,0,FF7AB307-4B1D-4AAB-88E9-C9FFE233CB5F
3739F523-4CC7-402A-BA45-8BBBE2F41B79,26.6,56:58.0,56:58.0,AETH\A393668,AETH\A393668,0,EB2889DE-EB01-47CF-943D-ADCD9F1A83F9
A101055E-66EB-4E0C-AF63-8BBCA3CB4ED5,0,32:50.8,32:50.8,A846534,A846534,0,B0A07F4B-CAF5-4771-ABE3-95368A8B3CA3
CAACB0FD-5137-48D8-B2A6-8BCC54A63DDE,0,12:31.9,12:31.9,A846534,A846534,0,B6ACBC86-2202-4688-A1F7-ADF5B56ECF37
9EBC6DFD-0869-4F73-87BC-8BECCE67609D,0,03:43.0,03:43.0,A846534,A846534,0,BDB11B97-4D45-42EF-9505-40194E809702
58437B7F-6C8D-43BC-8C9D-8BF28BA626E1,0,32:50.8,32:50.8,A846534,A846534,0,D440DD79-B843-40A1-B1A9-7FA3AC73ED4F
FA99AEE9-B304-4FDF-8F66-8C10398FA941,40,03:43.0,03:43.0,A846534,A846534,0,C914A3D8-A07F-45A4-9018-DCD85F77AB5E
E06DDB4D-F130-47CC-96C0-8C11A8F214F1,0,52:33.9,52:33.9,AETH\A393668,AETH\A393668,0,5BEE0C67-078E-48A8-AAA7-F8163C4717CB
9EB74620-D80F-406E-B8C2-8C198BFE4667,49,56:58.0,56:58.0,AETH\A393668,AETH\A393668,0,C1847623-C709-48DD-BD80-613B00201F19
A4C302B5-A867-4905-9E15-8C42A31F0411,0,52:33.9,52:33.9,AETH\A393668,AETH\A393668,0,080A2884-2520-4748-8A0C-F7D6AD381BAD
D79F4B76-88CB-4DA9-9E1F-8C4B390B7C06,0,32:50.8,32:50.8,A846534,A846534,0,4FCEE22E-E0AC-486F-9E61-7445E1721405
08BAF31E-2B9C-4C24-86D2-8C57A7159754,21,12:31.9,12:31.9,A846534,A846534,0,91304080-15C4-41A0-A6D2-01C7A492241D
76468594-570B-40FD-92B6-8C65EDB80E9F,0,32:50.8,32:50.8,A846534,A846534,0,7AC84E4A-1C49-46D2-A3CA-111712CC6FD8
2C317946-50E5-438F-8B4D-8C70A0ABF47D,0,56:58.0,56:58.0,AETH\A393668,AETH\A393668,0,52D9CFF0-4F4B-4682-9F80-54C6A5C03EFA
3E9CE3DD-A6F8-4B1F-856E-8C81A11A37E1,22,52:33.9,52:33.9,AETH\A393668,AETH\A393668,0,72F61078-734B-42A1-8D23-5A374D98117D
8E7E6225-559C-479F-8670-8C9562C5701F,39,03:43.0,03:43.0,A846534,A846534,0,BCB7C1A2-2AC9-4CF0-A5FB-3A9D06279052
9B36B103-7A3F-4FFB-AF1A-8C9D320158E2,0,15:21.3,15:21.3,AETH\N270372,AETH\N270372,NULL,7F0F2BEE-56B9-4CB9-8030-179CBA845614
A2EC40D9-5444-48CD-9D8D-8CB151864502,0,12:31.9,12:31.9,A846534,A846534,0,08566CAF-DC77-436F-8B8B-62DE912C6187
7B57590C-F188-4198-9F4B-8CBA503AA2DB,0,03:43.0,03:43.0,A846534,A846534,0,1B805641-6520-496C-9286-B44E6EE55A57
73F6B384-70E3-4A56-B100-8CD465930F8C,13,54:25.7,54:25.7,A846534,A846534,0,75927152-A47F-4007-AD65-1A8B9F2171FE
BA5A75D1-55C2-47B2-883B-8CE067493079,0,56:58.0,56:58.0,AETH\A393668,AETH\A393668,0,944D5C4C-D9A5-4133-BAB1-9ECE17355884
3396F47B-BB30-411B-A562-8D06BBAE770F,0,52:33.9,52:33.9,AETH\A393668,AETH\A393668,0,C1A61CAE-BC70-47DA-BEEB-7ECDA2AD260C
FFA06046-67AA-4A40-8C7D-8D34D57B86D5,0,54:25.7,54:25.7,A846534,A846534,0,2C14EB18-8F83-44CB-BF66-F3F1855F124C
24FDF94C-AC82-406F-89AB-8D5AF2651D57,0,03:43.0,03:43.0,A846534,A846534,0,581A260E-61B9-401E-971B-182110A5454A
F6B16314-9CD3-40FD-B0B5-8D60613E7E75,48,56:58.0,56:58.0,AETH\A393668,AETH\A393668,0,E8E17824-313E-4A4C-9E73-139FD02CC839
5A1E42C6-9407-4A0B-82E6-8D6FA731C00B,0,52:33.9,52:33.9,AETH\A393668,AETH\A393668,0,BAAC3A8B-6805-437B-B99A-ECAAA4AB0618
8D78D5DE-A1ED-4F88-A539-8D7C4EC1AB5C,0,03:43.0,03:43.0,A846534,A846534,0,3CA17FB6-FBC1-4008-8D78-990081709408
C5ADF39C-756E-4737-828F-8D7E59D1038C,0,03:43.0,03:43.0,A846534,A846534,0,4C48DD49-409F-48D6-8608-50E0D2E5D6DE
63B89097-3C77-452C-BC9B-90A3B4CDDBE9,6.3,15:21.4,15:21.4,AETH\N270372,AETH\N270372,NULL,5F1EB04F-493D-486B-94F5-B6B053366B19
4AC58A2C-4391-40B6-94CF-90AD9B996F94,0,56:58.0,56:58.0,AETH\A393668,AETH\A393668,0,09B9E0F9-E954-4833-8A36-CE02584BA046
53612F69-DECE-4CCB-B4DA-90ADB6B6A9CF,0,12:31.9,12:31.9,A846534,A846534,0,71B1D842-4EF6-4630-850D-618FB56581D6
041323BE-2AA4-4D94-8BF7-90B7A88FC48F,0,12:31.9,12:31.9,A846534,A846534,0,8E8F0576-D4BD-41E2-90B3-BC02DB4787C6
2E7D1318-FD8E-4873-B0D0-90BDF48B00C9,77,03:43.0,03:43.0,A846534,A846534,0,0D2BC9CE-DDCF-4E16-B19E-0FFD8E720CB8
E12465F3-04BA-4700-A680-90C94C35642E,25.9,56:58.0,56:58.0,AETH\A393668,AETH\A393668,0,69E9F19B-41FA-4C32-B400-A5E405816E94
16027537-4E15-4AC0-A829-90CFA6ABDCAE,19,32:50.8,32:50.8,A846534,A846534,0,F5B3B0CF-32AF-4D0D-AF24-7823E5C7571E
09FEDA22-0DC7-4712-B980-90E062D94684,0,32:50.8,32:50.8,A846534,A846534,0,9D2E1AED-6D79-402F-88D2-E221BEBE60DC
12BB1808-5A38-49FF-8383-911DAB903F4C,39,03:43.0,03:43.0,A846534,A846534,0,843560D4-EAC4-4EB8-9054-35F75EEC4694
5A4DDF55-E6B6-434F-9ECD-911E2AEBEFDB,0,54:25.7,54:25.7,A846534,A846534,0,C5061CB6-EAA5-42EF-9C68-880625656D06
B357F8AD-27CE-44DA-8CBD-913D1967BAE5,6.5,56:58.0,56:58.0,AETH\A393668,AETH\A393668,0,25238F8C-5335-4F04-BE7B-29E12FA16BE6
BE1A4486-B5C2-43B5-AF2F-91443A87A4F2,0,15:21.4,15:21.4,AETH\N270372,AETH\N270372,NULL,4C0A6AE5-5A46-437A-BAB1-CD66BA6A6F38
E663A900-B999-4A65-94AE-915C9C28BDAD,0,56:58.0,56:58.0,AETH\A393668,AETH\A393668,0,8648C05E-C2F3-4F7D-AF05-2E679808C9FC
5E48D68B-852A-406A-9E7B-917318B3E16C,0,03:43.0,03:43.0,A846534,A846534,0,940C3A93-61DF-4DBC-AA79-9E948037A7FF
2B8C1AA8-3BD6-41B4-A18E-917739917FD4,0,15:21.4,15:21.4,AETH\N270372,AETH\N270372,NULL,9767B527-B0DA-4702-BE53-331FB18E92D1
193B6CFC-CB21-4827-8718-917D2DA888E3,0,12:31.9,12:31.9,A846534,A846534,0,D5131374-37BF-4BEB-A3A5-E5D4D7E77893
F0EA0279-67AE-424D-8A15-918D03CB6834,0,32:50.8,32:50.8,A846534,A846534,0,E6594106-09F2-42B1-90D3-A1E3348B4B95
A941B554-0305-41B8-9CF7-91923EE0E309,0,32:50.8,32:50.8,A846534,A846534,0,36E7217C-DD62-4DD7-B67C-1AE3344951ED
CCD949CB-CA22-4C00-9CDF-91AB2DC7B41D,26,32:50.8,32:50.8,A846534,A846534,0,3F7B6C9B-37D0-4F37-80E3-3B191954151A
56DABCF6-DE00-43C7-9E32-91ACDA5E1413,0,54:25.7,54:25.7,A846534,A846534,0,8384F327-1647-42E9-8987-ECB371B07BB5
055F161A-E2B5-4F05-9E41-91B72F54B209,0,03:43.0,03:43.0,A846534,A846534,0,0AD5DB77-6448-47C8-8AF1-E46158E865B1
63D2CD11-E174-4F93-86BF-91B76E067A3E,0,15:21.4,15:21.4,AETH\N270372,AETH\N270372,NULL,F2EEBDF9-4A82-4BB6-9E95-53D826F9D093
0612D431-AA8F-42C1-B4C2-91C0DC6C00A7,0,32:50.8,32:50.8,A846534,A846534,0,9188D6E4-0E82-4F68-9791-B1242F44D451
880E5AA1-AE2D-4536-980F-91C3840F697B,0,12:31.9,12:31.9,A846534,A846534,0,60508E38-D886-48FB-84EB-5D4C7F669B57
F3C5D7F0-CA88-40B6-B3E7-91C9D9E94475,0,32:50.8,32:50.8,A846534,A846534,0,715D11F9-7761-4AF1-8992-078C7E938089
DB49E451-6219-40C3-8C3A-91CA46B842FE,0,03:43.0,03:43.0,A846534,A846534,0,F816CDBD-E28F-4B0F-8BE2-107AAF1C3EA6
23A0CE74-29D8-42BB-AEED-91F37227B548,49,56:58.0,56:58.0,AETH\A393668,AETH\A393668,0,EE3DFE5E-6ED0-4D80-BFE5-E61F3E17C0DA
4C509A2A-5583-43B6-B530-91F83C152E8F,27,52:33.9,52:33.9,AETH\A393668,AETH\A393668,0,51C3AC22-232A-4760-85AC-1E46469BEA27
9D3C91D1-D77A-4D9B-BC5C-920527B144DE,39.6,52:33.9,52:33.9,AETH\A393668,AETH\A393668,0,7EF810C8-B710-43AC-83F7-16BB181B1DD2
AB2230AF-1900-405D-8E1D-92125B2B61F7,0,56:58.0,56:58.0,AETH\A393668,AETH\A393668,0,C2B78133-D7C0-40A5-A3A2-14DEA8C2C820
442DF432-D6C4-4BBD-B4D5-92140D6F244C,0,52:33.9,52:33.9,AETH\A393668,AETH\A393668,0,0DD182B5-7977-4E98-933B-802185F4CBFB
5F14E279-8527-438E-AB1C-9216292D2222,27,52:33.9,52:33.9,AETH\A393668,AETH\A393668,0,151C8128-5A65-4744-BFD0-A31D10FE572D
A1B5FEAB-C926-4EFB-ADC2-921E3FB1BAAC,65,56:58.0,56:58.0,AETH\A393668,AETH\A393668,0,3A4C0A79-7B2B-416B-8078-A53D0ABB1F08
4578DCE7-F2F8-43D9-B053-922C926146AA,24,56:58.0,56:58.0,AETH\A393668,AETH\A393668,0,7AAE7220-21FE-46A9-AAE8-59E3914B7421
2CB30028-73A2-4999-80EA-92346589A64E,15.6,12:31.9,12:31.9,A846534,A846534,0,1B381693-FAF7-4905-88EF-D576196EC055
9CB68162-5820-4176-A278-9245704D3404,0,15:21.4,15:21.4,AETH\N270372,AETH\N270372,NULL,43171771-728B-441B-A5A6-EA3D89BF3B5B
167F2F82-F6DE-4287-AD58-924D6038C4E8,57,32:50.8,32:50.8,A846534,A846534,0,E782E81E-5555-499A-994F-9534722203B9
EB7FC4D2-98EA-4FF1-8CD6-925829189EC7,0,12:31.9,12:31.9,A846534,A846534,0,F3A500DF-C9B4-4030-AAAC-699BBE4D2530
E756DC28-29B8-4174-B5EB-9263D3FF60E8,114,15:21.4,15:21.4,AETH\N270372,AETH\N270372,NULL,7DBAD95D-B0D2-43BB-991D-4F7BCB9153BE
C2AE1A2F-1FD8-450E-8E0D-9272B59D8A07,0,56:58.0,56:58.0,AETH\A393668,AETH\A393668,0,3AE05F57-D3B5-4361-A3BC-8FF6990C221D
2452B31B-1B8A-45DC-BF77-92844C1AC051,32.9,15:21.4,15:21.4,AETH\N270372,AETH\N270372,NULL,21AC4EAF-E9BB-489E-BA26-A2B7DFBF8D01
880C5763-F633-4AF6-B01C-928660B5C1E5,0,32:50.8,32:50.8,A846534,A846534,0,D7BAD0E5-8B4D-4C74-8B86-7FD7A8E087F6
6A5207B0-D8E1-481F-A1FB-9293EED500FA,0,12:31.9,12:31.9,A846534,A846534,0,26573581-7A97-4772-A428-0AF4B30E1B0F
CD3E8ADE-994F-41F0-A402-929EC139D640,49,56:58.0,56:58.0,AETH\A393668,AETH\A393668,0,8C4F335E-9A7E-4DFF-A350-5B3E78AD1F90
DB229932-BD32-4F3D-8D2F-92A68273D367,0,32:50.8,32:50.8,A846534,A846534,0,CFB1ECE9-6E98-4689-B593-DE538BDAA008
87D3A789-50AC-444B-A801-92AE9C6D8CD7,0,12:31.9,12:31.9,A846534,A846534,0,14C38ECE-20FC-453D-A021-5D25E018329D
68DF2697-FE17-4487-8A93-92C32EAE8C08,0,56:58.0,56:58.0,AETH\A393668,AETH\A393668,0,E06DF7D0-62AF-4CDE-90CC-6F69601BAFA8
B8B7941C-0D5A-4A68-B85C-92D6E11BC503,20,32:50.8,32:50.8,A846534,A846534,0,1D87040B-D2E7-4CD9-8632-C0A26AC44D68
1BC7DDCF-DC33-4847-8E94-92DF3D809623,0,32:50.8,32:50.8,A846534,A846534,0,B337CC1B-E77A-41EA-BD93-A6806F484B55
A253DFF2-ACB5-46F6-AC97-92E4311980FD,32,56:58.0,56:58.0,AETH\A393668,AETH\A393668,0,EF00E756-2FB2-4592-8605-B197BBF1A5FD
F9ADDD27-6523-489F-B8E1-930231A7A6C1,0,12:31.9,12:31.9,A846534,A846534,0,F3258740-80C6-428A-8150-AAD0DDB6B84E
1FA19A2B-6635-4E95-90BE-93056BEB0A46,6.9,56:58.0,56:58.0,AETH\A393668,AETH\A393668,0,5F55660B-1ABB-438F-8405-035F38C38435
74057E6C-2DC7-410C-9303-93196F3144F1,0,15:21.4,15:21.4,AETH\N270372,AETH\N270372,NULL,A7E165CF-E299-4195-916E-1C7EA2F9A26D
7C06E258-D03B-424A-9F38-931BBF830CA0,87,52:33.9,52:33.9,AETH\A393668,AETH\A393668,0,3E51F211-4607-4A4E-99FA-4716B5CD783E
43229740-7F0C-4ED9-B7FC-931C26272BBB,0,54:25.7,54:25.7,A846534,A846534,0,742C4576-C54D-4A5B-9788-0713C38E02AE
066D955F-8C13-448E-9620-931E9CB4102D,28,32:50.8,32:50.8,A846534,A846534,0,BD845F9C-9BFD-448B-B4FA-71EE127C549A
00B40763-A6D7-4B8A-A7DE-932B81C438BB,0,32:50.8,32:50.8,A846534,A846534,0,7CFACEBA-8748-4FD0-BDCB-B9805CE2CDFD
168186BA-6807-480F-8467-932BA131BB92,0,54:25.7,54:25.7,A846534,A846534,0,2ADA8D03-D3E3-4CF2-8177-4B976CE28B59
467E14A2-F7AB-4E4F-8A95-9343D379A343,0,03:43.0,03:43.0,A846534,A846534,0,0ADF3048-4DEF-4788-BBDE-20CF2817A4EA
DDC565D6-E3D8-444D-B1C7-935345B20911,28,03:43.0,03:43.0,A846534,A846534,0,E8C44340-D451-4041-84D5-F195B0D7DDE4
35D545FB-CE58-4E6C-8971-935CD8F27858,0,52:33.9,52:33.9,AETH\A393668,AETH\A393668,0,20D45357-C262-42D5-9CAA-B47E66355396
666E6F4F-7B34-4825-A059-9390512B908E,0,03:43.0,03:43.0,A846534,A846534,0,90C95B3A-0E6F-4052-A3C2-622D0D0D7E13
CF983168-F652-4243-9831-93960CA3CC96,0,12:31.9,12:31.9,A846534,A846534,0,A25A905C-A874-4FE1-90A9-191966B00555
889296C3-ADB9-4DF1-8371-93997FB13184,0,12:31.9,12:31.9,A846534,A846534,0,BAC4FA0A-E468-4990-B287-FCB9A4CB9D40
DA33E2FD-EE01-4419-9B7E-93AD7E252822,0,56:58.0,56:58.0,AETH\A393668,AETH\A393668,0,2974A66A-CC3B-445D-A7AE-CFC1C08110F7
514B0378-AAD2-4C2C-BBE8-93C17CB81EA5,0,12:31.9,12:31.9,A846534,A846534,0,4D56657E-3784-4FAC-9B01-1E65100F7765
22043AA0-3322-4394-8C50-93C5406E7C27,0,03:43.0,03:43.0,A846534,A846534,0,0ECC8D4B-7A59-41B8-A252-F8DC2CD77018
B8FA5BAD-EB2D-4D1B-9988-93C9E8F95333,7.3,15:21.4,15:21.4,AETH\N270372,AETH\N270372,NULL,F98816CB-8AA3-4835-90D0-9A62024D8993
E91EB78F-C729-46F3-8AB8-93CD7F226526,0,03:43.0,03:43.0,A846534,A846534,0,20FCAE1F-A439-4565-AE62-3BB119DF812C
D8C9E105-A18B-42EF-8456-93D98072104F,0,12:31.9,12:31.9,A846534,A846534,0,730345C4-8A75-47B8-A730-F17AF96172F3
0A211E97-3117-458B-909D-93DA80247867,43,03:43.0,03:43.0,A846534,A846534,0,FAD0EAEA-03CA-405F-8A32-615999B691E1
7177326D-F325-4FD1-BCAE-93E279230201,0,52:33.9,52:33.9,AETH\A393668,AETH\A393668,0,32F93E90-7632-4B9F-A92D-E90EAF12C47D
222B9FFC-53B8-48CE-90E9-93E427C96730,0,56:58.0,56:58.0,AETH\A393668,AETH\A393668,0,014213F0-6EDA-4DFB-9B18-6F9A9D1D4296
E1577DD3-D413-4536-B088-97E9C88FCA2C,118,56:58.0,56:58.0,AETH\A393668,AETH\A393668,0,C4677F22-0A80-44B2-A01F-71B11D0B7544
859F7B92-1970-4979-9512-97EC82D89250,0,12:31.9,12:31.9,A846534,A846534,0,9BBE5BD3-4047-4B48-88D0-4201CF6D3C35
E715B789-D284-4832-8F83-97EE70B79741,0,12:31.9,12:31.9,A846534,A846534,0,26853786-D46D-476E-9A6B-E6E27E67F8D7
3F23B492-F682-4E85-B138-97F23C997F98,0,56:58.0,56:58.0,AETH\A393668,AETH\A393668,0,322486E1-C1A2-43E6-A353-51C842A82EB4
799FEEEA-2B19-4D52-B167-98090CCC5C07,29,12:31.9,12:31.9,A846534,A846534,0,2CBF62B8-9363-4184-A460-94AF8C9EB0CD
44A287A6-D21A-49FC-AF39-981B7BDE6FD5,33.3,56:58.0,56:58.0,AETH\A393668,AETH\A393668,0,45D81297-3B7E-49E3-AC1B-58211F78C273
292C5851-7F43-41EA-A7BC-982751877B06,65,52:33.9,52:33.9,AETH\A393668,AETH\A393668,0,A4CB51D3-3C73-4962-85EC-004315BD1C0D
02B61E24-8E8F-42A5-86EF-983A56FF59CE,0,03:43.0,03:43.0,A846534,A846534,0,DB0E7A2E-A4D0-43B4-A2F3-D1AA1ACD9AE2
A54C2A6F-9987-41F5-84E9-98425D22D330,0,56:58.0,56:58.0,AETH\A393668,AETH\A393668,0,93861E43-6B2A-4441-98B6-53F80DBA4014
80667B74-2E70-49C0-BB36-98499E0AE5D6,19,12:31.9,12:31.9,A846534,A846534,0,407536B4-3A66-475D-9C08-E2AC8ED55310
DF268BA1-F19A-42EA-9F4B-98575068B0AD,0,52:33.9,52:33.9,AETH\A393668,AETH\A393668,0,6B11A094-995C-4A7B-BF42-9D389107417C
81ECAA7C-2FC6-48A3-98DF-9862EB353601,0,52:33.9,52:33.9,AETH\A393668,AETH\A393668,0,D478BA4C-44D9-4F06-A17C-4DB5E73B4101
767C6565-273C-4992-ABA0-9866B89C43CA,0,56:58.0,56:58.0,AETH\A393668,AETH\A393668,0,D76A79E3-9DC9-4121-87EC-EE94F1472857
09E5D0F2-3FFF-4515-8CD7-986886CCECAF,0,12:31.9,12:31.9,A846534,A846534,0,2A0899BA-7D16-4DB2-93F5-EA75486C44EF
AAAC7D68-7BAC-46E6-ACB3-98875757AF44,0,54:25.7,54:25.7,A846534,A846534,0,0437D618-971F-41CF-9553-DD5A576A396A
819B3EE2-52D0-4386-9480-988D3D949001,0,56:58.0,56:58.0,AETH\A393668,AETH\A393668,0,F3C0FF86-A6F1-4F0F-958C-D7D0F7F8241B
5E12B798-6B43-49ED-9EB7-989BC0CDF5B2,0,12:31.9,12:31.9,A846534,A846534,0,BE8D9892-79CA-4731-9542-03F0AE73FCDA
8DFA556E-4069-4035-A50D-98A2C56BFCDE,0,52:33.9,52:33.9,AETH\A393668,AETH\A393668,0,07FB463B-E968-4963-88F4-FB85FD74223E
42F56CD8-23B6-405C-BFFC-98CB77D16AA4,0,52:33.9,52:33.9,AETH\A393668,AETH\A393668,0,22E6D826-2BA9-41D9-8FA7-68AE2567A84C
194752A8-46F1-4A20-B0E3-98DEE37C473C,40.5,52:33.9,52:33.9,AETH\A393668,AETH\A393668,0,C706BB44-7EFC-45F4-A2AB-06199AA3A7E1
BCEC38F3-A326-49C6-8AE3-98E046BE55BD,0,52:33.9,52:33.9,AETH\A393668,AETH\A393668,0,23312CAE-0836-41A3-83CD-9C46F583125E
3D2D2A79-74EF-48E7-B1ED-98F29BB90EFC,0,15:21.4,15:21.4,AETH\N270372,AETH\N270372,NULL,80538CC4-A466-423C-BD12-8D0F3DAF6B11
BE24DDBC-C65E-49FA-B425-991BB71063BD,0,32:50.8,32:50.8,A846534,A846534,0,F615C163-7F92-4191-A431-3BAFF0E62399
A54E18B5-84ED-4A1A-94C5-9932592DBC86,0,56:58.0,56:58.0,AETH\A393668,AETH\A393668,0,9027146F-2F31-44E7-86F4-1F856505B89D
DCB57412-781A-40BA-AA00-993613F3208D,0,12:31.9,12:31.9,A846534,A846534,0,D2235221-D9F8-4377-94E2-44FEAE3743A8
A222E263-2513-4408-9547-993826B262DC,0,56:58.0,56:58.0,AETH\A393668,AETH\A393668,0,9C3FAC3D-D004-4971-9796-71C97007FCA0
BB662917-4EE6-4085-8688-994E26CF30E5,0,03:43.0,03:43.0,A846534,A846534,0,3B2370AD-505F-4571-A836-049E20E263E1
F9E2FC5D-1407-4E30-BB9C-9960AEE25297,7.5,56:58.0,56:58.0,AETH\A393668,AETH\A393668,0,286F0431-49BC-45AD-8230-388A7B695F58
5A625340-B38A-4AB9-A58D-9975B6683A61,0,54:25.7,54:25.7,A846534,A846534,0,B6799AF6-97A0-44C1-AF68-96D55682489E
058EE0A6-A85F-499A-A6AF-99762951E109,0,32:50.8,32:50.8,A846534,A846534,0,77F6D897-FA26-4E91-95F7-B1CEAFA8775A
E48221AC-720D-42FA-882E-997EB852392C,0,03:43.0,03:43.0,A846534,A846534,0,DB6E2AEE-EA1A-4D94-87C7-854060678901
03318BE8-E7F8-4D29-B8DA-998D713D678C,0,32:50.8,32:50.8,A846534,A846534,0,5AD5BFEC-2809-455D-83F1-040172239B7C
53B5B7EF-58AA-4FD8-91F4-9991C94D70E1,0,56:58.0,56:58.0,AETH\A393668,AETH\A393668,0,58482DFC-32EF-46C5-B5A2-024E12E8BB3A
FB576BF3-8C22-49A5-BE30-999463DADD14,0,03:43.0,03:43.0,A846534,A846534,0,97511440-D714-4D02-9EFD-AB4414B3CBAD
08618F71-A6D8-45F8-9EA7-999AE2487924,0,32:50.8,32:50.8,A846534,A846534,0,90693FAF-F0C8-437E-A926-5B88E7665B54
436680DC-03F0-4C21-A7FD-99A0B2BB516A,0,56:58.0,56:58.0,AETH\A393668,AETH\A393668,0,B13E3062-4515-4860-B439-FC87F2CA426E
F49DA69D-F671-46FB-B456-99AD25DD492C,0,52:33.9,52:33.9,AETH\A393668,AETH\A393668,0,49C6D420-2BAF-4036-A605-30EDA9695ADC
B628774F-E516-48E1-B817-99B2D6B40D30,0,56:58.0,56:58.0,AETH\A393668,AETH\A393668,0,A2F6E243-4404-4085-87A2-7F828673785A
25104A2E-A7C4-450C-ACC7-99BB524E37C1,0,15:21.4,15:21.4,AETH\N270372,AETH\N270372,NULL,3C7B2D75-A293-44E1-8BEB-FC6C574A7FE5
A475F701-FD70-4B5C-90AA-99BD7F0B2726,98.4,54:25.7,54:25.7,A846534,A846534,0,81F19DC5-08FB-43DD-8336-2C1FAC2DB2DC
172910ED-DD93-42CA-9048-99C7AAB8BB77,0,54:25.7,54:25.7,A846534,A846534,0,54A273BE-9E20-4D93-8EE4-25F096761FE0
36D9A427-6231-4A11-B949-99CCA377A485,4.8,54:25.7,54:25.7,A846534,A846534,0,BB5B7746-FD73-4642-88DB-F186227CDEBD
31B8D4A5-5620-4100-B580-99D042FA3DAB,0,54:25.7,54:25.7,A846534,A846534,0,890831B1-7BFC-4B9C-B0B3-C2F0BAEC94B1
70F8E2A0-CF73-4E46-BB00-99D9E20FD3CA,0,03:43.0,03:43.0,A846534,A846534,0,B41E1A3D-A8E5-47F3-9C66-AF7EF35205F1
2D662F7B-41E7-4049-A51C-99EEC8002F02,0,03:43.0,03:43.0,A846534,A846534,0,914EEB6A-7771-4B3C-B958-AB3D1833BC3D
E58F7973-C439-4391-8E7C-9A098D5D820D,0,12:31.9,12:31.9,A846534,A846534,0,EE066CEF-7284-43A5-AAF6-FEFD028558AD
2460A62F-C2CF-4D99-97A9-9A26834E4055,0,56:58.0,56:58.0,AETH\A393668,AETH\A393668,0,87C566F4-02ED-47DC-9475-45E4F665D581
8A5EC80A-0DAC-44D5-832F-9A288DD9AE75,18,52:33.9,52:33.9,AETH\A393668,AETH\A393668,0,D35C603B-EEBD-44EA-A096-9128605DAA0D
D3303C17-566C-47DE-A050-9A3C4808A6D6,124,15:21.4,15:21.4,AETH\N270372,AETH\N270372,NULL,0AFA1513-363B-45A5-844D-F7C72A5DECAB
B7EF53E1-93A0-43CF-B545-9A4119A4E298,0,56:58.0,56:58.0,AETH\A393668,AETH\A393668,0,6F47A6DF-A3C2-449C-A110-72DCBC2CA225
76BD8147-778B-492F-9D33-9A4976D69C76,0,15:21.4,15:21.4,AETH\N270372,AETH\N270372,NULL,6BF67D2A-EF86-43DD-9973-01638C393DEE
94C5B4E9-65E0-46CB-BBCD-9A5FD9722287,34.7,52:33.9,52:33.9,AETH\A393668,AETH\A393668,0,1430ABC7-6F16-40CE-A098-9FF013160EF2
6BB5C7DC-5249-4828-AA0B-9A631A3C1189,33,12:31.9,12:31.9,A846534,A846534,0,6AB0944F-DFA2-4EF8-A5C7-891D21D716D2
925313A0-1E2A-40C4-8C03-9A6E30CA3886,18,54:25.7,54:25.7,A846534,A846534,0,088C1A67-AD8D-43D2-8A62-72919D74D20F
6578A439-A0E2-4C08-A2B4-9A6E8B46EF19,0,03:43.0,03:43.0,A846534,A846534,0,655E6944-CC34-41F1-9334-EEBFE9137E67
EE517445-ACA9-4FD5-BB84-9A8CF1C3F8B3,0,32:50.8,32:50.8,A846534,A846534,0,CAF0BFFA-F3E2-4202-BB20-EE446835FE6E
BB75CFC1-48F8-4B92-B7C9-9AF74F6806AC,32.7,52:33.9,52:33.9,AETH\A393668,AETH\A393668,0,10D31C51-2219-40AA-B764-319DCF94FEC7
174A4AC3-B67B-425E-BE82-9B02C36EEB72,0,03:43.0,03:43.0,A846534,A846534,0,53AE4830-9468-4D18-ADD0-224F498C7F03
1A644ABB-2977-4487-80C1-9B0844276048,0,32:50.8,32:50.8,A846534,A846534,0,892CCDB2-0ABA-4D50-B745-E6AF7DFC0320
AB583417-DF85-4100-B859-9B0ED51E508C,0,32:50.8,32:50.8,A846534,A846534,0,91728E7A-76BD-42D4-808E-15546EF81D5A
20EB3C8B-C2D8-4A6A-82AB-9B178FCD96F3,74,52:33.9,52:33.9,AETH\A393668,AETH\A393668,0,7BE61A75-9065-4B7D-9F17-EF38A935BF5F
9BC6E162-4816-4B92-86B4-9B1D1E090324,14.7,54:25.7,54:25.7,A846534,A846534,0,E3BBE282-200D-43D3-95D6-EECBD27B91B1
938B2BF8-49A5-4E98-A176-9B219DD8DB77,170,56:58.0,56:58.0,AETH\A393668,AETH\A393668,0,998E84F7-FB81-4644-9E90-608B18E21C2B
390B5386-CBCF-4ED6-8B62-9B2BA5D96C20,0,52:33.9,52:33.9,AETH\A393668,AETH\A393668,0,63D6CDA6-FAE8-4EEE-B931-DE530DDD4E87
24699594-BE4C-4E19-825D-9B36A2A514C7,89,56:58.0,56:58.0,AETH\A393668,AETH\A393668,0,9CA19738-7340-410A-A030-51D6E8F3EB6D
EA775144-354F-44A5-BAA5-9B4A6E94AB32,19,03:43.0,03:43.0,A846534,A846534,0,8B3BD63B-C3CA-49F2-88E5-EFAA9F9B1EA9
B3AFBF2E-8B64-4BA3-B5B5-9B4C42884BB9,26.7,54:25.7,54:25.7,A846534,A846534,0,E5D0EE4A-6DED-4055-9EB5-6AA11CC722F4
F333F549-DE37-457F-898A-9E7A0E8C498F,0,56:58.0,56:58.0,AETH\A393668,AETH\A393668,0,EDACE772-5F48-4C54-8DB4-656ABD1CE6B4
07941E73-0617-4F7C-A64C-9E7FEFBB0079,9.9,03:43.0,03:43.0,A846534,A846534,0,2F071B04-FE1C-4F01-BEAA-059ADD4A1CC2
DDD223FC-395A-4B34-9387-9E8CFC20513E,0,32:50.8,32:50.8,A846534,A846534,0,9BE834B7-F57E-4768-9E30-2E9756BD50F6
6D21A80F-2FA3-4B2A-8D9A-9E8E18B2B40F,0,54:25.7,54:25.7,A846534,A846534,0,87D8BA70-1949-4D29-A122-C52C6E3FABBD
30BF4616-5BD0-4D83-812C-9E9238C8E331,15,15:21.4,15:21.4,AETH\N270372,AETH\N270372,NULL,61287CF6-F2B5-45FD-AA26-FCCE2B55F574
E0FEEDC5-3022-41E4-8C07-9E92A24BB143,0,54:25.7,54:25.7,A846534,A846534,0,297BD8A9-EF02-4AF2-9DEC-57406C167279
DBD48C2B-ABA0-4861-9936-9E9459789718,157,32:50.8,32:50.8,A846534,A846534,0,E2561D2A-97D9-4082-AD20-F3ED4AB895B8
3D641CE6-D78D-484E-8DDD-9E9D8F20D12D,0,56:58.0,56:58.0,AETH\A393668,AETH\A393668,0,3B664195-E8E8-42B3-A9D4-98FECB251B77
0FFDCAE3-DA98-45C7-9A61-9EB217C3C763,116,12:31.9,12:31.9,A846534,A846534,0,29979ECF-2B22-4791-97CE-6C236EB69F92
8B7967A7-9A78-4FE0-92EB-9EB7CEFBD7AF,0,52:33.9,52:33.9,AETH\A393668,AETH\A393668,0,7176FA18-0808-448E-9BCB-7C96D6BAA536
E2404F9E-A922-4535-A1C2-9EBA52905B3B,0,15:21.5,15:21.5,AETH\N270372,AETH\N270372,NULL,7D5B5FA9-107A-471F-BA34-638FAF13C0EE
0D90B8CD-E89D-42E3-A3C4-9EC1C63BB2AA,0,32:50.8,32:50.8,A846534,A846534,0,A9869FEC-0288-4CDA-A7E3-1210D2C8C2D4
55172DF0-8CF0-424E-9B96-9EC8DE98B15F,0,03:43.0,03:43.0,A846534,A846534,0,963543A5-7464-4DC1-A364-1EFA08A556A6
FF2438A2-6E0E-4A4E-9DA5-9EC9CEA49693,36,15:21.5,15:21.5,AETH\N270372,AETH\N270372,NULL,7A579AD4-93F2-486A-B7F3-A97AB9B7B28B
171A1399-3A97-4D2B-9E19-9EE9D23A6CBF,0,03:43.0,03:43.0,A846534,A846534,0,35C2558B-672B-4B2A-9AF4-FE92FADC930E
CE7A5DED-5D20-4BEE-BE6D-9EF644F567F4,0,12:31.9,12:31.9,A846534,A846534,0,C85F22EF-07E7-4DC5-A0EA-0693421A0740
E8A6891D-187C-4885-9B38-9EFB73B0E9FC,0,15:21.5,15:21.5,AETH\N270372,AETH\N270372,NULL,A5CD6987-E4E8-4D90-8578-EC219C8B5A70
F91BE8F8-0AA7-4585-B8D7-9F066367B4EE,44.9,32:50.8,32:50.8,A846534,A846534,0,4BDF20E4-F4B9-4742-B3B7-34266C3F4C8E
33D12F8B-2DF3-45ED-A226-9F082350D0CF,0,54:25.7,54:25.7,A846534,A846534,0,AEA375D6-902A-43B3-A5A3-7124DBBB2E67
D1807127-0583-4F1E-8874-9F145B3CC51A,22.3,54:25.7,54:25.7,A846534,A846534,0,717BBEA2-F384-4842-8AAE-B4DBF6A92617
45C6F68D-97B3-4381-943B-9F1DF41C21C9,0,56:58.0,56:58.0,AETH\A393668,AETH\A393668,0,2F058FF1-0AF5-435B-B6B8-5976E0146CDB
6C7ED055-330B-4F9B-A017-9F1FDED5F22C,0,54:25.7,54:25.7,A846534,A846534,0,3DD84AC7-8FCC-43A5-B34F-0B330F6F4DB6
AE9297AE-0D1B-4968-B3C6-9F27A2E6A3BF,17,56:58.0,56:58.0,AETH\A393668,AETH\A393668,0,F0CED4D2-FFAF-4141-882A-A4D0EC42E294
6C887EA3-E6C1-4079-9F46-9F28203DFADD,0,12:31.9,12:31.9,A846534,A846534,0,F925E2D8-879D-474A-9E13-008F98A016BA
9F211904-D1CA-4E4B-9BCE-9F337AAFA65A,0,54:25.7,54:25.7,A846534,A846534,0,F0BDBE12-013A-479D-8406-D65BF849CF2B
47B4D20E-3915-42F7-9D82-9F37F2C202DB,0,12:31.9,12:31.9,A846534,A846534,0,EB9F6175-06E4-4E40-A0D2-0EBBE2D9EC26
47E0B517-07D6-4D62-A24D-9F42684A6BA2,3.5,12:31.9,12:31.9,A846534,A846534,0,82835271-C81B-4EBC-A230-DAC08888E2D7
1A8F5B6C-3E70-421C-BE7E-9F4D1EF082E1,0,32:50.8,32:50.8,A846534,A846534,0,9197CEF8-CC92-450A-8BE2-71455D497EA3
5468A180-7B18-4536-91FC-9F5CBFAEF3A4,225,15:21.5,15:21.5,AETH\N270372,AETH\N270372,NULL,10A6BFC8-4793-4BBA-AD70-F7CBE608F566
2FFFD0FA-59ED-4CC8-A8D0-9F702CC77465,0,52:33.9,52:33.9,AETH\A393668,AETH\A393668,0,D0B83D03-DE74-4789-B051-21E033B4F924
B95857CA-4E02-47A9-A378-9F7774233908,7.3,15:21.5,15:21.5,AETH\N270372,AETH\N270372,NULL,D7952E45-45AC-4A4F-91D4-1D248C2F8DB7
E45DD68A-8E61-4859-BB7A-9F8EFAE3CD1A,0,56:58.0,56:58.0,AETH\A393668,AETH\A393668,0,D32BD81B-E2E0-48A9-8FC5-887DCCC24AF7
4E7CBE1B-B01F-4F1A-866A-9FA1946E1AF9,21,32:50.8,32:50.8,A846534,A846534,0,F5843435-10E8-4D15-95E3-254D12CC1C52
63228B72-C22C-46A3-BB5D-9FAC7ECBD724,24,56:58.0,56:58.0,AETH\A393668,AETH\A393668,0,FD751629-7F24-44CD-AAA7-4DCEDEB191BD
4125F9EB-50F8-4A93-B3DA-9FACEB46032A,0,56:58.0,56:58.0,AETH\A393668,AETH\A393668,0,99A7236C-CC89-4BD4-8B85-C94AF1E14BAC
D679DADA-D138-4510-8370-9FB382D9CAEA,0,56:58.0,56:58.0,AETH\A393668,AETH\A393668,0,38FE355A-3665-4394-B679-406E2292EA2B
5F0B997E-1A40-46DE-85B9-9FC03D03C7E1,0,15:21.5,15:21.5,AETH\N270372,AETH\N270372,NULL,86892397-D700-49D7-BCDA-AA7D33126646
C262F6E3-B9C7-4880-8782-9FCCFDC74FA7,66,32:50.8,32:50.8,A846534,A846534,0,77F13D95-6FB0-41A1-AD72-0F1DC8D6BC89
0ED68C51-FB74-430D-9D29-9FD1090B55B2,0,52:33.9,52:33.9,AETH\A393668,AETH\A393668,0,1A2667FD-1824-442A-BAA0-151C2D5B5C0A
B731783D-BAD1-44D2-A490-9FD920718C88,72.3,32:50.8,32:50.8,A846534,A846534,0,C2655283-44A3-45C1-AF43-1DA00FA3044D
40F76E45-0D15-4D61-A395-9FDE48AAEA90,0,54:25.7,54:25.7,A846534,A846534,0,C4740DCF-9E6E-4190-907E-1E2600D4A35D
767FA4A0-1DE0-4ADA-B30F-9FEC2B6D2835,0,03:43.0,03:43.0,A846534,A846534,0,B5A8302F-08CC-4C28-A925-83FC46E778A0
9B2AB8DD-9B5E-471D-8E81-9FF35A5C2B20,0,03:43.0,03:43.0,A846534,A846534,0,42B9584E-E7E9-461D-98B0-CEB801A3CB3E
1942F6C7-02EA-46BA-A112-A00545536455,0,54:25.7,54:25.7,A846534,A846534,0,3F81A2CC-6170-4C32-8893-02C0BC41CFAB
ED90704B-D273-476D-B0F8-A006BAEB6450,0,56:58.0,56:58.0,AETH\A393668,AETH\A393668,0,8EDC1A26-21E2-48E6-AECD-233A920D4415
4A5FA0E8-E6F5-4313-9AA7-A00747908C32,0,54:25.7,54:25.7,A846534,A846534,0,862F2412-9795-4AAF-A4D0-9962436E18C6
F96D0A81-1F56-4FB6-B77C-A00784B3E0B2,0,12:31.9,12:31.9,A846534,A846534,0,46579A6C-7F6C-4373-97B0-499E73FFC313
AB713EDB-C0BE-4597-93A6-A013E06C4F5B,0,03:43.0,03:43.0,A846534,A846534,0,5B556738-6E30-4A67-97B8-87B154E3E1BA
C351992B-DE15-4D43-A871-A01CF639CEEF,39,56:58.0,56:58.0,AETH\A393668,AETH\A393668,0,ED0A769F-8EB8-4E8B-B922-065DE48CA3DA
4F29943B-192D-4373-BD67-A032D4ABDC4C,0,15:21.5,15:21.5,AETH\N270372,AETH\N270372,NULL,B611891B-F89D-48DF-A525-3C4BE06AB265
BCFB6723-C99D-469D-9CD0-A035BE983C35,0,54:25.7,54:25.7,A846534,A846534,0,B3665A0B-282E-4EE7-B719-BC1E3C52CC17
C9AA9B09-75C3-41D4-A002-A03D5C429198,22,52:33.9,52:33.9,AETH\A393668,AETH\A393668,0,D4A61FE7-6F5B-4B5B-9F32-C0F5540A7651
DDB30EC2-BFF3-47E4-AE15-A03F961BE647,0,56:58.0,56:58.0,AETH\A393668,AETH\A393668,0,974382C1-6F45-4962-AEA0-078F61C513AF
DE5BAEFE-5601-4E1A-B395-A044C1A4E67B,184,54:25.7,54:25.7,A846534,A846534,0,B36BF8AA-B20E-457F-B476-F61059F1ACF4
1CC6D1B5-8AE5-474C-9845-A053508915C8,25,52:33.9,52:33.9,AETH\A393668,AETH\A393668,0,F386E468-1E0C-4D62-9DC0-8A188834CA0D
C1200AFF-73E6-47B1-A036-A05788EC7328,48.4,32:50.8,32:50.8,A846534,A846534,0,D4E8D633-E957-4FB0-A6B9-0D7A6A3E91AE
D0778382-47BB-4D2C-AAE6-A0A5C30B294E,0,12:31.9,12:31.9,A846534,A846534,0,DBC35DBB-E49E-45F2-8385-A75AAA961093
72B673EF-0F3D-4DD8-9E55-A0AE7E317550,0,52:33.9,52:33.9,AETH\A393668,AETH\A393668,0,E54B9683-A410-4A45-A9DB-7F77D952EAE2
CF3080DF-D131-4602-B4E8-A0B478D0BF52,0,32:50.8,32:50.8,A846534,A846534,0,D62EA1B3-825C-449C-B8F0-380A00331A80
0E62A741-713C-4193-AEA5-A0BD7380BB53,0,56:58.0,56:58.0,AETH\A393668,AETH\A393668,0,8DAD47AE-7C29-45C5-8B53-3DA9693184D5
6CC41DCD-13F1-4AD7-85A0-A0E5598C5C17,0,54:25.7,54:25.7,A846534,A846534,0,C1BAC364-C1FA-4D96-BEA7-34A82F7362B0
62359E24-FF39-4257-99DC-A0E83B557FD0,0,56:58.0,56:58.0,AETH\A393668,AETH\A393668,0,98B9E28B-A0E1-4DC8-A24B-AA482BC57C06
D5B0019F-25A5-4A3B-9A96-A0EDCFE4BA17,0,56:58.0,56:58.0,AETH\A393668,AETH\A393668,0,2A5DCDA1-9F7A-4CF5-8C82-F27114FE413C
232F0674-AC00-4C71-8CA9-A10E445132E6,0,15:21.5,15:21.5,AETH\N270372,AETH\N270372,NULL,EFC9B8F4-4DE2-4B7C-8A1C-66F978314019
8DA23145-460C-473C-B53B-A12AF13C53F6,39.3,32:50.8,32:50.8,A846534,A846534,0,A4C4DB33-8D7F-4564-A975-9836A4B1D79E
115F16D6-1F66-4F58-8519-A1463202DF7A,88,03:43.0,03:43.0,A846534,A846534,0,47C38035-072A-411F-B366-FCDDBB35DC47
7B8513DE-46D1-48E2-AD9F-A147E11D8FEA,0,32:50.8,32:50.8,A846534,A846534,0,75C0C72E-0CF5-4FBF-AFF1-8578D0DDA26D
5182EA06-5E07-4C04-94E4-A156AA9BA8AD,87,54:25.7,54:25.7,A846534,A846534,0,9170C0DC-56E4-4203-BA55-F62352AEBC21
A3140675-5BEB-4EAF-AC03-A1744A665B24,0,12:31.9,12:31.9,A846534,A846534,0,1AF5283F-9AE0-4EBF-BC55-A03CE858835A
E61B8A46-4F45-4F8F-9A48-A1855F499982,0,54:25.7,54:25.7,A846534,A846534,0,1DDB51BF-1280-465E-A0FD-1A3167B15902
552A66F6-0119-438C-AC56-A18DE99A2D06,9.9,03:43.0,03:43.0,A846534,A846534,0,BDD54EBE-EC4E-48D2-BCA3-8D65BC7FE8AA
C16E91F7-C8D7-4370-8AE1-A19208F6F824,0,32:50.8,32:50.8,A846534,A846534,0,8EFD2788-136B-4A27-B0A3-31AA187BDB33
AB596A12-C4C5-445F-A3E3-A19A44311208,0,32:50.8,32:50.8,A846534,A846534,0,EEC14961-9FD1-4EF8-BEDE-1370CE3229D9
B833A39E-4EDD-4760-8DB9-A1A81B5CCC13,18.7,03:43.0,03:43.0,A846534,A846534,0,1077C326-BC77-4ADE-A7B8-EA603C3C8CC5
44461BAF-4C8E-4DD4-941B-A1ADBBFAFABA,0,54:25.7,54:25.7,A846534,A846534,0,86D5D238-77F5-4167-876C-A5144B6D5DB4
D49149B5-3389-46AC-8B7C-A1C8BBD8BD91,0,12:31.9,12:31.9,A846534,A846534,0,E365C36F-F1CD-41A6-BC7C-5EDE8C3C8C8A
4AB4177E-B56D-41F5-B18D-A1CB750179C7,32.8,32:50.8,32:50.8,A846534,A846534,0,5BB0C0D2-B94F-497E-B9BF-05F717E3C94F
C5A468A9-D40D-4417-B2E0-A1CBB7CBCF6F,0,56:58.0,56:58.0,AETH\A393668,AETH\A393668,0,B767A4F2-A50A-460D-A23E-97272DFA0168
30F9B512-8C0C-45BA-BC13-A1D8395882ED,32,15:21.5,15:21.5,AETH\N270372,AETH\N270372,NULL,725EBB29-CD42-43F6-950C-9EE515E4E94A
0AC88850-E01A-4958-9F08-A1DFD9EF8DB3,0,56:58.0,56:58.0,AETH\A393668,AETH\A393668,0,FCF04DD2-C7EB-465E-AA59-B9FCA3FAE45D
CC520FF1-9AFA-4697-B1C6-A1F552397EE8,0,56:58.0,56:58.0,AETH\A393668,AETH\A393668,0,DA0647D7-C2DD-45F3-913D-64888A72A927
5510C4DA-97C8-434F-956E-A1FBC71A330C,0,54:25.7,54:25.7,A846534,A846534,0,5119215C-BED9-4628-ADEB-5DEDD07B4191
01E1BB56-EC0C-437F-BCAF-A6B9959A7781,0,15:21.5,15:21.5,AETH\N270372,AETH\N270372,NULL,277D1C1B-58EF-4FBA-BF06-A58FA8184EE8
D950F476-2216-4A02-8D69-A6CF1A7F368C,125.6,12:31.9,12:31.9,A846534,A846534,0,01C74C87-BDFA-4E42-8285-AFE45B4E34DA
10CC916B-5182-4D20-8EE6-A6DB31E1F249,0,03:43.0,03:43.0,A846534,A846534,0,98E45AC3-5E1B-4CA2-8453-BA90EBE5BE92
AC3F3977-11B9-409A-87A0-A7096F4ADF82,63,54:25.7,54:25.7,A846534,A846534,0,76648456-76D8-4998-A1F4-C23B4B2336CA
AF08C97E-2F3F-4AF2-BBD0-A715AC714791,0,12:31.9,12:31.9,A846534,A846534,0,F0F80FAA-F3C4-4443-824A-DBDE9029B970
828E1D62-930A-403C-87C4-A738CE284610,96,32:50.8,32:50.8,A846534,A846534,0,4CE641A5-C68A-420B-830A-1932758E33F9
5DE026F1-789D-4F65-BF76-A73A8FDFFB5A,0,54:25.7,54:25.7,A846534,A846534,0,A618FF76-1D0C-402C-8BA9-ABDBBC083DB1
21DCAF2D-DB4E-4B99-A1F0-A7444F68377C,25,12:31.9,12:31.9,A846534,A846534,0,F31A88EE-53BD-4981-8F5C-FC4CC28F1F63
56A8E535-3146-40B1-B0A6-A747C286E2A6,0,12:31.9,12:31.9,A846534,A846534,0,79D715CB-3B90-4E42-9A0C-835FB2AF826E
2502AB54-CE2C-40AB-BB14-A7560B0A3E1B,0,54:25.7,54:25.7,A846534,A846534,0,844C16BE-DBFF-4A5C-9601-80E58E5284F0
9809431A-4444-4102-A42C-A765BC238914,0,52:33.9,52:33.9,AETH\A393668,AETH\A393668,0,2A8AB247-D55A-4FBA-BC1B-081104742D6D
6A38599C-FBD4-4BB1-B0B4-A768F94F7D54,31,12:31.9,12:31.9,A846534,A846534,0,AD2F8611-BD4A-4E01-9EB7-479BA93CC482
3BDBC7E9-176B-4294-A422-A76C09167DEA,0,15:21.5,15:21.5,AETH\N270372,AETH\N270372,NULL,130501C2-B857-4FA3-AD24-6682FE975A87
185A3497-3779-4F89-A426-A7A72C9798DC,59,54:25.7,54:25.7,A846534,A846534,0,15EF03BB-F604-452B-BE08-E2315CDB6DF9
B71D5A35-288E-4771-B78D-A7B7E5041DE2,42,32:50.8,32:50.8,A846534,A846534,0,AD9DD6C0-7963-4D2B-ACC6-7F3AD92D6703
245B1E08-3DCF-4C41-8BBE-A7C062418D6F,47,52:33.9,52:33.9,AETH\A393668,AETH\A393668,0,597188EF-E815-40EF-98F1-4415F1514D18
62DFB97B-8A14-4146-A257-A7F1551F765D,0,52:33.9,52:33.9,AETH\A393668,AETH\A393668,0,245E6FC3-2A67-4C43-9E15-C8893B9E9181
34B8CAC5-FB8B-4504-82DB-A7FF952D141D,0,03:43.0,03:43.0,A846534,A846534,0,ADE55608-0033-419D-9362-9E649977D8D7
A5D26C71-BDDA-43A9-ADBC-A803717A8DEF,32.9,52:33.9,52:33.9,AETH\A393668,AETH\A393668,0,850B205D-EF76-44A0-A1FD-84369BD5E1CC
EE0928F8-68DA-4FEE-A5DB-A806E741A7B3,87,52:33.9,52:33.9,AETH\A393668,AETH\A393668,0,BB1F4E0C-A108-434A-88ED-8FA385209DB1
FA45B72A-8FB4-4BBF-9183-A816FB011D80,0,12:31.9,12:31.9,A846534,A846534,0,3FBD5779-536C-4FF9-8A0F-209ADA5491F9
9D0EA7FD-3DE1-42DC-8893-A81DB2DCA128,0,54:25.7,54:25.7,A846534,A846534,0,C68CA366-974D-4B9B-B396-92B0052C6890
3E5696B4-7D11-405C-8562-A843FA09754B,0,12:31.9,12:31.9,A846534,A846534,0,3A4384C0-B4C6-4125-9477-6F5D9E8C2062
BF84128B-9B11-451D-84B8-A8446D1E7D9D,53,54:25.7,54:25.7,A846534,A846534,0,A4A8CD56-C42D-4271-B323-C8F833D8E8CD
0FF565E8-1416-4196-B3CB-A86310EEFF48,0,56:58.0,56:58.0,AETH\A393668,AETH\A393668,0,971E8230-DD3F-4DDB-A5C6-F84105E4D0E8
72AA6B31-2972-4C77-B44C-A86596067E50,47,56:58.0,56:58.0,AETH\A393668,AETH\A393668,0,092B5988-349A-4B7E-A62C-AD446776A194
475A755B-2CB4-4F1A-AD01-A86CB09C3B4F,0,12:31.9,12:31.9,A846534,A846534,0,0DCF4B6C-01EC-4A58-87C0-AA1E779BA634
58D9DFDF-D780-4B7C-9179-A8776989C609,0,32:50.8,32:50.8,A846534,A846534,0,2934AA07-D50F-46AE-8693-BCA74FA7250C
4542DFF2-BBB7-4694-A189-A8782710E2DB,0,03:43.0,03:43.0,A846534,A846534,0,2699EF44-9E59-4004-A508-8C4AF38B2E06
931059D3-5FA2-4850-8FD0-A8844BB7CD03,0,32:50.8,32:50.8,A846534,A846534,0,D2E3C270-6C8B-4F8F-82A5-3CAB86E9714C
C3EEDCB0-E5C3-4C6E-BA81-A8A243F92E40,0,54:25.7,54:25.7,A846534,A846534,0,64F06AC4-3237-44A7-9BEC-D9799D6A8355
B98DF79D-8DFA-40C6-83C1-A8AB3452F8D4,0,54:25.7,54:25.7,A846534,A846534,0,7B8F6F37-956A-4EAA-B58B-E2AD1473D9A4
E918C205-2209-4ED2-9B7D-A8BC54148EF9,0,56:58.0,56:58.0,AETH\A393668,AETH\A393668,0,5D97A9F5-78AC-43BC-8A0C-F2881DC8610A
50AE768B-F0E0-4E9F-A21F-A8C979D25ACD,53.2,15:21.5,15:21.5,AETH\N270372,AETH\N270372,NULL,58055F8B-BDFA-46E5-AB79-D664C6A928ED
6A912754-7988-4126-80C6-A8D27B4A233F,0,54:25.7,54:25.7,A846534,A846534,0,4ADF3564-F21E-4DA9-AA5A-83B8F9117633
62108F27-4D8A-48A2-A078-A8D9360544AB,0,54:25.7,54:25.7,A846534,A846534,0,EA5E0D24-A396-4845-AE56-AC693D006D70
5FCDA875-8437-460A-9075-A8E0C9C90500,0,15:21.5,15:21.5,AETH\N270372,AETH\N270372,NULL,437383B2-2CD0-45F1-82E7-59E4106CF218
59D1E3B2-B5B4-478F-9C1F-A8E108D61DE8,0,12:31.9,12:31.9,A846534,A846534,0,2FD19374-DCF3-4EBF-986D-886C83F0D6CA
C1B4700B-58C9-471C-8AE8-A8E15EB0873D,0,15:21.5,15:21.5,AETH\N270372,AETH\N270372,NULL,82C3024D-E4A3-48F7-A9E4-B11BE5CEAAA8
672BEA66-DE95-4E63-9F48-A8F792680887,0,56:58.0,56:58.0,AETH\A393668,AETH\A393668,0,2AA717A0-22F9-4CE0-B25C-830A9CEE4B80
395D70A6-D1DE-4DE1-BCB2-A902936E9B9B,27.3,56:58.0,56:58.0,AETH\A393668,AETH\A393668,0,1C5C7A73-84C2-4FA5-AE34-CC7E385ED6F1
A2AC20B8-C2C9-4FFC-83C0-A906A4EE96BA,0,56:58.0,56:58.0,AETH\A393668,AETH\A393668,0,0E104759-E48A-480D-A657-45202711BEA4
2B524AC9-D82B-4A6D-BAAC-A91E5D4C8B64,0,03:43.0,03:43.0,A846534,A846534,0,A5E3B22E-50CA-462F-9036-FAB5C6D0BB99
E4AD0F61-58A0-43B0-BE2A-A9279B2236BB,0,54:25.7,54:25.7,A846534,A846534,0,81A21B30-BF21-47BE-B445-CE119F61FEC8
66337E20-92DD-4439-96FD-A9669C79F360,0,15:21.5,15:21.5,AETH\N270372,AETH\N270372,NULL,91F6B680-E92C-47F6-A736-DEFE6BCF0E22
DC33C526-4F90-4BDF-9A03-A97E451016A3,72.5,56:58.0,56:58.0,AETH\A393668,AETH\A393668,0,C4D794EF-3F4D-4C5C-9301-BFA059B08123
62E270DA-B745-463F-84C2-A99A781E3B8F,0,12:31.9,12:31.9,A846534,A846534,0,76A78598-4E33-4E0C-9C65-EE8C6D1C2F87
44422606-5567-4F19-A6E9-A9AFBC7010A0,99,56:58.0,56:58.0,AETH\A393668,AETH\A393668,0,2069C405-7521-48BE-98EF-0479177E5310
E50FFE47-3825-4780-9477-A9B395770430,0,15:21.5,15:21.5,AETH\N270372,AETH\N270372,NULL,748B818C-C91E-4496-ADBA-08F13650BDBF
E39D1CD1-6E6F-4B9E-8852-A9C9FD7F8F5E,74,54:25.7,54:25.7,A846534,A846534,0,867242FA-194A-4A4B-AD3D-C19FB1427C6F
BAFAB8F0-1DFB-4326-8981-A9E240659C7B,0,56:58.0,56:58.0,AETH\A393668,AETH\A393668,0,0DE48230-530C-4248-8042-BB294091101C
6EC13762-316E-405C-A1BF-A9FA9A3F3FB7,39,03:43.0,03:43.0,A846534,A846534,0,98CD9C3D-425D-490B-9AFA-7B59F44A27B8
E70667C1-6B0B-4549-A33E-AA12D4E97E88,0,52:33.9,52:33.9,AETH\A393668,AETH\A393668,0,384B0FCA-C236-4A06-9680-1D00B04643F8
437A4D7C-088E-42AA-B95D-AA1C78F48251,19,15:21.5,15:21.5,AETH\N270372,AETH\N270372,NULL,5F8E528D-9562-46B2-A716-9FACDCA2E1A4
07FE69B6-284A-4D83-AA48-AA2CA9822861,0,12:31.9,12:31.9,A846534,A846534,0,6F96E45D-3A5B-4F58-B7CC-41B92F6E136C
B4CAB59D-75BF-4DA9-BFCF-AA3EB36F4A88,0,54:25.7,54:25.7,A846534,A846534,0,E877A8CC-BCB1-4530-B921-FD1AB41CE9DD
04A6FCB3-F3A7-40FE-B253-AA4669829B5D,0,56:58.0,56:58.0,AETH\A393668,AETH\A393668,0,05E2204B-CFBA-4204-9DDC-CA8133E90661
49147842-D268-4C14-80B5-AA68200CA22E,0,12:31.9,12:31.9,A846534,A846534,0,EE2E67A2-F20F-4D3B-9A68-CF08B65C386B
F160E741-B6BA-424E-8A96-AA7709D6C5EC,0,15:21.5,15:21.5,AETH\N270372,AETH\N270372,NULL,87EB109D-4CDD-4C5D-964A-D0606E245BC3
EBA80782-0DEB-4E03-A9B6-AA8250F1675E,0,32:50.8,32:50.8,A846534,A846534,0,F267F324-FB98-46A3-A7DD-6714EEE1443A
A5426CE2-E724-4A46-8124-AAA4C8E331C7,49,15:21.5,15:21.5,AETH\N270372,AETH\N270372,NULL,594DFDCE-2B65-4AC0-AE8E-3F279CD12281
CB7682F0-5927-4A7C-8F37-AAA67D03E778,10,52:33.9,52:33.9,AETH\A393668,AETH\A393668,0,49530A8E-62B6-4FE1-9B47-A8B3975E25C6
F884A56B-81A2-4CA9-8CDD-AAB4004794FC,0,12:31.9,12:31.9,A846534,A846534,0,D347BBD3-CBC8-454F-BC1A-35CDEA1DF3BC
3F61960A-82C4-46E8-8EB2-AAB64EB6DDDC,9.8,03:43.0,03:43.0,A846534,A846534,0,CC98E808-3AFB-451E-84A1-3FE710EB8932
9C3EC7BC-4254-490C-A02D-AABA50E62B86,0,54:25.7,54:25.7,A846534,A846534,0,6FC43471-F432-4B25-BCDC-396F5FA7F789
27809D34-95C2-47B2-8362-AAC99CF2BBDF,29,12:31.9,12:31.9,A846534,A846534,0,1E39CFDA-96A5-451D-8177-3CC91E1D881D
6F8D1C77-3023-4978-B8FB-AADCE042B2AC,0,52:33.9,52:33.9,AETH\A393668,AETH\A393668,0,5E69C280-1FB7-4C06-87F4-77DC2B8DC568
0BBC51A4-C128-46BB-852B-AAE516839F4B,0,03:43.0,03:43.0,A846534,A846534,0,1DE78AF7-74DD-4D43-BDF4-F75BFE692600
A1B3A7FF-4A28-49C0-92A0-AAEC68D6B08E,69.6,52:33.9,52:33.9,AETH\A393668,AETH\A393668,0,E7EF5C57-875B-4084-B44F-081B1AD95796
A2D9C59B-530E-4526-8441-AAEEDAAD4416,7,56:58.0,56:58.0,AETH\A393668,AETH\A393668,0,AECE7B2C-579B-4000-9D41-870738BBECB1
16F72A7C-2399-498B-8A95-AAEF6FB2627C,0,56:58.0,56:58.0,AETH\A393668,AETH\A393668,0,B966A4E2-A59B-4750-B0C2-6BCCCAAFD1B7
E8289101-F076-4CA9-ACBA-AAF4A13E31E1,63,15:21.5,15:21.5,AETH\N270372,AETH\N270372,NULL,BD1CF45F-A7B0-40D3-B45D-47EF3A104462
D7F70D12-E0CC-4296-9BB9-AAF798E62726,84,54:25.7,54:25.7,A846534,A846534,0,94E5CF03-B038-4504-B191-F9D1C0C00AF9
EEF8FE84-2073-4AF2-939A-AAFD3CDDE9E5,0,52:33.9,52:33.9,AETH\A393668,AETH\A393668,0,572E4795-0F3E-4286-B1B2-D5E9987D9250
85969946-B257-4EE3-B0CE-AB181E4F7AB3,0,52:33.9,52:33.9,AETH\A393668,AETH\A393668,0,93DE4BA7-E4AC-4782-B45C-1F45B89AE033
D36E1DAB-D1DF-4EA0-B6AC-AB1ACAFAC2BD,31.4,54:25.7,54:25.7,A846534,A846534,0,CA1E722E-1BB9-4BD4-94A5-97DF4DE4AD70
2B1DF691-A001-4DF8-84D3-AB29EC6C68F2,185,15:21.5,15:21.5,AETH\N270372,AETH\N270372,NULL,B3462168-8D02-4C26-9C82-8547731DB946
DD0831E9-D9B0-4D53-B818-AB2BC1F032FC,0,54:25.7,54:25.7,A846534,A846534,0,23E1DC98-0A18-41B5-963C-946AD301CB3F
03F09230-078F-42A2-AE43-AF71E6F4B0BC,0,03:43.0,03:43.0,A846534,A846534,0,A66A5A4D-02BD-4C67-BDC7-B1CD9CB8C905
60105C5E-031A-4B2B-823E-AF800FAB3907,0,05:18.5,05:18.5,AETH\A393668,AETH\A393668,0,D1596FD2-04BF-4918-9270-0CAFBB10DC36
D8C67944-7C13-449D-87D8-AF84C888F679,0,03:43.0,03:43.0,A846534,A846534,0,BFEC9DA4-7787-43B5-920C-DE620B148D7C
3D82FF78-69CD-415E-9A76-AF869FE3A36A,0,54:25.7,54:25.7,A846534,A846534,0,40662D0B-4A41-4FD7-A0B7-49C42131C5B3
A9D811C1-858C-43FF-A1A5-AF896E4069C3,32,15:21.6,15:21.6,AETH\N270372,AETH\N270372,NULL,E869E5E7-5E1E-4DBF-8422-F784E7E370E8
5ECF4FA1-1C8E-459B-A567-AF8D6D6B60EF,0,54:25.7,54:25.7,A846534,A846534,0,65C88361-4956-4F6F-AC94-D060E9DA1A0A
5512A1C5-A84B-4A8C-B105-AFA502571D19,0,32:50.8,32:50.8,A846534,A846534,0,33037579-C329-45FB-BECA-4D032A1B95D2
D5A8A7FE-9F86-43F6-A2D7-AFB3D2CE0658,118.8,12:31.9,12:31.9,A846534,A846534,0,C74A3091-B5A9-43E8-AB7D-D6EADAE4B5EF
9781DC08-C59F-4C51-9C49-AFC0945B51B6,0,03:43.0,03:43.0,A846534,A846534,0,57705242-DC85-41DA-9126-A34B19CA120D
EF2218FE-2300-451B-A2DD-AFE96C6E8167,0,54:25.7,54:25.7,A846534,A846534,0,89EDE108-910E-49E7-BC73-6459F8C8007F
3E1E3D33-913D-4BCF-9F60-AFEE69250681,97,52:33.9,52:33.9,AETH\A393668,AETH\A393668,0,04B1B57E-DE13-4F43-A108-0DBDAEFF758A
27657D08-3B6A-4BEB-A5C1-AFFFDDBF0185,0,03:43.0,03:43.0,A846534,A846534,0,CDDEF44B-6BB7-48C6-86BD-EA011126F0DE
9659F16C-83C6-420D-B8EF-B000F9B9E0BA,0,03:43.0,03:43.0,A846534,A846534,0,19B60D5F-EC9F-4CD9-9935-EA5420E66E6D
04C6BB09-E1C6-46DE-9B91-B01D37A8A18A,0,52:33.9,52:33.9,AETH\A393668,AETH\A393668,0,72D9ABB9-6AC2-4D86-BA14-6B7DD8E67085
AFAB3E17-1D55-4661-AE91-B0330EC1E3FA,32,56:58.0,56:58.0,AETH\A393668,AETH\A393668,0,B59C08D1-66EB-44B5-8834-622EC96CA415
84F967B8-8790-42A3-8538-B042FF541EAB,0,03:43.0,03:43.0,A846534,A846534,0,572EDDCF-499D-4166-AD9A-5A0A565944DC
E1D3B514-2634-4251-B345-B0570AC24B7F,19,32:50.8,32:50.8,A846534,A846534,0,1A5D8020-4CD6-4FEE-BE4B-4A85BD1B45C7
4BBADBF4-37B2-43BE-9C2E-B05BA07042ED,0,52:33.9,52:33.9,AETH\A393668,AETH\A393668,0,824C227C-B170-4D1F-BAC8-CC11CDDCEDEA
A9D86A89-060B-4CCD-87F1-B05D9BFA3AEE,0,56:58.0,56:58.0,AETH\A393668,AETH\A393668,0,8F396C6C-F7D9-49E4-8E15-EA31EFFFCFF6
09290F0A-0597-4C01-9B11-B0614458DE3A,0,52:33.9,52:33.9,AETH\A393668,AETH\A393668,0,422EAB59-EF71-49A3-93A7-616CF8D86BE6
940F05BB-DE19-402F-B323-B07BBD293039,44.9,32:50.8,32:50.8,A846534,A846534,0,2C7F4782-04D7-4D0F-BAE9-43AC278AF301
ED21B6FB-ECD1-417B-A842-B07C5F7729F6,134,54:25.7,54:25.7,A846534,A846534,0,973D34EA-40F0-485F-BA42-46DC0362A454
07022307-8C5C-4419-B348-B08E307325F4,14.9,12:31.9,12:31.9,A846534,A846534,0,189ADC51-A8CF-40B3-A2B8-9C4D02157239
132CE4A6-D9D3-4169-B4E3-B0A5DE190BBB,0,54:25.7,54:25.7,A846534,A846534,0,C944EDAC-FCA9-46EC-B389-C6AAB04C32D7
C9A1BA6B-FF3A-40FD-8852-B0B2B76F4186,0,15:21.6,15:21.6,AETH\N270372,AETH\N270372,NULL,005A9CBD-10E8-4F20-A444-015CFF2C77B1
498D597C-F392-45EE-8C7C-B0B618A26C51,0,56:58.0,56:58.0,AETH\A393668,AETH\A393668,0,E8FC84AE-70DE-4DE5-87C4-FE92B71401E5
1524E558-D694-4B07-AD56-B0CFDF2561A7,85.9,54:25.7,54:25.7,A846534,A846534,0,EB4F92FC-C8B5-49CB-A7E3-A0D527F001EC
048264FB-E503-4F8F-8699-B0D55E83B94B,0,12:31.9,12:31.9,A846534,A846534,0,776D75D7-A6F8-4AC8-8A34-C0BD2987CC50
6317395F-FF2D-4A4F-8DCA-B0DC559AFEBA,0,03:43.0,03:43.0,A846534,A846534,0,55A8C2B9-3219-419D-AE30-265DE8F41337
17BFC562-E8F5-4535-9919-B1038063B420,0,03:43.0,03:43.0,A846534,A846534,0,0F287BF6-5F37-4A60-9CB5-FD1FC26A6EB3
7BD03978-B4D3-4D09-AE73-B112CCFF38B9,0,32:50.8,32:50.8,A846534,A846534,0,F42DCF62-8009-4DEA-B2F2-3B2853E56372
CB7CF0F5-6F00-4F06-AC0B-B132BA30C037,0,32:50.8,32:50.8,A846534,A846534,0,5FA6FE49-CB84-4281-80A5-20846302941C
4BA1B0D1-EAAB-4C6C-95EB-B167FC55190D,0,54:25.7,54:25.7,A846534,A846534,0,8619DAE3-92C7-424B-AB98-D34AD49CA489
D4460EA0-0BBB-4910-AE76-B16C2C25AF2B,0,12:31.9,12:31.9,A846534,A846534,0,049C540D-CBC9-44C4-9252-9F7A03EBD281
B1056D5D-7764-4784-A781-B17BA416C4DB,45,15:21.6,15:21.6,AETH\N270372,AETH\N270372,NULL,BC7F1F41-6574-4831-BF93-5F7B2008B429
7E34DC2A-CDD2-46BB-AF61-B185206D95AC,21,56:58.0,56:58.0,AETH\A393668,AETH\A393668,0,E91CD229-3CC7-4330-8CEA-1BD13C50FB94
D6402208-6E6B-41E4-9D18-B18BAEA1280B,0,12:31.9,12:31.9,A846534,A846534,0,2154A677-4585-4986-BB76-6294D476C22C
11BE827F-9E54-4BD1-86A1-B18C26F4AC60,0,03:43.0,03:43.0,A846534,A846534,0,6D4DE13B-960C-45DC-B2A5-C6AA1847BE35
AFA0C760-B347-42C7-A1A2-B195CE243073,0,03:43.0,03:43.0,A846534,A846534,0,5418BF2A-28F4-44D9-9F33-1FE69B70E3AD
B2A481AD-5519-4347-936F-B1AA7236C53C,49,15:21.6,15:21.6,AETH\N270372,AETH\N270372,NULL,81056ACD-E0E7-4C5A-BFFA-0E55A9C6E54C
1219995E-DB98-41CA-B3E8-B1B1E17EF931,0,52:33.9,52:33.9,AETH\A393668,AETH\A393668,0,EB017697-3CF9-41FB-92C1-E8D059E57C9A
BF2E27AB-276F-4BBD-A45B-B1B5437D17F8,0,15:21.6,15:21.6,AETH\N270372,AETH\N270372,NULL,70F87A96-A389-4A3C-B44B-E81E90FB9C2E
5263004E-4758-4C0C-8C92-B1B5B43A9F29,0,54:25.7,54:25.7,A846534,A846534,0,34151FDE-7DE4-4667-9317-0975F7411DA5
C565A060-78B9-4D34-A561-B1C336FD552B,0,54:25.7,54:25.7,A846534,A846534,0,252ACEB7-0F3B-40FE-977C-FFD0BB5BF324
919FAD0A-C519-4947-AC2A-B1C4B3F02A8D,0,56:58.0,56:58.0,AETH\A393668,AETH\A393668,0,A83CFEEE-4823-44AC-BC3A-580712646CF1
6FDAF264-F23E-4D5A-83AD-B207FA683AEC,0,32:50.8,32:50.8,A846534,A846534,0,69504616-ADE0-4612-BDB5-A40E255C566E
3EC95DA8-CA1D-4A86-9D24-B2093E9E5A77,0,15:21.6,15:21.6,AETH\N270372,AETH\N270372,NULL,58E036BF-FD3D-413D-98F0-BDD4C0C1EF46
72D7E16D-A38C-4FDF-A011-B20CBE4591CD,5.9,32:50.8,32:50.8,A846534,A846534,0,76D4577E-0185-4E37-B127-B6CC1894A6B7
8C6A699E-2766-48BF-8B9F-B217DCBCF4F2,0,54:25.7,54:25.7,A846534,A846534,0,1F95DD9F-706A-4CC4-9CB9-342E8AB0E23A
A73BB08C-1E07-4BBA-8E0F-B2326D4B30A5,56,56:58.0,56:58.0,AETH\A393668,AETH\A393668,0,648D8D69-A5D5-405D-9010-3C452D8F20C9
715F34F3-A97C-42BD-A167-B252887D2765,0,12:31.9,12:31.9,A846534,A846534,0,B9E71390-2461-4E3D-BFCB-BC4FF8B2937E
6AF9AC55-43E7-4ACA-91D4-B2563C0046E4,0,15:21.6,15:21.6,AETH\N270372,AETH\N270372,NULL,38974BF4-90F3-4C23-8C8C-E6B3C6D7E50C
17D5548A-E599-4639-B222-B259F218190F,7.1,56:58.0,56:58.0,AETH\A393668,AETH\A393668,0,F696E91A-763F-48A7-96B8-11068DFAFE26
56C6F223-448B-4675-B31E-B25F3F62B199,88,15:21.6,15:21.6,AETH\N270372,AETH\N270372,NULL,FB68C38E-032C-4130-96DF-369A7060FE7F
3DD3A317-A27D-44FF-B9DB-B26C9F2B8CA3,0,12:31.9,12:31.9,A846534,A846534,0,DBD9D6D8-B426-45B3-8A3A-335081420179
48C9C925-D153-432A-8274-B274C2F22112,0,32:50.8,32:50.8,A846534,A846534,0,4C1324CA-0342-4C33-A617-DC4419B28101
EA019F5A-C37C-4AB2-ACC0-B279117CEE97,0,32:50.8,32:50.8,A846534,A846534,0,EA38793C-BBFC-4949-92C9-0DAA7D24D9DB
51D1E5A2-8E4C-48DD-97B6-B2910160DA65,0,54:25.7,54:25.7,A846534,A846534,0,7F97C145-7165-4DF6-B3C9-013D7DE6961E
7FF23449-ED86-459E-8FF3-B2A249DDD67D,0,03:43.0,03:43.0,A846534,A846534,0,86CF5C58-E855-43FF-B436-D890A77E08F7
3EB5FAD7-22C2-4999-B2AF-B2BC614DF8C5,0,15:21.6,15:21.6,AETH\N270372,AETH\N270372,NULL,E03D17F9-C8D7-4572-AAD7-A9829E53CEE9
A91288B0-0059-4445-B06F-B2C316067B70,0,12:31.9,12:31.9,A846534,A846534,0,81C9D6B7-3CF5-4079-BEB9-DD8CE3282F1A
01DC33C4-5005-4B94-A2E3-B2C5A31AAF2F,57,52:33.9,52:33.9,AETH\A393668,AETH\A393668,0,3E0A42DB-C07E-4B2A-AC77-62FA4DBB9906
D361249D-D260-40DA-A1C0-B2CBC79A2E2A,0,52:33.9,52:33.9,AETH\A393668,AETH\A393668,0,7E00C3E6-ADCA-49A8-B679-3DD7B1E5B221
C61803DE-CC1A-4783-92D8-B2D6D1580ADC,0,03:43.0,03:43.0,A846534,A846534,0,D97A6211-CC97-4404-A3FB-308AB03CD85D
16A30D74-6725-4B26-AC03-B2E3D727EAEA,0,32:50.8,32:50.8,A846534,A846534,0,9A2070AB-9E43-4D82-B60E-A2E47C1D8E23
CDD2681C-3484-424D-9189-B2E9D2C4A790,0,03:43.0,03:43.0,A846534,A846534,0,41B8B4C8-213E-45DB-B6E3-0B3F45BC7C1A
764A657E-EFD6-4F76-AD95-B2EADB6F92F7,35.9,32:50.8,32:50.8,A846534,A846534,0,D42A4783-4C0F-45D6-90FE-F6945130B80B
E3F09654-F40F-4AD4-8359-B2EC9F9089F4,0,52:33.9,52:33.9,AETH\A393668,AETH\A393668,0,D8F63D48-77EF-41D5-ACEA-CAD08C0EE80E
F2CF2F3B-CFD3-415C-8978-B2F2AC216DCB,0,12:31.9,12:31.9,A846534,A846534,0,0CE88DCF-012E-4CF8-B594-7B8CC9EA6D77
9E535178-BB6D-49F8-AECD-B2FE5BD94F51,0,54:25.7,54:25.7,A846534,A846534,0,806CB6C5-8BC1-4058-A100-08DAE9927123
B96E4CBD-504A-4892-BBB0-B2FF708ADBD5,0,54:25.7,54:25.7,A846534,A846534,0,ED50906E-BA45-4664-A32D-CEE0794D0C57
FE03CF8D-5B04-4100-B1A1-B30011FA9A4B,39,03:43.0,03:43.0,A846534,A846534,0,9DA68BA2-CC6A-443B-A175-CCF55C2C720D
1FE54E1D-4CBC-4C67-9379-B30AE122D528,28,03:43.0,03:43.0,A846534,A846534,0,3A77850D-8C86-41A9-A30A-37CDF1BB4C76
06E0F025-F187-426F-B9DF-B31BD10C5D5A,0,03:43.0,03:43.0,A846534,A846534,0,4F2C4B48-D4F0-4307-955C-43E4969EE9C2
40D7FEC2-814E-437C-B20D-B31F30F53408,0,32:50.8,32:50.8,A846534,A846534,0,798C9948-F4E7-4291-B8CA-12DAD1E43151
59A0617A-0250-472D-89D3-B32033185D09,0,56:58.0,56:58.0,AETH\A393668,AETH\A393668,0,02E0C2A6-C3B0-4461-A7FA-8F23BC50EEA4
BA3736AD-7644-4A43-8B21-B320CA714FC9,0,56:58.0,56:58.0,AETH\A393668,AETH\A393668,0,BB75A913-796B-4290-BE24-CBEE5D75455D
D26C3345-3C7F-408E-86EF-B7BDEFC4547B,15,03:43.0,03:43.0,A846534,A846534,0,853C631C-E8BA-48A8-A252-8F96116FA169
F9E5B8F4-BB4A-49BE-B8D1-B7BFAF1696C4,0,32:50.8,32:50.8,A846534,A846534,0,962B69F2-103E-47D0-B82C-C775C44A8F92
D7DEC796-772B-4EB0-81F6-B7CCE3797F46,0,03:43.0,03:43.0,A846534,A846534,0,4BDC54A5-667C-49D5-9146-74039FA2E06A
37CAECFA-4544-4C7D-848E-B7F33340A096,0,52:33.9,52:33.9,AETH\A393668,AETH\A393668,0,E6B3DF3C-4B73-4BB7-82DD-59A0232D7988
B879D72E-27D6-4E3D-9C88-B7FB262CCC07,95.6,03:43.0,03:43.0,A846534,A846534,0,28669026-5B37-4775-9FEC-BDEDC2D6D5F8
68B5687D-E951-48F1-A4B4-B8079BF35143,38.4,54:25.7,54:25.7,A846534,A846534,0,5A68E171-24B4-40F5-A2B0-A6D2D8208B49
A8648149-93FD-4156-843E-B81963670B3F,0,56:58.0,56:58.0,AETH\A393668,AETH\A393668,0,C44BEBC6-5B7C-401F-8DA3-071E81ACC7CD
6F8C222E-1892-4D5A-A420-B81BB5BFFBF4,0,15:21.6,15:21.6,AETH\N270372,AETH\N270372,NULL,AC0660FD-9538-4B2A-8FD4-1D78C14E15BF
6AE8A760-C976-4010-B1CF-B81D14AED087,0,54:25.7,54:25.7,A846534,A846534,0,D5D9B664-3072-45BF-B1BF-FE0970997905
ADC65BB6-922A-42D2-ABAC-B82666175D71,0,15:21.6,15:21.6,AETH\N270372,AETH\N270372,NULL,E901DD9D-D7F9-4AA7-95CA-BFFE13DBD56D
736E4867-DAD1-4CA0-9D5F-B82B8C635000,5.9,32:50.8,32:50.8,A846534,A846534,0,68554534-C8A4-49A1-89B3-7D8329AA421B
70937548-2255-45E5-81E9-B83359F4C60D,0,52:33.9,52:33.9,AETH\A393668,AETH\A393668,0,0FF00C89-0835-4118-8258-CADFBF51759B
C4ED1958-6050-43BE-968B-B8339851C63B,0,32:50.8,32:50.8,A846534,A846534,0,789ADF2D-22C6-437C-919A-B22CD819A56C
17453452-97C9-4B9A-86F5-B8355DDF6B52,16,52:33.9,52:33.9,AETH\A393668,AETH\A393668,0,728FC602-0680-45AF-B381-7529214443BA
A239445F-CA15-4B2B-9816-B8365ECCC8B5,0,54:25.7,54:25.7,A846534,A846534,0,182F1CCE-B0F8-4284-B76D-E1282870F6B7
E0074E2E-BF44-4805-8DAD-B83D31CC4976,76.2,52:33.9,52:33.9,AETH\A393668,AETH\A393668,0,F4D34D70-D62A-4C16-B88A-B8F775A2FAD2
35E4B675-0D9F-4984-9864-B85F71BF7153,0,54:25.7,54:25.7,A846534,A846534,0,19EF9AC2-40F0-4B5A-BD7F-7CBBF17EF24B
44D50234-3C93-4CEC-A566-B872BF7A8C09,0,03:43.0,03:43.0,A846534,A846534,0,9D8273CF-512C-47EA-A31B-F45ABC1B0CC2
4D875530-9B70-4DF1-B0A1-B87F93B3C3C0,54,12:31.9,12:31.9,A846534,A846534,0,BC6178A0-BCF9-4EB1-B229-10D474FC1082
46803A51-7C83-4D0B-9C34-B8994D48D847,0,32:50.8,32:50.8,A846534,A846534,0,E1AD2B91-E105-4B71-BFD6-5263DBA19ADA
7B28FF69-FBB4-4384-AA72-B8C3946EF74E,0,56:58.0,56:58.0,AETH\A393668,AETH\A393668,0,A3839828-88FD-45C0-823E-BC1CC01B7787
5A37E553-D275-4087-B525-B8D190BCEE88,29,03:43.0,03:43.0,A846534,A846534,0,AF8633FC-2722-4BDA-8640-549E9239C54F
8B297286-A062-446D-BB3D-B8E1F66C974A,0,52:33.9,52:33.9,AETH\A393668,AETH\A393668,0,D9B60BD2-471F-49CA-892A-3025E86ADA76
8EDE6C38-2E86-4F52-A322-B8F664B0968F,52,54:25.7,54:25.7,A846534,A846534,0,3BABCEE8-9181-4BC5-80A2-8D182C0E147A
B10E7ED8-1419-4258-B68E-B90DBDA388A0,18,32:50.8,32:50.8,A846534,A846534,0,A5DCB204-BC12-46A6-89F1-A77AE3B113F7
ADA8244A-A915-4479-B19E-B919496216E9,0,03:43.0,03:43.0,A846534,A846534,0,AF526498-B7DE-447A-99B6-D3669E0FF212
E59533A3-BD45-4E7F-81DC-B9354762EC87,0,15:21.6,15:21.6,AETH\N270372,AETH\N270372,NULL,A4F07AB1-0326-4B1B-AFC4-A93C7258B281
A014A184-F244-42F8-831C-B93BE9D6F2A0,19,03:43.0,03:43.0,A846534,A846534,0,D73CA5E2-960E-4E18-92DE-8262EE97663C
C029F9C2-5F0A-4F63-B597-B9589DC552FF,39,03:43.0,03:43.0,A846534,A846534,0,44172CAE-95BF-4E7B-9E2A-470C2C084CC9
20ED6F48-60A1-4B87-B1EF-B9599F86F212,0,52:33.9,52:33.9,AETH\A393668,AETH\A393668,0,437425F3-F36F-419E-9C04-33B3558407C0
BD5309DE-A530-441C-B68E-B9777B74B728,0,56:58.0,56:58.0,AETH\A393668,AETH\A393668,0,6C20052A-237F-4994-98B7-64CD552D4DBB
CB34054F-AFFB-4726-B202-B981EF29D6A6,0,32:50.8,32:50.8,A846534,A846534,0,3E570959-D899-4E94-9B72-DFF0FF0A22B8
6E3FFEEF-E404-40E6-8C83-B987FFE9F22C,0,15:21.6,15:21.6,AETH\N270372,AETH\N270372,NULL,6D2731CF-5FA7-4BA7-BDC7-8FB0DC471E2C
7D1B852A-D135-4ABE-A11D-B98F2DAB2564,0,32:50.8,32:50.8,A846534,A846534,0,0D758E79-3A96-4DDA-894A-19657C3BBCB4
26501DB1-9AFA-4702-B733-B993C0D064EA,0,15:21.6,15:21.6,AETH\N270372,AETH\N270372,NULL,AC584D05-EE08-4152-ADBA-88A0DC48D4BB
C628E29A-CC10-470D-8E77-B99B63AA5A2A,0,56:58.0,56:58.0,AETH\A393668,AETH\A393668,0,5050E581-4880-469A-A182-8A2CFAFA88F1
96384963-EC40-472A-8506-B99D9B682125,0,03:43.0,03:43.0,A846534,A846534,0,9D44785F-857E-4C13-8A86-D7117B4AB582
97831C12-DE8C-49B5-8372-B9A33FEC80F9,50.7,32:50.8,32:50.8,A846534,A846534,0,B8A58C3A-3BF4-408D-9C2D-32B8E5C2B473
415AAE23-8C4B-4900-9755-B9B0C28F53C4,40,12:31.9,12:31.9,A846534,A846534,0,5A4D14CD-BC6E-467C-8BE8-08F0B8849EF1
996699AA-6793-482E-A77F-B9C05CED59F8,0,52:33.9,52:33.9,AETH\A393668,AETH\A393668,0,7369EEBB-53C6-4986-911B-9F7E6E43846C
5975C6C1-40A0-4CC6-931E-B9C516EAE9C5,32,56:58.0,56:58.0,AETH\A393668,AETH\A393668,0,E2A54153-9833-4DD8-93B3-29419656B162
1DDD574F-18A1-474D-A732-B9CBC11A56B9,51,12:31.9,12:31.9,A846534,A846534,0,D75403C1-E450-4F96-8DD9-BE1106C35896
4DB00BD5-12CD-4203-B454-B9D7BFFCD912,0,03:43.0,03:43.0,A846534,A846534,0,F3A0AAA9-6070-4F6D-9CD3-9EE1A40E1016
DB979D52-3AC2-48DF-A8D4-B9DC2A453711,29,03:43.0,03:43.0,A846534,A846534,0,4F9DAD15-B1F1-44E3-A411-7214068A614C
0B2ACD19-A7AA-4B47-A327-B9E247D411A6,0,32:50.8,32:50.8,A846534,A846534,0,1D8FD629-FF43-4763-B1B0-3B199E26FA29
1B34E5DB-9F45-49D0-B208-BA06264BF370,4.8,54:25.7,54:25.7,A846534,A846534,0,EE4CA53F-A3D8-4893-ABA4-68F7A9E79DA9
4A90386F-761F-40A7-8305-BA06DE1143BA,45,12:31.9,12:31.9,A846534,A846534,0,C7E234B7-1F29-42FF-8EC6-8F4932AFF473
EB0736A6-67BB-4FAC-8F8C-BA08B2C8CE37,30,32:50.8,32:50.8,A846534,A846534,0,DBEBE7F7-BCCC-40B1-9693-9BC1590EACA0
BDA3E73D-7B6F-4C7D-AF47-BA0D72945102,0,54:25.7,54:25.7,A846534,A846534,0,58D01D78-A9C0-4771-A221-7190E3005F48
4FC30973-CD4F-4391-BDC9-BA21EB58E787,0,12:31.9,12:31.9,A846534,A846534,0,DEF7F7ED-0EE7-4164-939D-AE806643C6BE
D9061113-097D-4857-82B7-BA39162D0ACA,25,12:31.9,12:31.9,A846534,A846534,0,29D0C0DC-2B71-4F32-8C08-EE9B1248CC51
A2EEBE19-231B-4ABD-BDE7-BA3ADFCDE968,0,56:58.0,56:58.0,AETH\A393668,AETH\A393668,0,EF6CFDEB-B17E-4B8F-B298-00FC37BE52EA
39896F50-FDEA-421E-867B-BA3D7B70E079,8,12:31.9,12:31.9,A846534,A846534,0,A2581416-A16F-4216-BCAF-530FBB37019D
6E8E5F28-F54F-4EAA-B9DD-BA3E79A1CA4B,0,12:31.9,12:31.9,A846534,A846534,0,A2637BD9-DC9F-4E2D-AD3D-1E38480D8C93
0A7C59C3-50EA-4F08-A6BF-BA3FFEE50AFB,0,56:58.0,56:58.0,AETH\A393668,AETH\A393668,0,173ACBF5-4430-4DD9-A63A-18FAB4C5A5C4
C39947F0-0E8D-499C-AAE0-BA6FE071F7A7,0,03:43.0,03:43.0,A846534,A846534,0,00BDD729-21BB-489C-B2C2-5EDDADB18E99
66262F83-6788-4E71-AB10-BA79AC5FBF81,21,15:21.6,15:21.6,AETH\N270372,AETH\N270372,NULL,9A96F880-3B29-489B-AFC5-379D8C81EBD3
6B329580-E069-4CBA-A261-BA7A132314B0,0,12:31.9,12:31.9,A846534,A846534,0,2EE43689-6342-4033-AD73-B1F9C274491B
FED62ED7-F308-47F2-9DF5-BA7EC91633CE,0,32:50.8,32:50.8,A846534,A846534,0,20E475CE-9BD9-4B62-82EF-697FBED59C7E
B640BD33-8302-4456-B319-BA8218511045,79,52:33.9,52:33.9,AETH\A393668,AETH\A393668,0,0131CCAC-720D-49A9-9820-775DF6EB8817
149706C9-33A0-40A7-AB93-BA86A51CF375,0,03:43.0,03:43.0,A846534,A846534,0,7F967CBC-358C-403C-A84A-3E627BB0B5CA
E9CAF839-2990-4012-AFF1-BAB826CB55A6,0,03:43.0,03:43.0,A846534,A846534,0,754370DE-0917-4F91-B525-23A85AA3C6E5
7C55C7D0-120E-44B2-A76E-BAB875EA44A4,0,52:33.9,52:33.9,AETH\A393668,AETH\A393668,0,1AF937CD-FB6A-47ED-A572-0797F5DD15FF
B5A228B8-1DD0-4C5B-B36D-BAB9204B27E8,0,54:25.7,54:25.7,A846534,A846534,0,0E3B39CC-34A4-42C1-B2D2-7069EA324AFE
4C1E5F56-7863-406C-A6E4-BAC424B2B881,0,15:21.6,15:21.6,AETH\N270372,AETH\N270372,NULL,63BCC337-558D-41C0-A4A7-13A27DCA2D17
2DAC2179-8235-4D69-A763-BAE86AA74A8C,0,54:25.7,54:25.7,A846534,A846534,0,E06BDB37-54E7-423C-BE89-5C0AD09FF9CF
2DD094B6-8DA2-4070-B907-BAF0F88ECA5E,36,56:58.0,56:58.0,AETH\A393668,AETH\A393668,0,00A816DD-2953-4E8F-9973-C6554D7AA0CF
9DA1BD26-E8EB-4D95-B922-BAFE47F62965,71,52:33.9,52:33.9,AETH\A393668,AETH\A393668,0,A18AB09F-6BEF-4816-9489-BA86BA6FF1A6
CE012D2E-2135-47BA-AF48-BB20A59C6C17,7.3,15:21.6,15:21.6,AETH\N270372,AETH\N270372,NULL,5F974A7B-0413-45F5-BFBA-269669EC4759
D04F1C05-46A2-47E2-BE6D-BB2D46380627,0,03:43.0,03:43.0,A846534,A846534,0,B0D0A4A0-87D8-4901-BFDD-069186DF3288
C54F0E5D-EA61-484E-A85D-BB357ACF4F4B,0,12:31.9,12:31.9,A846534,A846534,0,55B24D84-1339-43A2-B947-55882F2D834C
7CF6EBED-15A6-4E2D-95D3-BB3618D1BDFC,0,12:31.9,12:31.9,A846534,A846534,0,B52E1B88-E6E9-43D8-A514-34C567757E5F
E8DFFAD1-7D97-42DD-B6C6-BB3F8A1FAD12,21,32:50.8,32:50.8,A846534,A846534,0,EDD405A4-781F-4925-98E9-D2EE43A06EC1
BF58B5A1-DB0D-49FD-B692-BB5422BCA1B1,0,12:31.9,12:31.9,A846534,A846534,0,EE29DE0C-EC2E-49A0-A03B-4B80C2BC486B
566A49E5-D7B2-443F-98B6-BB691DBE274D,13.5,12:31.9,12:31.9,A846534,A846534,0,CD104FA0-3BF8-4C78-8295-464A46662FB1
FA5D95D0-D5D7-4267-BCD7-BB710A898A22,0,15:21.6,15:21.6,AETH\N270372,AETH\N270372,NULL,178625A9-BEED-4E8D-BF9D-20000B8E46C3
178CC102-4E60-43A3-88F7-BB7781FCD5E9,0,12:31.9,12:31.9,A846534,A846534,0,D883B431-62DB-4F19-824F-DBED814647F9
FE2722E8-2B1D-4BA3-AC64-BB78623A450C,0,15:21.6,15:21.6,AETH\N270372,AETH\N270372,NULL,A421F497-BE0C-4F7D-B431-FAD189E144CF
80466DF8-AF61-43E3-A9C0-BEEDF5F65BC1,7,52:33.9,52:33.9,AETH\A393668,AETH\A393668,0,E878536A-04A1-4C9E-B599-797B603A3D0F
78D47AD8-83D5-4E73-868D-BEEE0E1D9052,120.4,03:43.0,03:43.0,A846534,A846534,0,0F30EC40-EB66-4648-B5C0-839528CF9493
19BE8E3D-8FF0-4A52-8D8E-BF0EB281B122,0,12:31.9,12:31.9,A846534,A846534,0,D564D163-C4E6-46B7-B3DC-04F687CF9E2D
45BBF334-351D-4031-9F1A-BF140CBCCDEE,0,03:43.0,03:43.0,A846534,A846534,0,9318D597-6754-48D0-AF36-526B8B7535E0
64B96AAD-D108-4AE0-A5C5-BF2D6F718512,24.8,15:21.7,15:21.7,AETH\N270372,AETH\N270372,NULL,BFE6B19E-58BA-420E-8C90-2A790429E06A
B8BD3E8E-740D-4529-B015-BF2E30E7F90B,0,32:50.8,32:50.8,A846534,A846534,0,55A9CBB9-2942-4B27-BE37-F9B6AA876C50
B9D1EB27-E75F-477E-8107-BF4D3F8867CD,29.4,12:31.9,12:31.9,A846534,A846534,0,7B4EABD9-5F3B-42E1-9B7F-6E1D322228B1
808E924E-A75E-4841-973F-BF6A6D17EE53,25,56:58.0,56:58.0,AETH\A393668,AETH\A393668,0,A8965D17-D1CF-4D2F-8604-7C647E7C277B
990B1F41-6AAA-4F13-9451-BF6EE5701A7A,50,56:58.0,56:58.0,AETH\A393668,AETH\A393668,0,8522F023-4040-47E6-AFD8-9905EACFAB89
AC49D326-1CD8-467E-A7B8-BF8426C53B12,0,15:21.7,15:21.7,AETH\N270372,AETH\N270372,NULL,D36189BC-D5A1-4152-BBB5-95DC9642990E
8478F917-3874-446E-837A-BF8DB66A6609,0,52:33.9,52:33.9,AETH\A393668,AETH\A393668,0,B5CF253A-D63C-4938-A605-8F35D35DC240
EF57EFF5-CD41-45C3-8B11-BF9917E2627E,0,56:58.0,56:58.0,AETH\A393668,AETH\A393668,0,5902A104-C31E-4CBF-ADB6-9320CC17DE6E
25C92DB5-B92C-405B-A276-BFA18BAB6118,79.5,52:33.9,52:33.9,AETH\A393668,AETH\A393668,0,8D864C40-DF61-44BC-BDB5-9D6BED626F9F
8C40C6CD-DEEE-4A6C-B297-BFA2AA2ECE43,0,54:25.7,54:25.7,A846534,A846534,0,38605AAD-18FF-415D-851C-B50B315FD76C
C30567C7-9A65-4FA1-9166-BFA36EA622AB,70.4,52:33.9,52:33.9,AETH\A393668,AETH\A393668,0,2444A4A9-223D-450D-A1D8-1B2824897673
BB882854-B8CB-429B-819A-BFA87C45AE59,0,56:58.0,56:58.0,AETH\A393668,AETH\A393668,0,7E4E47E5-0162-4887-BD8A-48D8F36B1098
66265DBE-CB20-4A6C-AF8E-BFB0F7F5126D,0,03:43.0,03:43.0,A846534,A846534,0,835F4D33-1067-4A90-91BF-6B5067FC1BDD
110B1910-6834-401B-B390-BFF6635A3802,0,32:50.8,32:50.8,A846534,A846534,0,80EC40B9-9BC0-4D5A-8B6D-622EDC458B64
3C5924A5-6CB9-4188-8E5C-C001C4D7570E,0,56:58.0,56:58.0,AETH\A393668,AETH\A393668,0,D8F484DC-3B95-40BE-8DAA-2833F4B2A9EC
812B9246-FF48-4122-9845-C002B88F9949,11,32:50.8,32:50.8,A846534,A846534,0,00CB6B2C-D99E-4592-B873-83FE5A1D0FB0
53EC67E8-1895-481C-9F12-C00EDB17BB01,0,32:50.8,32:50.8,A846534,A846534,0,1A473166-3827-41E0-949A-1474FFD2AA6B
82EDCFAA-4C25-4529-BA2E-C01AC17D6C09,0,54:25.7,54:25.7,A846534,A846534,0,546A18A2-44EC-4087-A48D-1902B350CC36
7E250CC6-D515-4BFE-B971-C01C5EAF1EF6,69,56:58.0,56:58.0,AETH\A393668,AETH\A393668,0,3ED2185A-9297-4876-852F-C569356E17F6
61FDFACB-C402-487B-834E-C0226CC2B89E,24,12:31.9,12:31.9,A846534,A846534,0,680A7F45-0518-4013-904F-7C23167B4238
ABD5AEC1-918D-40B0-BF9B-C035F47CCE22,0,15:21.7,15:21.7,AETH\N270372,AETH\N270372,NULL,6E806D4C-E572-4CE0-83A8-F26F53943E6D
47EF0CD9-181C-40AC-A177-C03D4324B8CF,0,52:33.9,52:33.9,AETH\A393668,AETH\A393668,0,DAACFDA8-DDF6-4824-821D-1171ADF237F6
7BAF2013-7E9C-4290-9FEF-C0477160F1E6,100,03:43.0,03:43.0,A846534,A846534,0,DAEA5447-7E39-4854-8DC9-F50ACF04BAE2
D9601A95-05F1-4B06-9148-C0480C9AC3DF,18.1,15:21.7,15:21.7,AETH\N270372,AETH\N270372,NULL,38A1F07F-C793-4DDA-9078-4F7061732089
C6924F68-F1F7-4CA3-AD24-C05206D80364,23.7,56:58.0,56:58.0,AETH\A393668,AETH\A393668,0,0E8A010A-D89E-4EC3-A153-38E0C2F709DC
083EA97E-8C5A-408B-9144-C053DFFE5756,0,32:50.8,32:50.8,A846534,A846534,0,E451D60F-0AD9-437C-BC36-37BE37A0DD00
BA72D5A4-DB07-4BF9-ADE4-C06067B3C35C,43.5,03:43.0,03:43.0,A846534,A846534,0,891B7B8D-2C3B-4349-9757-855F222FE564
C5E32E2E-E82E-4C9E-80A6-C077401BDCF8,93.6,03:43.0,03:43.0,A846534,A846534,0,EAF42B6B-6131-44EE-A4A1-15C49ACCB2A8
6F7C4291-0B89-4BDF-8386-C07B42567EC9,0,54:25.7,54:25.7,A846534,A846534,0,819B30EB-2D85-4A28-AD95-0766B171DB1B
ADB85135-2452-4578-8D5C-C086BFEF2A77,0,52:33.9,52:33.9,AETH\A393668,AETH\A393668,0,7F4494C2-2A85-4D48-A121-0B4DBAB3C4DF
E8115AA0-FBCF-4052-9926-C09168648336,0,32:50.8,32:50.8,A846534,A846534,0,383D6879-8C6E-4B53-A191-DED4DFCA1927
B7ED9B86-A420-4B92-87AE-C0A9E377D77A,0,54:25.7,54:25.7,A846534,A846534,0,D1FF55B9-CDE7-43F8-BC1B-203CC48854CF
F407B0DA-9246-4DB8-A6D7-C0AD17621098,0,52:33.9,52:33.9,AETH\A393668,AETH\A393668,0,D7E72DBF-486E-48AC-B48E-3EB4EE1A1433
2D54C255-0692-4946-846D-C0B393D9ACFF,0,03:43.0,03:43.0,A846534,A846534,0,7DD4A0FA-FC3C-42FB-B5C1-E5E6FF96377A
527E14DB-B038-456C-BEAC-C0CA17DEAD36,15,12:31.9,12:31.9,A846534,A846534,0,6E0109CF-D528-44F0-BC96-6EB54FBAAC7A
C15273D6-9BB1-49A8-85CA-C0CFDB748C8E,0,03:43.0,03:43.0,A846534,A846534,0,6810BB43-449C-4756-BAFE-F341C4C77BD3
E26E1236-9A7D-43C7-A2C1-C0D77975D594,0,15:21.7,15:21.7,AETH\N270372,AETH\N270372,NULL,AC8D5E81-A5B3-4B4E-A432-2CF2613ADB5A
7129CE3C-E04E-406B-B07F-C0E2F77D5C3A,37.8,12:31.9,12:31.9,A846534,A846534,0,EBC2FD15-4303-44DE-9978-144407ABBC05
BE18CCE0-3B06-4A0C-B049-C0F9A6883D75,0,56:58.0,56:58.0,AETH\A393668,AETH\A393668,0,2466FBF3-54BA-4C17-9F1C-3ED1806BEA76
CC0BB58F-C5F0-4F15-B684-C102A9A47C32,0,12:31.9,12:31.9,A846534,A846534,0,9E2B3012-5307-49D8-9B33-2B8DD0C79819
09D35964-017A-48E8-9F27-C15AEF8F1B90,0,12:31.9,12:31.9,A846534,A846534,0,F0A15B32-E394-4062-8A22-25CD891E96D0
5C8B8177-0AE9-4EB2-9CE1-C16F965F4884,40,54:25.7,54:25.7,A846534,A846534,0,DEA2C465-F39E-4158-B6B4-435E7A553442
A42C353C-D304-42DD-ACF4-C171807AED1D,27,52:33.9,52:33.9,AETH\A393668,AETH\A393668,0,ADFF0D10-DD93-4641-802F-FDC2F3EB9117
0FDAF134-6F7C-434D-BC5E-C181A6860611,45,56:58.0,56:58.0,AETH\A393668,AETH\A393668,0,1EF0999E-A2DF-47AF-96D4-5CBC1913B4CE
A7477A0A-2ACA-49A5-B13F-C185FD103D90,0,32:50.8,32:50.8,A846534,A846534,0,75ABC643-D97A-45F8-B023-38FEA0B65C6D
45EFA341-F04F-4E15-BAA1-C187FB9291C9,7.7,56:58.0,56:58.0,AETH\A393668,AETH\A393668,0,0289BC62-A5FA-4125-82E3-3F734ECF1634
A18D617D-27D2-42DB-915C-C19EB6AA4F0D,47,32:50.8,32:50.8,A846534,A846534,0,D3089063-8EC6-4F8A-BE0B-F864C9F97FA2
F41BBCB1-E517-4BE0-8100-C1A5E3049637,26.3,15:21.7,15:21.7,AETH\N270372,AETH\N270372,NULL,32EF00DF-7248-4B07-9F62-4BF70306CCBE
2C5AD875-ED86-4CDF-B810-C1A64BA1D5DA,0,12:31.9,12:31.9,A846534,A846534,0,076F372E-516E-4A13-A5C8-7D62A1FD33B9
1238426C-EB40-4F7C-83A8-C1C47391362C,101,54:25.7,54:25.7,A846534,A846534,0,6B438DC6-36CE-4CA2-8262-60A2530DE80C
9888C1B1-8B7B-4D14-BDA1-C1C5345B86C9,0,32:50.8,32:50.8,A846534,A846534,0,CD4AB88B-3536-4E74-9F4C-66090B1666A7
477E7F13-2AF8-4D1C-AE16-C1D1747D4CAB,39.3,52:33.9,52:33.9,AETH\A393668,AETH\A393668,0,F8BDDCE0-4037-44EE-ABA6-8751DF1CDE33
51F9DC16-00E6-4143-9F2C-C1DBFD62C1E3,0,03:43.0,03:43.0,A846534,A846534,0,6CF5CE76-D6E3-45B2-A17B-8AF80BF25008
BF9C319A-F6FF-4772-BC6B-C1E437AA57D7,0,54:25.7,54:25.7,A846534,A846534,0,1D440E5A-B025-45A9-A850-0E2CE9AE5185
B08CE90A-262E-4716-AA53-C200445EF99F,56,54:25.7,54:25.7,A846534,A846534,0,EF050E5E-D37D-4BF3-B793-90C605B34A49
8F7D5D15-48AE-45CC-AA03-C2393A99100C,0,12:31.9,12:31.9,A846534,A846534,0,AD4DEA99-ADB1-44FD-9EA9-E30F52D30F5F
5D4DB1DA-5CEF-43DD-8C0B-C24001D0BAFA,0,15:21.7,15:21.7,AETH\N270372,AETH\N270372,NULL,07EEBAD6-E69D-490F-8E3F-B977B663FD85
3B3EEE73-C676-4D18-9821-C28FF4483B57,0,32:50.8,32:50.8,A846534,A846534,0,A8C6968C-7FE5-4A0F-9FC2-C2A4D60A8A13
0409C530-D948-4DFD-872E-C290BFE11C8D,99,52:33.9,52:33.9,AETH\A393668,AETH\A393668,0,6C2B8847-73E9-49BC-A360-1CA903C294D9
C192048F-D31E-43BF-94D0-C291B810D5C1,22,15:21.7,15:21.7,AETH\N270372,AETH\N270372,NULL,1AFF53CB-09FA-446B-BF0D-CEF582425833
FDA2E5A8-04DC-4611-BF09-C293EAB258AA,31.3,15:21.7,15:21.7,AETH\N270372,AETH\N270372,NULL,C7FACB69-86AC-4924-A913-7BFDDBA19902
D3E1FA0E-6D21-4B71-8968-C294BE16E999,0,15:21.7,15:21.7,AETH\N270372,AETH\N270372,NULL,67B2CF3A-BB14-4914-AC6A-75051101EF73
D9EA2BFA-7C7B-44C5-B6C1-C29FC87F8CA9,0,03:43.0,03:43.0,A846534,A846534,0,B57362F8-7F4C-4733-B229-4C37C4B78687
A9857B5B-433B-4353-A4FC-C2B18606B7E0,0,12:31.9,12:31.9,A846534,A846534,0,74321171-261B-4AA2-9E54-7C9D2C9AEDDE
6783E7EC-A432-4AC4-9BAD-C2B7ACB47DF3,7.3,15:21.7,15:21.7,AETH\N270372,AETH\N270372,NULL,436E938A-FE1C-4374-9B7F-79D9354FDD5C
7268E3D5-440C-4BDB-8ADB-C65E1F096D98,0,52:33.9,52:33.9,AETH\A393668,AETH\A393668,0,F667CAA7-3E9B-467D-8F1A-D20728098E1B
5D10357D-BD0C-468A-85CE-C6693D0435D9,35.6,52:33.9,52:33.9,AETH\A393668,AETH\A393668,0,B731929A-85A2-4F00-9DBC-3119302DFEB0
7F99758B-AD16-4EEF-A324-C66AFD111CD9,0,56:58.0,56:58.0,AETH\A393668,AETH\A393668,0,D31B125A-709A-458D-947A-B17651438CB3
A810D021-D93D-4AAA-8798-C68134EF4868,0,54:25.7,54:25.7,A846534,A846534,0,2E621831-9616-4CE6-AB3D-F33EA95758FE
8FC30E89-CAE0-483D-9DAE-C68A02A9042D,59,15:21.7,15:21.7,AETH\N270372,AETH\N270372,NULL,9B7D1F01-23BC-486A-8BBE-4D183FC456DC
09FD5EBD-F851-494E-9425-C68A283495CB,0,54:25.7,54:25.7,A846534,A846534,0,7A9AD4A4-671A-4DAD-A4CC-2CD0752D3C67
6A3A8A7D-C088-480E-B8B9-C6A8585CE802,45,12:31.9,12:31.9,A846534,A846534,0,2980075B-937A-499D-A1F9-7BB03C0BA977
D39599AB-3617-4ED1-9BD8-C6AB65771F11,0,15:21.7,15:21.7,AETH\N270372,AETH\N270372,NULL,70289373-F88A-4D70-BE0A-D6CF787BAA98
269A9228-FE19-4B6F-9FEA-C6B8AEE26A43,0,03:43.0,03:43.0,A846534,A846534,0,943A8787-A3B7-453F-B144-89A2A117BD54
69B4E843-344E-493B-914C-C6BE6D88B9BE,13.9,03:43.0,03:43.0,A846534,A846534,0,D3A0F4FE-8C34-4634-B974-6410C52EE72B
099DAB92-EACD-4BAD-B12A-C6DCDC2B9472,0,52:33.9,52:33.9,AETH\A393668,AETH\A393668,0,252DCA26-5A7D-45CA-B72D-B4BFBF3FFEB9
B380E6D7-255C-4B84-8CEB-C6E5E14DA849,0,03:43.0,03:43.0,A846534,A846534,0,64890EAA-5128-41FF-BFB2-B83C153910FB
BFA0A12D-07F3-40EF-A443-C6E71BBE89F0,27,52:33.9,52:33.9,AETH\A393668,AETH\A393668,0,A7CB2672-8A3E-4349-B14B-A7DEF61E44A9
441B9546-8118-4EB7-9A0B-C6E8FC2DFAAE,0,15:21.7,15:21.7,AETH\N270372,AETH\N270372,NULL,1E0E9B1F-E4CF-4179-9A6B-41A337E8B8A4
BFFE2B8B-D7AD-4DEF-A015-C70D449517D1,0,52:33.9,52:33.9,AETH\A393668,AETH\A393668,0,0CE122E1-24D1-42FD-AF0D-8562DAF7C8E7
ACFE2F5D-E5E1-4E1C-AE6C-C72074BF396E,0,56:58.0,56:58.0,AETH\A393668,AETH\A393668,0,43B1F930-02C8-49F1-AEE7-B79E43B833D8
9DA83952-DD67-4818-9A35-C74DD3B3B16D,0,03:43.0,03:43.0,A846534,A846534,0,C5068375-9A0B-486B-BC78-6F766ED69A35
0F91E705-F567-42F1-97C5-C762C3512C6B,0,12:31.9,12:31.9,A846534,A846534,0,FA5F481C-189C-4129-AD14-8D4682E81461
966CE3B0-31A5-4817-B1A9-C77E4B8703FD,0,32:50.8,32:50.8,A846534,A846534,0,CBC3A176-F367-4041-B7A1-94CF351BCFAF
77336DB5-353F-4941-B514-C7825006C169,0,52:33.9,52:33.9,AETH\A393668,AETH\A393668,0,D7222326-CB93-4C17-A59E-15B4BC8AC53E
59E674E2-01F3-4DBB-932D-C788F1B7E938,25.4,54:25.7,54:25.7,A846534,A846534,0,AE59C73B-EA2D-416A-AF67-FADA30C173BC
C4CEBDF3-2080-470C-BE75-C7A4F4EF156B,0,15:21.7,15:21.7,AETH\N270372,AETH\N270372,NULL,606D8897-25D4-4F8A-9392-54C5B05E5EDF
EAC175DB-C638-47E2-B045-C7AC74DC8422,0,54:25.7,54:25.7,A846534,A846534,0,18E69814-5A20-4A98-8576-5F47BF46661B
11DF2A6A-D351-4B1F-9948-C7B40FD46A90,35,52:33.9,52:33.9,AETH\A393668,AETH\A393668,0,5E7F469A-E4DF-4470-A66A-F428DEDF48EF
676AB9B3-C39A-49EB-9B4A-C7C0ABDF10FA,28,52:33.9,52:33.9,AETH\A393668,AETH\A393668,0,BC3BB5BC-4001-434E-B8AE-72B22D835A61
E6E29672-80EB-4014-8E1B-C7C7B0C4A77C,0,52:33.9,52:33.9,AETH\A393668,AETH\A393668,0,4A1B1E4D-ECB8-4B6B-9A62-6A5D9F6708C3
FC547623-5BF9-4066-8761-C7C91D41DD5F,0,03:43.0,03:43.0,A846534,A846534,0,30723AD9-7AF5-46DC-A345-B87643F1C2A9
B63B87D0-0BA4-4A75-B10B-C7C9B265DFDF,115.2,03:43.0,03:43.0,A846534,A846534,0,5AB0A9EC-1257-42C3-A1C0-D22F322CF43E
A0862CF2-D2B8-478B-A6E0-C7E816D00648,0,56:58.0,56:58.0,AETH\A393668,AETH\A393668,0,E0733677-EE9A-4FF7-BC99-75A0F863DAD1
ECA04E81-A27D-449D-ABEB-C7F2A270EF9A,0,15:21.7,15:21.7,AETH\N270372,AETH\N270372,NULL,8B9F171B-A15B-4031-845F-5F16B2E191A9
C2B9B901-77BC-4DC9-B1F4-C7F2FD39BBBE,0,54:25.7,54:25.7,A846534,A846534,0,98F06597-D404-404C-B673-9492B35FE5BE
F3E9F157-E0D0-473B-8DDE-C7FD7B11647A,0,54:25.7,54:25.7,A846534,A846534,0,506461A8-F37E-4752-8C56-6850FD53DB00
B841BCBC-39C1-4A59-8290-C80C55C52708,87,54:25.7,54:25.7,A846534,A846534,0,BE23A8FD-56BC-49C1-80E9-02872266FD15
73F79F60-FD87-46DC-ABAC-C80E2DA605A1,0,56:58.0,56:58.0,AETH\A393668,AETH\A393668,0,09A560A9-7400-4BA5-9BA6-30909AA0AEAD
BE48BAEA-F01E-4644-ADD3-C813AD14A356,0,56:58.0,56:58.0,AETH\A393668,AETH\A393668,0,56D325D9-FF2E-485F-ADF4-548EC40AD961
00A71470-F7FF-477F-8A84-C81824166297,0,52:33.9,52:33.9,AETH\A393668,AETH\A393668,0,7AC8F9CD-390D-494B-8DD3-B1BDC64718C2
4A82F1CB-8CF8-4F4B-B6D7-C821BBFEDA20,0,03:43.0,03:43.0,A846534,A846534,0,F1D78A71-93A1-4DA7-B870-82F4B20D9065
6A6216A1-C8CE-4FC8-9F16-C83554BA06A1,17,52:33.9,52:33.9,AETH\A393668,AETH\A393668,0,8030D9BA-E836-48FE-8D44-637A165D35ED
D5244B46-6B61-4731-BD96-C83A71C6A932,71,03:43.0,03:43.0,A846534,A846534,0,516DFB68-8427-454E-8622-550F5C1BE195
0098CFA0-49AD-48FA-91F4-C83E5F33BCDC,36,03:43.0,03:43.0,A846534,A846534,0,BF51EC6E-34FF-4A2D-B389-BD1CC31A10B0
E9A3ABC9-5A49-453D-BBD9-C840730CDF79,0,32:50.8,32:50.8,A846534,A846534,0,BFD7B0EE-DEA5-4D00-8656-DE4C12980C1A
352A2A2D-083A-4F5A-A429-C85007B26E31,0,12:31.9,12:31.9,A846534,A846534,0,B76DF5E7-C014-4C5C-B5C1-5AA09C465865
11845F97-314B-4EB6-8FDF-C85548FCB82B,0,15:21.7,15:21.7,AETH\N270372,AETH\N270372,NULL,F5C04845-7D1B-4BE1-A468-2D070A778785
2B9E88A7-BC0B-4CDC-A6F4-C86501576DF6,0,56:58.0,56:58.0,AETH\A393668,AETH\A393668,0,5AB4B144-4C07-45FD-BC22-2A0F7B7CBDED
B0B64073-AF28-4DBC-B6F6-C88141E4E1D9,0,03:43.0,03:43.0,A846534,A846534,0,1EB30773-24EC-4E16-9573-632F7ADE2EF2
514F7D0A-5260-473A-969E-C8907298A6A2,0,32:50.8,32:50.8,A846534,A846534,0,BAD30576-D119-448E-AA7E-C823DBA7F372
427B4431-D9B1-4B35-B150-C896E82D9206,0,03:43.0,03:43.0,A846534,A846534,0,3F74EB77-0B2F-4621-8F14-8331C5EC42FC
9B3B3A98-DCFC-420A-A7E9-C8A0853549F2,166,32:50.8,32:50.8,A846534,A846534,0,A16940B6-0A0C-43D3-A7E3-346DABFB5887
BF67A03A-83EB-46DF-AC99-C8AAA6181C59,0,54:25.7,54:25.7,A846534,A846534,0,48FE0AD3-A7DA-49AB-ADF9-5FEEC39A5B92
681079E2-5B3B-43CC-92CB-C8B37C44130A,0,56:58.0,56:58.0,AETH\A393668,AETH\A393668,0,C24D567B-9D6A-44CB-A391-006C2F615588
A7D4524D-1795-4A04-817B-C8E0C283B008,0,03:43.0,03:43.0,A846534,A846534,0,C404B7E6-4C12-49D3-A184-59A858F7BE35
293F2FA0-9FB2-41D8-AA53-C8F777554BC7,0,52:33.9,52:33.9,AETH\A393668,AETH\A393668,0,EA719D42-F2DF-4110-89A8-2A431F758710
FF44A4B6-D35A-4EE0-A734-C9006EC9F5CD,0,32:50.8,32:50.8,A846534,A846534,0,F3E0CBD8-DC4D-4083-A48B-20A5FBA14555
A1F02803-807B-4728-8DCA-C9014150DCC3,0,12:31.9,12:31.9,A846534,A846534,0,17BCC71B-BBA0-4DF8-947E-CECF5B3A2A29
BCCE6426-660D-496E-ACAF-C9303FDDF3B8,140,15:21.7,15:21.7,AETH\N270372,AETH\N270372,NULL,56BBA6EA-1795-437F-86CD-1FDFCB462092
AB7E032F-52D9-4E9E-9FA1-C9374CE736C2,0,03:43.0,03:43.0,A846534,A846534,0,9BFE46E7-47E9-4B39-9666-57BF1FF332A1
7C415F19-901C-4D2C-8FB3-C938E4D6A7CE,0,32:50.8,32:50.8,A846534,A846534,0,ECA58931-13EB-4229-831C-A2887B62E115
C20B5E1E-0D2C-467B-9722-C94744DDA46D,62,32:50.8,32:50.8,A846534,A846534,0,222FD6C0-A0FC-4CAA-A722-4CEBBD54D148
96597565-C29E-4B10-93FD-C94D84932D14,0,56:58.0,56:58.0,AETH\A393668,AETH\A393668,0,0142288A-37D5-4C23-8CCB-E7CAC85BBC87
96CC3E69-A5E3-49C5-B4B7-C96789A517B2,34,56:58.0,56:58.0,AETH\A393668,AETH\A393668,0,CCDE2747-EA45-44DB-AEFF-EB58B77310D9
D47FA9AF-A2F1-4698-A60D-C968A25CA73B,0,52:33.9,52:33.9,AETH\A393668,AETH\A393668,0,4E43B150-B37C-4807-97D9-9D4154901A42
35DD6500-D55B-414A-8B0E-C96A28AC0ED0,98,52:33.9,52:33.9,AETH\A393668,AETH\A393668,0,EFE13BB3-11F6-4C73-9374-4C30D5272520
2B4B4369-6F48-4298-8479-C96A668E1AE6,13.7,12:31.9,12:31.9,A846534,A846534,0,88AD7F8C-E923-4C9F-AB37-138D599F8251
14596EA2-4D09-4945-B150-CD73FBFB9821,0,52:33.9,52:33.9,AETH\A393668,AETH\A393668,0,ACB16B7C-DDCA-4434-B039-4338E0D921E5
70C40E4D-B871-41BB-83E1-CD745EFFC5D2,0,54:25.7,54:25.7,A846534,A846534,0,E67F03CF-FFAF-4AB7-A774-DCD7A12F8BFB
C1F8E9E6-49F9-4BB0-B38E-CD7A487287B6,0,32:50.8,32:50.8,A846534,A846534,0,D840285E-9096-4C83-A5F6-8E637B7CDF00
8898CCCA-49A2-4A3C-BDEC-CD82218EEF69,0,56:58.0,56:58.0,AETH\A393668,AETH\A393668,0,26A7EAAE-26FC-48F8-AD62-6E8D19764720
D37EF8AD-1166-4A08-81FA-CD828E5522A4,0,32:50.8,32:50.8,A846534,A846534,0,D9583380-2620-4FC1-940B-7A6D3E0F6424
BDA00F6D-4FCF-441B-A33F-CD8674E0FC92,0,03:43.0,03:43.0,A846534,A846534,0,A102D6E0-053B-49A9-85AC-7AC688C41EA6
A11DF2D9-5D93-4233-9DD9-CD87F99838DA,0,15:21.8,15:21.8,AETH\N270372,AETH\N270372,NULL,192230A6-C0CD-4E79-8672-81D501869C3D
1F072F14-D838-4BF7-BDD8-CDB6BF7A3929,0,52:33.9,52:33.9,AETH\A393668,AETH\A393668,0,B14052A8-AD8F-413F-882C-D58B8CE8242F
6C6A0CD1-8019-49BC-AF54-CDC2C5A7284C,0,03:43.0,03:43.0,A846534,A846534,0,9A8E7840-F2F4-4CF9-9F02-1A49EEB33043
F9D934C1-6403-45C4-8E7D-CDCE51072804,0,32:50.8,32:50.8,A846534,A846534,0,E0DC0AE9-57C8-489E-B452-C8F91C30AA55
F5B25685-23C1-4602-AE8B-CDD29D9F5A80,0,32:50.8,32:50.8,A846534,A846534,0,48C8BAF8-C629-474F-8F6A-8F195F79A281
E853836D-53A2-4CD0-9983-CDDD9F2BC3AD,0,54:25.7,54:25.7,A846534,A846534,0,135EC759-62DF-4588-A707-C7379C4DCE9E
88B9FD2E-D6B5-45AC-9EA2-CDE158FE3AFC,0,12:31.9,12:31.9,A846534,A846534,0,E3873EE1-F8D6-4B70-9D0A-F87DCF29EB8B
AFC14C3C-77FD-4F81-B3F2-CDE4816554F8,40,54:25.7,54:25.7,A846534,A846534,0,3055F65C-C847-4559-872A-B7B25DB0154D
8EDB49F2-415D-4679-8B76-CDE5B8803E8F,0,03:43.0,03:43.0,A846534,A846534,0,7E2335E0-5AD7-492C-B2B9-DA6A740E1CA4
A755CB8D-D6B8-4752-A569-CDF2114B5A0C,116,54:25.7,54:25.7,A846534,A846534,0,A2E471D7-9994-4BE8-A79D-710C2A9A67D4
D2E0381F-F6EE-47D2-8289-CDF4F6904998,37,32:50.8,32:50.8,A846534,A846534,0,71DA7392-EB0C-482D-AF0E-2083CFFE137D
480453FD-69E4-45A8-94E1-CDFC8BCD7C20,31,32:50.8,32:50.8,A846534,A846534,0,3E089E83-8949-410F-A68A-46183BCF19B9
34ABC6A5-8E1A-427B-8CFF-CE2979E159B0,0,52:33.9,52:33.9,AETH\A393668,AETH\A393668,0,DDE83A60-C942-421E-B7B3-6126ECE315DD
8D4EE225-D65A-40C2-A9E2-CE35981F0A37,0,32:50.8,32:50.8,A846534,A846534,0,4B42ED7B-CDA1-4CBC-9537-34845512AD12
42AFAE66-3DBA-4F97-8BA5-CE4C0B108ED5,24,56:58.0,56:58.0,AETH\A393668,AETH\A393668,0,0E5E6FA9-E057-413E-9A77-1B90D4A6DAA7
EA865A9B-9EEF-416A-8894-CE52B761A2BA,39,56:58.0,56:58.0,AETH\A393668,AETH\A393668,0,D80E4344-F64B-489F-A762-15474160C6A3
44497DF2-AF5C-4B47-B920-CE774D293E94,0,12:31.9,12:31.9,A846534,A846534,0,4A35301C-2116-4DFF-B466-842A8F59133A
9F839A88-DC67-4CED-92AA-CE8FD5F535DF,0,15:21.8,15:21.8,AETH\N270372,AETH\N270372,NULL,34CC98E2-DC10-4538-B2D5-092054FA2C31
880A94BC-C7F7-4E30-8630-CE926EC590C3,20,32:50.8,32:50.8,A846534,A846534,0,DA95AFF4-8FF7-4E67-A1EE-AB9E1E452BB4
CFD3DCBC-D015-4E75-B19F-CE985C88CFD9,32.1,12:31.9,12:31.9,A846534,A846534,0,098C8FBC-5A7A-4108-A59C-9DEC578E5D70
83F86D6C-A53D-4802-9F8F-CEA9AF70403A,32.7,54:25.7,54:25.7,A846534,A846534,0,C4933503-DF3C-4434-BDEE-274A79B70159
B4DF3247-5475-4398-AD6B-CEBF2923996E,0,52:33.9,52:33.9,AETH\A393668,AETH\A393668,0,520E53F2-AB61-4BBC-9303-D1A6601E4805
143044A3-EC22-46CB-8351-CEC34A487C26,0,03:43.0,03:43.0,A846534,A846534,0,567D2C78-49D4-4A9A-A6A1-93AAABBFA4B7
EED19714-EE2A-4E86-98C6-CECC00C34C20,9.7,32:50.8,32:50.8,A846534,A846534,0,609AD81B-3071-4968-91A7-2E157E53058B
40574F24-B7FA-4278-9F19-CEE5EAC26116,0,12:31.9,12:31.9,A846534,A846534,0,0320140E-4ACD-4ACE-91D3-F7842B8E121C
D3195FB5-0D82-43E9-94AD-CEFD98676F5F,0,54:25.7,54:25.7,A846534,A846534,0,5F594824-8490-492C-B647-C50EE3795BA5
389B1692-03AC-4382-A95E-CF0894886A69,0,03:43.0,03:43.0,A846534,A846534,0,949C852F-9DC0-4BFD-AB9D-8A63E7673331
F96642FF-9E33-449A-91EF-CF0BB63FE872,0,52:33.9,52:33.9,AETH\A393668,AETH\A393668,0,026EA1AC-7E7F-4EC0-99DB-93089E74F2EF
293FC44B-2D60-414A-A799-CF17FE95AD3C,66,32:50.8,32:50.8,A846534,A846534,0,ADE0EFFF-44F4-487A-9163-BE0A2CCB221C
AE07C0B4-6BF2-49EE-8378-CF1D9CCBFB26,45.9,32:50.8,32:50.8,A846534,A846534,0,A9402A0B-E27A-4FAF-8450-B0DD9CC1C820
6A044CB5-EE65-4B74-B0D6-CF39F94410BA,0,56:58.0,56:58.0,AETH\A393668,AETH\A393668,0,73686C92-AD0F-4666-B7DC-5E5A08B9CE5C
D5D783CA-A88C-4F19-957E-CF4C8E2606FE,0,12:31.9,12:31.9,A846534,A846534,0,8665B3AC-0769-424D-B12F-8C240E5B3987
204FDB27-857F-4842-B7A5-CF595F1461A2,0,32:50.8,32:50.8,A846534,A846534,0,67C2DAF5-7EE0-4671-B8DB-982D83B61769
BE712085-8679-42B6-9D23-CF68D4C1C44C,66,32:50.8,32:50.8,A846534,A846534,0,8BC88F25-6E50-4415-B735-B4E721C48E80
235B6F50-55B3-43FC-A1E9-CF7034C27D63,29,54:25.7,54:25.7,A846534,A846534,0,F6BE0DE8-616C-45AB-A768-DF24B03B19A1
2C820F00-265F-409E-BFE1-CF72A346CE0F,0,15:21.8,15:21.8,AETH\N270372,AETH\N270372,NULL,437EE6D7-7698-4C46-BD39-4B7DACEFE350
87A08B14-3B58-4EBC-A06F-CF7AF8B74C4B,71.4,52:33.9,52:33.9,AETH\A393668,AETH\A393668,0,10B39558-9D9F-4685-A5CE-1D42CFF4CA8D
68BCD3C8-7844-442D-9E1A-CF7AFAF09DC8,0,12:31.9,12:31.9,A846534,A846534,0,3E414858-234C-4CF0-9A0C-A9C5A7C0C0E6
FC3DBBE7-F726-4227-AFD0-D5B7A0C94A70,0,03:43.0,03:43.0,A846534,A846534,0,0F1E4330-E27B-46B0-8D40-F484A2890D37
61CE9524-7C9C-44F2-8E44-D5C813FA1F60,0,12:31.9,12:31.9,A846534,A846534,0,2C2B06F5-6617-47DE-931F-857B5FEDE583
498AE485-E757-42CF-ABF0-D5D4B0842923,0,15:21.8,15:21.8,AETH\N270372,AETH\N270372,NULL,D8B18504-38FD-4C06-99BE-E6BEEDC03385
534F9161-EAE2-4849-A01D-D5D56386B894,0,54:25.7,54:25.7,A846534,A846534,0,7E764BCB-854C-4E7B-A6CB-03557D24FB24
CD867FD2-9D11-42AC-B177-D5E5659F5B59,0,54:25.7,54:25.7,A846534,A846534,0,DCF0CDF1-09D3-46EA-8E63-C6B5B09B5D29
D6228CAA-81DE-4654-B788-D614D903A7E9,0,03:43.0,03:43.0,A846534,A846534,0,591C0231-A525-4C6A-ACA3-223E8F9C3FAA
4B4784E8-492D-4E71-ADE8-D6303AC196F3,0,12:31.9,12:31.9,A846534,A846534,0,DD61DBB6-851C-4FDF-B71A-624BB31AFCFD
8D050A43-2265-431E-8041-D63AA1F4376A,0,32:50.8,32:50.8,A846534,A846534,0,52121BFE-EC12-459C-A8F3-1B8EB2CD8D11
30333C62-513A-45D3-9D64-D63D8677C6A9,0,03:43.0,03:43.0,A846534,A846534,0,E86D5C0E-BDFF-4636-946F-3E73D0AE5E67
83E5EC63-B287-4E53-96F6-D646196502DB,169,03:43.0,03:43.0,A846534,A846534,0,13F4EA2F-3E58-467D-9F6E-C8F7FE06C175
7B7C00E5-47E9-4AF4-A3BD-D65A27DEC885,0,54:25.7,54:25.7,A846534,A846534,0,1131A94C-170B-426F-A266-6A30CAEDF3E9
496C9904-BD46-4FA2-BAC9-D67FB3495F1E,57.6,56:58.0,56:58.0,AETH\A393668,AETH\A393668,0,B7C05001-1668-4CB5-A21B-36928DD63014
EA3E00F6-33DD-4396-9130-D6970CBFE81A,18.3,32:50.8,32:50.8,A846534,A846534,0,D63B896E-D5BB-4A08-A067-223BE4E6EF5C
36AD87AB-B7FC-41AA-B6BA-D6BC6E62378C,0,03:43.0,03:43.0,A846534,A846534,0,56361720-4952-4BD8-80A5-28C8FB8EEECD
9DABC35F-9BD6-428E-853B-D6BFB3883392,0,54:25.7,54:25.7,A846534,A846534,0,4973A42E-85B8-4820-B66D-ED7370314223
BEAC2F61-5B80-47B6-A837-D6C7C2D36D49,48.3,32:50.8,32:50.8,A846534,A846534,0,FAE754F4-F604-4027-913B-CB16677AB097
312DB1E9-75A0-4972-9F6F-D6F92B45056D,89,32:50.8,32:50.8,A846534,A846534,0,23718E76-FDFD-45A2-B7DE-6289AAF414DA
DD593C0D-447B-4CF1-B367-D6FA9D93A541,0,56:58.0,56:58.0,AETH\A393668,AETH\A393668,0,897F9E03-E473-408C-A32C-9D986AB98D73
AD5083E0-A08D-4DC5-985A-D6FFE3B14675,0,32:50.8,32:50.8,A846534,A846534,0,100037AB-4B9C-424F-932D-CA1EEA9E952C
8D9A621C-3135-48BA-82D8-D726AA4D9D7B,0,15:21.8,15:21.8,AETH\N270372,AETH\N270372,NULL,AA1334D0-CC1C-457E-B607-01ED4D060FE8
E333976A-F454-4D5C-9593-D72716BD3C9C,0,54:25.7,54:25.7,A846534,A846534,0,B1D74987-FF6F-4591-BB8D-85D4DF63F557
7D5682BB-DCA7-41C9-841B-D728D3D5C679,11.3,12:31.9,12:31.9,A846534,A846534,0,68FA8789-E089-4FD9-99A1-858CCD834618
49A0C1BE-2E91-40A9-B276-D73F28A0A540,0,56:58.0,56:58.0,AETH\A393668,AETH\A393668,0,2491A21D-0863-4BC0-ACAD-CA7138B08029
F72FB03A-15BA-402B-8A1B-D750BCF526FC,0,12:31.9,12:31.9,A846534,A846534,0,9569D7ED-30B6-4D11-BC51-06396D1F2892
20AEB84E-E4ED-40DE-9E99-D754987D0426,0,32:50.8,32:50.8,A846534,A846534,0,C50F9436-FC8C-41A9-9857-3BD04F49FDE3
B1335D0A-2597-4ADF-B1C1-D76455D8974C,0,32:50.8,32:50.8,A846534,A846534,0,062B5D09-053A-4E43-A58D-C4B48992ED37
C01DB177-579E-4740-BF03-D7825523FC10,0,12:31.9,12:31.9,A846534,A846534,0,E1D80114-718F-4631-8413-4D6A314ACD00
BC6D0BDA-6AD8-4A8A-933C-D79459455BD2,0,12:31.9,12:31.9,A846534,A846534,0,525B1822-D083-48D9-AE5C-17868A6400A8
C360AF6F-DEE7-4807-B6DA-D7BDFDBFEA5D,0,15:21.8,15:21.8,AETH\N270372,AETH\N270372,NULL,432BDF54-8EB8-4A33-8572-8D9ADF3B8308
CC1C4C4B-3BAA-46C5-80F4-D7C03F6DC5FB,0,12:31.9,12:31.9,A846534,A846534,0,B4465777-80E0-432C-B431-692813B9B884
A4363494-B266-408C-A63C-D7C986C023A0,0,15:21.8,15:21.8,AETH\N270372,AETH\N270372,NULL,100BA863-B443-44D1-8A85-FBCC2FF579EB
76EB4ABF-EA4E-4B24-BB6B-D7CA6664887F,0,12:31.9,12:31.9,A846534,A846534,0,07B8BE4C-4D47-465F-BA88-A9DD5A0880A9
BB647475-7D51-4322-B3B5-D7CBE0AC4040,0,52:33.9,52:33.9,AETH\A393668,AETH\A393668,0,637A953D-8BC3-4A5C-BB3A-27149BF31B3B
AEBF9AC1-1C3B-4D15-9F90-D7D8D9410F78,36,32:50.8,32:50.8,A846534,A846534,0,11A51E2A-8A8C-470F-88DF-CD04DD085D6A
C5212483-9126-4172-A34E-D7E689CF4C87,0,15:21.8,15:21.8,AETH\N270372,AETH\N270372,NULL,F85D9F11-F2C6-497F-BFF1-C104AC9F609E
F48C25D8-2644-4E73-B8FB-D7EF193CE3F9,0,32:50.8,32:50.8,A846534,A846534,0,CF56CC59-45BF-4FB3-B63F-0882A9392542
72072C3D-D4E7-4C80-908C-D80726498A4F,0,52:33.9,52:33.9,AETH\A393668,AETH\A393668,0,E554B5D8-B99D-4DFD-933C-6896C022DD6C
17D40ABD-A602-4905-B56B-D80F56EA60EB,0,32:50.8,32:50.8,A846534,A846534,0,D1C3E778-BDBB-462E-945B-6B09630C5592
64729F63-ABEF-497B-AEA1-D81DB6CF0353,0,03:43.0,03:43.0,A846534,A846534,0,950E97D9-10D0-4047-98B4-979957D4911A
446DD429-E2E8-485C-A978-D831630933E9,0,12:31.9,12:31.9,A846534,A846534,0,1A5BFCBB-9380-4670-A30A-410560121484
7CACBFF9-301F-4B18-A699-D838DB7F61CF,59,15:21.8,15:21.8,AETH\N270372,AETH\N270372,NULL,AFCB5C6A-0608-40D1-A954-6CFCC7432965
CBD9DABA-EEE3-4D42-B824-D840ED4BB147,0,12:31.9,12:31.9,A846534,A846534,0,91A45400-1654-4689-9C95-C34133638835
12057C9F-9128-4D06-8BF3-D85149870671,0,32:50.8,32:50.8,A846534,A846534,0,B9BD5568-7926-4B64-8336-0D15D91B7BFF
4AD9A753-F507-4AB0-9E84-D86D536F7247,83,54:25.7,54:25.7,A846534,A846534,0,9DBFCEEC-4A93-4DBE-9619-3857F7ACAC34
1EE5C5F1-D862-4C0C-9C94-D870A3469BEB,0,03:43.0,03:43.0,A846534,A846534,0,CAEAD3DD-2271-41DE-9DD7-3C541DF11282
A7AB4C92-8C9A-44D7-89AA-D872FBC900D0,0,12:31.9,12:31.9,A846534,A846534,0,189E13D2-8C37-4188-8242-4D9DF258BC42
78998CA5-FC27-4521-ADF5-D8762ACAA9D5,0,32:50.8,32:50.8,A846534,A846534,0,520EE0FA-0C78-4259-A762-417D7D2EACCE
79093822-09E3-4883-8790-D88326E53A17,0,32:50.8,32:50.8,A846534,A846534,0,EF4D9700-5E0F-461B-98F0-3D21A593752B
65F8B614-76F1-424E-BB33-D88589B43122,0,03:43.0,03:43.0,A846534,A846534,0,342B54AF-6358-4B16-88CE-DDAF34B8C1EB
5686EB47-52EF-4F60-ACB4-D887A12CE77F,33,12:31.9,12:31.9,A846534,A846534,0,A5688F32-36F6-4B34-A4A1-1E31FBEEAEA9
6A86CD90-B82A-4BD8-8771-D895E59E16F2,34,03:43.0,03:43.0,A846534,A846534,0,638DC38C-1DF7-445E-9A9B-806F47204E02
A421D653-5174-4334-9481-D8B0B2D993AF,0,32:50.8,32:50.8,A846534,A846534,0,87513D8B-BDD0-4420-AAE1-A8D365426B66
F7DB7CD3-99AA-40FC-BBB8-D8B0E254AAF7,0,56:58.0,56:58.0,AETH\A393668,AETH\A393668,0,60DC88F3-ADDB-4FCD-8746-2CBE673E6CED
5CEA5397-D625-445F-942F-D8B40EF524F0,0,56:58.0,56:58.0,AETH\A393668,AETH\A393668,0,255482A8-CC16-42B8-9CCD-997E7D38E5AD
4C3A2C8C-B7B5-4617-B82B-D8B5AB7285E8,0,12:31.9,12:31.9,A846534,A846534,0,AE020CE3-5EF1-4745-883F-E0C6913C4B7D
8B1AD581-2A64-4276-827B-D8CB935166F2,0,52:33.9,52:33.9,AETH\A393668,AETH\A393668,0,BD3EC4A5-905D-4909-A9E6-22E4BFFA6E5E
865D1224-3C12-4360-AD81-D8D4835E9161,0,15:21.9,15:21.9,AETH\N270372,AETH\N270372,NULL,486FF9DB-E3F2-4AD0-B6DA-64458D424C06
EE2AB37C-A2A6-4D9A-9B25-D8E7ADB3746E,0,32:50.8,32:50.8,A846534,A846534,0,DC1E6F67-00B4-4D60-98D8-CD2F26D92390
540637B9-9063-4736-A3B6-D8F596CA5B57,0,03:43.0,03:43.0,A846534,A846534,0,DFFE45BC-944F-41E4-B674-2A780DD5CA5F
3DEC20F6-07C7-4EC6-9908-D8F61ED37854,0,15:21.9,15:21.9,AETH\N270372,AETH\N270372,NULL,50598046-C2D6-46D7-8167-C9800B3E05FA
6B05FAD2-FF06-46BF-9D20-D905E0FC4C33,30,54:25.7,54:25.7,A846534,A846534,0,48DF55A4-690B-4852-8749-041D81793838
C5628CDE-7DC5-442F-8DEB-D906713647FB,0,03:43.0,03:43.0,A846534,A846534,0,01F3B952-F89A-45A3-8137-691D6BB9B79F
E80695E0-179C-474E-8A7B-D92D4D962E99,0,52:33.9,52:33.9,AETH\A393668,AETH\A393668,0,46815733-D930-45A4-9DA2-E41FF24FDB31
914F2D69-E480-431F-A18F-D92D523013C3,0,12:31.9,12:31.9,A846534,A846534,0,9F4C99E2-D0CC-4A2E-AE73-913A71C81D11
31288030-69C4-43B4-8AE7-D949B14D36EB,0,56:58.0,56:58.0,AETH\A393668,AETH\A393668,0,9CF64E67-801A-4BD7-AA78-110E52FC744B
B80B15A0-191E-4CBD-AA7D-D95D0D87B27D,79,12:31.9,12:31.9,A846534,A846534,0,E7245CE1-073E-47D9-9317-3E9CC1D0D0C2
B2198A9C-2314-4332-B2C8-D96B3EF1EE6F,15.7,03:43.0,03:43.0,A846534,A846534,0,E72C8EE6-8845-402D-8458-2D357E7CF2E3
83E5A491-BC8A-4E10-945A-D977B0A733AA,0,56:58.0,56:58.0,AETH\A393668,AETH\A393668,0,55AA0E9A-80B3-44D0-AE31-CB0CF4ED4891
0BEEA80A-CC50-4A2C-AB14-D9932A8952D6,0,54:25.7,54:25.7,A846534,A846534,0,CF913C62-A8C4-49B9-B3B2-EAA302400F9F
C719305F-D741-4E08-A504-D9A55582CDAB,7.1,15:21.9,15:21.9,AETH\N270372,AETH\N270372,NULL,D2038BB6-9E11-46CD-BEBA-5172B5976704
9AC71553-6DC2-47EF-98E1-D9B800FC6E8A,46.7,12:31.9,12:31.9,A846534,A846534,0,E9040C12-FD11-413C-982B-910FFB1921A8
23A9D3DD-D0BB-4DB3-8934-D9BA67DA6260,50,54:25.7,54:25.7,A846534,A846534,0,624F6E3D-5B18-4E94-B822-EECD6D666CB8
433A3672-8809-46F1-AC6F-D9CCCBAA0FD4,0,52:33.9,52:33.9,AETH\A393668,AETH\A393668,0,9C00C6C5-4246-4F24-A144-5BB7F179D448
574CF3C7-7AC0-4039-B7F8-D9CF7E2634E2,70,54:25.7,54:25.7,A846534,A846534,0,C71D3F30-2FEB-42D9-9E34-2C921670660B
27B7CA64-CC4B-4D1D-B07E-DA0312BFC1B0,78.2,54:25.7,54:25.7,A846534,A846534,0,BD8AC526-AB55-43C8-97FB-CD32D4B53663
84EECD88-CD66-4C74-9BCC-DA0F648DE6EE,25.1,56:58.0,56:58.0,AETH\A393668,AETH\A393668,0,3A92B80A-DCF3-4133-B72C-FB2774A160B0
74744BA2-EAA1-4131-BF70-DA64F8108F13,0,56:58.0,56:58.0,AETH\A393668,AETH\A393668,0,E1DF204E-ECD1-4924-BCE4-9643F6979C2C
695584EC-1291-4609-9232-DA6B3F3CE537,0,56:58.0,56:58.0,AETH\A393668,AETH\A393668,0,D4D03792-29F6-49D2-AB47-EDACC36C20CE
B5945827-3880-4F9B-88F2-DA6ED04DCF6B,131,15:21.9,15:21.9,AETH\N270372,AETH\N270372,NULL,62762352-5CE8-4DB6-AECC-F19372898061
A3A41FC2-15F8-48EE-8E0C-DA7B16ECA8D5,57,32:50.8,32:50.8,A846534,A846534,0,0E7913D2-B9CF-4794-B82E-8EC7B68BE922
8EACCB52-6BCA-466F-B5A9-DAB482AEEFD3,0,03:43.0,03:43.0,A846534,A846534,0,B7A6F47C-74C3-4B37-9CAE-4EB83A9FDD1C
02539548-4939-4F11-B883-DAB72A4B8F2C,0,32:50.8,32:50.8,A846534,A846534,0,3FE9D7A2-FBD8-4952-8303-79A3811E66F3
BEC26DDD-AC4A-47B8-B2A6-DABE3B52FD75,0,12:31.9,12:31.9,A846534,A846534,0,720C0697-978B-4A96-A398-46D3637446FE
362BFEF3-8DF5-42EA-87C2-DACDD7BAA895,16,15:21.9,15:21.9,AETH\N270372,AETH\N270372,NULL,3DDF80DC-B12D-4C5C-A559-BC3213844590
A2554963-045A-4C9B-85E2-DADB7C302E63,0,56:58.0,56:58.0,AETH\A393668,AETH\A393668,0,A42A2773-838D-479B-B30E-73D69C841413
9AF9E909-DB6B-4B2D-BA05-DB07D8986BBD,0,15:21.9,15:21.9,AETH\N270372,AETH\N270372,NULL,BDAE755B-28EE-4D8A-9E2F-927EDD345C25
651A0F53-827E-4253-B964-DB0881214C16,0,03:43.0,03:43.0,A846534,A846534,0,1B3F24E1-8693-42AE-9FBC-58A2BD2A53E0
B4328E90-65F3-42C8-84F2-DB145E2DDE6A,0,03:43.0,03:43.0,A846534,A846534,0,CE45F4AE-FACE-4C96-8515-C2F717DEA494
7E2741A1-91DF-4C9A-9E49-DEE546AFF3CE,0,15:21.9,15:21.9,AETH\N270372,AETH\N270372,NULL,3CC2A119-3EAA-445D-977C-19F180DA40B0
E2088F48-F9D0-4652-BBC9-DF19A4EDFF95,49,15:21.9,15:21.9,AETH\N270372,AETH\N270372,NULL,C8FD7982-CCF2-4F20-AED5-9BC82D638E3D
55877FBB-EFAD-4A4F-90D6-DF3DC1482538,0,15:21.9,15:21.9,AETH\N270372,AETH\N270372,NULL,D5E04EFA-9FBD-4C76-BF64-88AB785364D1
D3AE749A-FDB9-446F-B8EB-DF42A4DB44C4,0,12:31.9,12:31.9,A846534,A846534,0,CA754411-2409-44C7-BEAE-F13C3BAB5C04
1F1F94B1-E5ED-427F-AE30-DF53A66AADE1,0,56:58.0,56:58.0,AETH\A393668,AETH\A393668,0,264FDB37-F8DE-480B-B028-E8AA5F6A83AF
F8F55DD9-0442-4D67-89ED-DF55B2694D68,0,12:31.9,12:31.9,A846534,A846534,0,4D123219-6BF3-4F6E-AE14-BBFD59E52CA0
6F0FF712-FA2D-4AF7-985D-DF607590CFB9,0,32:50.8,32:50.8,A846534,A846534,0,138E8E3F-E062-4380-888C-FD0D6713368E
B9617BC9-468E-4CDF-9B79-DF7786DA8922,76.6,15:21.9,15:21.9,AETH\N270372,AETH\N270372,NULL,1FE071FB-F746-49BE-AF30-AACCE073C153
5C070464-D351-48FF-A2FF-DF9CEFE917E9,39.4,03:43.0,03:43.0,A846534,A846534,0,A39590D3-5053-4260-8394-BFFFAADDAEF8
95732F12-3450-4709-8517-DF9D656D6C9D,0,52:33.9,52:33.9,AETH\A393668,AETH\A393668,0,74047573-7BC6-4973-90E2-065B799D1535
35A073A3-F358-474B-B73C-DFA8C433F0D1,6.9,56:58.0,56:58.0,AETH\A393668,AETH\A393668,0,668A81FA-E45B-4D4E-9DB5-616787F2B948
4D378F6D-3D7B-4161-B3BB-DFAC70E07585,0,12:31.9,12:31.9,A846534,A846534,0,654AAEE7-DBC6-4C12-9AB6-97A790572482
02F24439-F4B0-48CB-A70A-DFB1C739A320,0,15:21.9,15:21.9,AETH\N270372,AETH\N270372,NULL,D2D60866-BC98-493B-BB60-C4E70B6795D5
C85232D5-D456-4DFB-9B16-DFE5675DD1BF,22,03:43.0,03:43.0,A846534,A846534,0,E4E27DDA-EF67-41E4-96C4-9C7B93F45627
23F23F06-B921-43CE-BDC0-DFE80D021A56,0,52:33.9,52:33.9,AETH\A393668,AETH\A393668,0,923AD404-9408-4506-96EF-66B8DF2B4665
41E41679-A349-47CE-94E5-DFFE90A9277C,0,03:43.0,03:43.0,A846534,A846534,0,264A1300-83C5-421C-BA81-FEF959579E01
A5EF610A-8079-4D7A-8AD8-DFFF5F94A521,98,54:25.7,54:25.7,A846534,A846534,0,7BD599AB-6B1B-4278-97BF-1494EAEC22DA
06F1A11D-A9EC-4CD8-A419-E000F7DAE88F,70,56:58.0,56:58.0,AETH\A393668,AETH\A393668,0,E5673B9B-ED4E-4778-B166-41CE60A9A3CF
D84C373E-A7DA-4DCE-B03D-E01F724700F4,0,54:25.7,54:25.7,A846534,A846534,0,E7807A8C-3C77-444F-B39E-12B5CD11EE8E
20663012-6A79-40F9-81C9-E02ADB58F8BE,0,32:50.8,32:50.8,A846534,A846534,0,F01F9A2A-DCC1-423B-9D6F-69854450C299
F956F0D2-BC2F-4ABA-BC43-E0387B391C2A,0,15:21.9,15:21.9,AETH\N270372,AETH\N270372,NULL,7244A55A-16A2-4681-9541-858E69678CB0
6312F061-B31F-433D-BBEF-E0469EA114B0,169,03:43.0,03:43.0,A846534,A846534,0,537B41B6-9CB9-49F5-8E43-77BD1467735F
50923C01-2C0D-4BA4-8E6A-E0747DD56AA7,0,03:43.0,03:43.0,A846534,A846534,0,F27FDB4C-EA92-4E5D-A593-5B7E2F10E219
21D8207F-387B-4375-A251-E07B065A7C68,7.5,56:58.0,56:58.0,AETH\A393668,AETH\A393668,0,824CCCEE-92AC-4219-A782-C8FFA5FC6B74
705EC6B8-0A28-4965-9420-E093284B05E2,72,15:21.9,15:21.9,AETH\N270372,AETH\N270372,NULL,C5495A00-5EE1-4F3A-936F-B13D628B6A50
9840E80F-43FA-42D7-8DAE-E09BEA7AB067,0,54:25.7,54:25.7,A846534,A846534,0,FC8AE322-9E53-41B2-87F5-C78CF89D188B
AD87ACA2-2F66-41FD-A4B4-E0A2310356D7,77.5,52:33.9,52:33.9,AETH\A393668,AETH\A393668,0,9C9FB876-6E1B-4715-AD65-CA4CCAAA0475
07C8A79D-41F6-4EFB-844C-E0A94A03554C,0,32:50.8,32:50.8,A846534,A846534,0,3F5226E8-C2E2-47DE-8F9B-2DC08686A00A
319BBB64-CE75-41CC-8DF0-E0B045475237,0,54:25.7,54:25.7,A846534,A846534,0,ADFBA876-F917-47C1-A2A6-D6E3B72A4E4C
0FA505C8-0AC1-4622-A581-E0B1D20C277F,129.4,12:31.9,12:31.9,A846534,A846534,0,109DC4A2-2484-4747-A6ED-081B95E2A40F
458455AE-D1C1-4C81-AA01-E0BB25D6ECE6,0,32:50.8,32:50.8,A846534,A846534,0,1520D34A-2D25-451A-AA0B-977459157A3F
5EA90203-C6BC-4394-A778-E0BB46A23845,25.6,56:58.0,56:58.0,AETH\A393668,AETH\A393668,0,93EF579B-491C-4BFF-9B14-32CECBB74B84
19D99B25-5168-4FB7-94E1-E0D99E9AC32F,94,54:25.7,54:25.7,A846534,A846534,0,DBE3F4D8-55F2-4004-BE7A-2CDD539FD8D3
6A2314F7-AF33-4850-91E9-E0F5CBEFD712,0,56:58.0,56:58.0,AETH\A393668,AETH\A393668,0,AEB8288A-BF5E-472A-B7A4-55CB083E194C
DC1F8E39-E1AE-4822-A984-E0F8FB832D6D,16.3,32:50.8,32:50.8,A846534,A846534,0,E224637F-285A-4797-8BB9-25B94933CCA0
99D6152F-A3AB-498D-8E38-E0FEC93574A7,0,52:33.9,52:33.9,AETH\A393668,AETH\A393668,0,CD64CB8B-4698-451C-8C9B-002DC61A7313
D8371650-B604-46E3-AFFA-E100F7C34F57,89,15:21.9,15:21.9,AETH\N270372,AETH\N270372,NULL,AA8B78C1-EF62-43B4-86D1-92DB064E306D
4340D05F-015F-4351-89EA-E11141A415AF,0,12:31.9,12:31.9,A846534,A846534,0,274BD9F5-56DE-4A6C-9AE1-0B813E76949D
A60B8B12-C925-4A56-8DD3-E11C7015E08E,0,03:43.0,03:43.0,A846534,A846534,0,5336F1D4-3243-4FDB-ACDA-A41D7431F9C2
1C494CD8-3905-4A27-A761-E129AFFAC2FD,0,56:58.0,56:58.0,AETH\A393668,AETH\A393668,0,817C571B-166A-4D6E-B4CB-D184810B7EF3
05CDE52A-9CD2-43F3-939A-E130260413E0,0,56:58.0,56:58.0,AETH\A393668,AETH\A393668,0,DCA518A5-B9E5-4D4D-8A65-258426CF640A
15CDF9F0-47E7-48F3-8DDC-E13BEA67D99F,123.1,12:31.9,12:31.9,A846534,A846534,0,5EC13DD3-6D15-4A24-96D0-35964718577D
B657467A-3A61-44B2-86B0-E145529E74AB,7,56:58.0,56:58.0,AETH\A393668,AETH\A393668,0,A9112EF1-CE2A-42C4-9D98-B82D1B87ADCE
65094095-CFD2-4120-B367-E14C13B76375,11,03:43.0,03:43.0,A846534,A846534,0,EFD71C0A-60E6-4D39-A8DE-2F741C627162
8F345963-50C4-4CE0-BA5E-E1519EF2536E,0,32:50.8,32:50.8,A846534,A846534,0,38AA5AB0-CA1B-48AB-B6CB-66FCC94A8310
1ABF2757-E510-45AE-AF5F-E16FE9D1F874,0,03:43.0,03:43.0,A846534,A846534,0,5D835A88-6AA7-4C05-A01E-B080E42D9A79
2964C546-3D8E-41DA-BEA5-E17A899106FF,0,52:33.9,52:33.9,AETH\A393668,AETH\A393668,0,1CA1E173-8FD9-4F47-8611-DCEB2BACAB6E
404577CB-685A-46E2-89AF-E19257A292BD,0,03:43.0,03:43.0,A846534,A846534,0,62AE6757-DEC7-477D-865B-E28FED2EECF7
2BF9B0BA-5E39-4C86-9356-E1AC85DF9412,0,52:33.9,52:33.9,AETH\A393668,AETH\A393668,0,CEBD03A3-D857-4936-AF13-C535AE726323
32A9C1B6-11FF-4DA2-A834-E1BC8B12BAB6,35,15:21.9,15:21.9,AETH\N270372,AETH\N270372,NULL,0B093B30-4B44-4786-97C4-E38B81B01361
A6DC685B-FB67-4900-8586-E1C89466DE41,0,12:31.9,12:31.9,A846534,A846534,0,13012093-0731-4043-B7A5-ECCA57EEB61B
E901B7EB-6758-4AF4-9FAF-E1CA7AF33970,28.2,32:50.8,32:50.8,A846534,A846534,0,8432668D-FD71-4229-995A-750BBE0EE1BF
E75A4D61-A884-489E-9A3F-E2012E5CA214,0,12:31.9,12:31.9,A846534,A846534,0,93812AB5-9EF7-4D5E-B6E5-33AC0E613C09
F5CFF4E1-C53A-4EDD-9314-E20480F3BAF9,0,12:31.9,12:31.9,A846534,A846534,0,71ED9E44-0B90-42A4-92C4-09E8727CF069
B1D15459-0468-4747-A325-E20DE489F70E,0,03:43.0,03:43.0,A846534,A846534,0,21D92F3B-B2DB-49C7-9582-55ECB7B85251
BFE79859-0E70-408C-90AB-E22A490BB76D,67.5,15:21.9,15:21.9,AETH\N270372,AETH\N270372,NULL,890C09C7-0031-41C5-9FF4-689A8DBECD0C
6718C92E-C758-4D86-AA1D-E2362223578F,0,15:21.9,15:21.9,AETH\N270372,AETH\N270372,NULL,0E028371-5F6B-439A-A0F7-91CA6B78B9B7
85928B97-0C63-4AE3-97F7-E23AE66CC65D,0,03:43.0,03:43.0,A846534,A846534,0,E2DD21F4-2934-4EA0-B4C7-6D9951647311
1FBC5349-E6D0-4B88-A1E6-E23B2778D34D,0,32:50.8,32:50.8,A846534,A846534,0,4260B579-949A-40E2-BA10-CF73A75EB7C0
ABFDDE62-DD0C-449C-ABE0-E246B5A05A8A,0,32:50.8,32:50.8,A846534,A846534,0,1D99EDA6-109B-4D85-ACDC-2529A063E1FD
684E2778-F71F-4659-ADBA-E2510C90F625,77.2,56:58.0,56:58.0,AETH\A393668,AETH\A393668,0,57A578C8-A627-4BCA-97A9-55F943A84352
8B2A3711-119E-4C98-9CF1-E2543A909047,0,52:33.9,52:33.9,AETH\A393668,AETH\A393668,0,61FF0BD2-4587-404C-81EB-82882B76857E
D631B08A-5E70-41E3-8DFC-E261526D144A,0,12:31.9,12:31.9,A846534,A846534,0,B3CE931E-CE33-4F23-A696-C8E20297CEF1
BC128F51-5A38-4EDF-AB73-E26206366DB0,0,56:58.0,56:58.0,AETH\A393668,AETH\A393668,0,E98DD0FE-A1F7-43DD-BD05-568C94627D69
2905732E-2F51-4363-A41E-E280DC4AE2D6,0,52:33.9,52:33.9,AETH\A393668,AETH\A393668,0,D3B0CC5D-4432-471B-8AF0-C117601AD9E1
20F3F2A6-C4F6-4782-80F4-E28624FA33E4,0,15:21.9,15:21.9,AETH\N270372,AETH\N270372,NULL,0812BC9A-FF9A-4DC1-91F9-33B6714E9616
4A953760-42CA-4523-84E9-E28D7B3B44D3,0,54:25.7,54:25.7,A846534,A846534,0,AFC5373D-CE50-47BB-A241-727AA9DEFA94
A8FBB0F6-97DA-48EF-8499-E299B5C0AB85,0,12:31.9,12:31.9,A846534,A846534,0,89D1D94D-9818-4CF8-8C41-815F05F04448
10F00038-7856-428C-8843-E29A5185DB12,0,32:50.8,32:50.8,A846534,A846534,0,F1B2EB9B-FE45-4FF9-A17B-6925943FEAD1
53BD6F90-6DC9-4F7E-9166-E2A28C4EB210,0,12:31.9,12:31.9,A846534,A846534,0,9EE2A3F0-D8E6-4A11-BBD2-82CDAA238D99
7B93B534-889E-4F83-A155-E66DC4DBB63A,68,15:21.9,15:21.9,AETH\N270372,AETH\N270372,NULL,88636FCD-325B-49F9-A103-2BAA4F3B8A91
F48A0DB5-DE60-41DD-958E-E670BB37976A,0,32:50.8,32:50.8,A846534,A846534,0,9E0A8963-242E-4236-BFA0-8ED84A645937
80290594-BAB6-44FA-B7E0-E67899097E01,95,32:50.8,32:50.8,A846534,A846534,0,F6E27402-6308-48F5-B467-47CD3A165DD0
7EDB6003-D029-4225-A7D9-E67B4E37A5E0,0,15:21.9,15:21.9,AETH\N270372,AETH\N270372,NULL,357B19F2-CD13-4491-BE30-B7D8A895D08D
B4A4B49D-C078-40C7-9AB4-E67F3192CF8A,0,15:22.0,15:22.0,AETH\N270372,AETH\N270372,NULL,EC50153E-5907-4540-AB98-DC471F435560
AC060CBE-8B00-4C51-BCAE-E68CAAD44FD2,0,12:31.9,12:31.9,A846534,A846534,0,7EE790F3-B8B2-48FB-95ED-FF9EA60C3B7F
4C5F817B-1946-4A40-9F31-E68D087A534C,26.7,15:22.0,15:22.0,AETH\N270372,AETH\N270372,NULL,6793353C-B4B2-4EC3-BAB5-B20E64BEBD9C
9E72E945-4885-47CC-B4C2-E6A5D0751AB6,37,15:22.0,15:22.0,AETH\N270372,AETH\N270372,NULL,8F5D6EFB-0DEA-4039-B317-48C75E4E42BD
F764AC43-5939-4D31-A60B-E6C329626AE8,0,12:31.9,12:31.9,A846534,A846534,0,59514D30-E130-4D1A-82DD-C237DF2D7231
6E97BC0E-375C-463B-AC93-E6CE0758E742,0,52:33.9,52:33.9,AETH\A393668,AETH\A393668,0,8079726F-0975-4B44-9BC2-8B3487BC83CA
39073ECC-D7E7-43D1-B688-E6D14B3DB208,27.7,54:25.7,54:25.7,A846534,A846534,0,54098761-ABED-4CC7-979E-B60BD99C41E4
8718AD7D-94A4-4BC3-8415-E6E6C5F552A0,149,15:22.0,15:22.0,AETH\N270372,AETH\N270372,NULL,22361496-D73E-4993-B6D5-A8547A37F663
DDAD3B79-F730-4763-AFE6-E6F5B6B6B579,19,15:22.0,15:22.0,AETH\N270372,AETH\N270372,NULL,0311BE92-A727-4B79-A0A0-DC7428C5F071
02E9A6C9-B22F-4B04-998E-E6FC033F49AF,0,52:33.9,52:33.9,AETH\A393668,AETH\A393668,0,E1B6F97F-8EA7-4E57-AEB7-D0AE82852A59
9CA4C9A9-462A-42E6-80D0-E703320625B1,0,54:25.7,54:25.7,A846534,A846534,0,7D799643-340B-46A3-A4CF-6D4DEDCA5931
4B2D5E26-FA8B-428C-BBF8-E7133DFD77A7,49,56:58.0,56:58.0,AETH\A393668,AETH\A393668,0,EF3DD321-9016-4A69-998C-8287441AA776
68E0C0B3-236F-44B5-826A-E71D26305566,0,32:50.8,32:50.8,A846534,A846534,0,0C384624-FEAD-49E2-8AE7-D733E3467A89
264AB2ED-9896-4D7C-9805-E72D1628F514,0,03:43.0,03:43.0,A846534,A846534,0,62110DAC-12E1-426B-88BF-1F08DAD4C65C
18B0C40A-B2DC-4E10-A5C1-E74636FD6E28,0,15:22.0,15:22.0,AETH\N270372,AETH\N270372,NULL,C5BF2A17-21A1-431F-BE39-A58F1BA51373
69B4CC5C-554F-4ACF-B8D4-E74E0A731FEB,0,56:58.0,56:58.0,AETH\A393668,AETH\A393668,0,6868EBDF-D719-40D9-8012-05B239B4EA0E
4F1EAF71-B780-415F-9F4F-E77AEF1AB8BD,0,52:33.9,52:33.9,AETH\A393668,AETH\A393668,0,AE970B44-4525-429B-B47B-41938A81DA15
DB2A98F2-C9AC-49B9-A2F6-E77C7A19D3FF,0,54:25.7,54:25.7,A846534,A846534,0,FC722BE9-5BE2-41C8-A9A0-64725D731E4F
C095B67D-0CAE-499C-BFC7-E77EFFB94570,0,54:25.7,54:25.7,A846534,A846534,0,D60AB953-8E4E-4A7B-8A76-C3EA917A2862
20C107A4-B1FB-4789-A63F-E78137D11D40,0,03:43.0,03:43.0,A846534,A846534,0,66A86678-7824-4C31-95CF-5FFB0B05363A
F13D0C0A-A896-4BBB-BBA3-E797B6AA9332,0,32:50.8,32:50.8,A846534,A846534,0,664B7744-AAC9-438D-8222-9268149D389A
09CB52B4-9042-4C6F-AE74-E79C19B4E5BA,49,03:43.0,03:43.0,A846534,A846534,0,B0D6F17C-7EC8-48C5-B69A-D585BCB85DE1
D6F46A93-4624-4669-9888-E7B8DE2FDC9B,0,52:33.9,52:33.9,AETH\A393668,AETH\A393668,0,F0D06A1A-B2C0-4031-A14C-C87F58C1EE33
D9A8A273-702E-4D45-BD5B-E7BE6790213C,0,54:25.7,54:25.7,A846534,A846534,0,975EB971-2955-44F6-89C4-34D3AF9C8027
1EDF87F7-4EBB-4000-995A-E7C8F36AD28C,0,52:33.9,52:33.9,AETH\A393668,AETH\A393668,0,DEFFEF34-ADB9-4264-9F1C-B96637CD75CB
E2E62BF1-C530-40DD-86C2-E7DC7E250F3E,86,32:50.8,32:50.8,A846534,A846534,0,9C444BA3-13B3-4DD7-A578-1AEBE7D90BD5
05063063-B03B-4F3D-8F48-E7E20719DA32,0,56:58.0,56:58.0,AETH\A393668,AETH\A393668,0,7232E9B7-1E75-44AF-858C-B2E81C088823
50362220-462B-48D6-B34B-E7F3D5A8A42C,0,54:25.7,54:25.7,A846534,A846534,0,69FDA3DB-CF92-42BF-B0AA-EB2D86865225
AA4ED2FB-3B14-4507-B760-E7FAD766785C,103.6,54:25.7,54:25.7,A846534,A846534,0,4088FBBD-EEF5-4ACD-92DE-A36A7BC073BA
B2DA7651-080B-4932-B5E1-E8059CFC6444,0,03:43.0,03:43.0,A846534,A846534,0,1B3549EA-E5D8-48D0-A807-723B0A8EFE0B
5BF153EE-501E-4F99-888F-E8165C851650,0,12:31.9,12:31.9,A846534,A846534,0,35D53EED-A77F-48E9-BA81-BE60027F5F21
DCC70105-6C76-419A-BDCA-E82838F138F1,48,54:25.7,54:25.7,A846534,A846534,0,71915E0D-800F-4D3E-9C60-539FEDD92AAE
B129A3EF-8E7B-4680-BEC7-E8345B100064,0,32:50.8,32:50.8,A846534,A846534,0,015952F2-C232-42E9-A46B-85F502A6E712
AD84EA36-7041-4A28-9A09-E83D295B0F4F,26.7,15:22.0,15:22.0,AETH\N270372,AETH\N270372,NULL,546B1239-9C1D-469E-9410-5DEFE8E27F39
6693378B-73BC-489C-9E2E-E84490D038AB,0,03:43.0,03:43.0,A846534,A846534,0,E1AF16B5-14CD-4DDD-8675-EC2DC58719CD
2E580F22-A4B7-43F5-89D5-E8485C0604FD,0,56:58.0,56:58.0,AETH\A393668,AETH\A393668,0,09338249-C54E-4C6C-A7DE-8E0753E30FA0
487CE1D8-F3BD-4343-BEE7-E8572DF8327A,0,03:43.0,03:43.0,A846534,A846534,0,F1C2ECE2-D4AD-4440-8E33-71C2833BD5DA
459825C8-92FB-494F-B8CE-E85D55226259,0,56:58.0,56:58.0,AETH\A393668,AETH\A393668,0,90E8422B-2FB5-4DC7-9DBA-F42BE1633392
83AAEDA9-23C6-40C2-9F22-E89061B422AE,0,15:22.0,15:22.0,AETH\N270372,AETH\N270372,NULL,9FB6DD98-4234-46F5-AD22-5E29B14B5D47
B4F3F765-2EA4-4622-BF28-E899E5904342,0,03:43.0,03:43.0,A846534,A846534,0,460D7A54-CCAE-4DFA-877D-3CD2A4B48EA9
011E2713-404C-454E-9C34-E8A7F67CA805,0,54:25.7,54:25.7,A846534,A846534,0,905938D8-9100-4F00-916C-6213F2F7E96D
CE9E3256-E210-4297-A83D-E8B7D6D56B25,0,52:33.9,52:33.9,AETH\A393668,AETH\A393668,0,B51D0A2E-CA08-4DCA-B690-7A4F8D70D9EB
B40DD514-A56D-4FD7-9F98-E8B9E20094FE,0,03:43.0,03:43.0,A846534,A846534,0,4AF7DB57-1CAF-42D8-B472-086B0DB45BD3
ED425955-B6FA-4CE2-92EC-E8C12B28BFEC,37,12:31.9,12:31.9,A846534,A846534,0,BC2B4501-4D8C-4883-8FCA-E86E2A8FFC85
16DB930A-5AE8-4B8D-AD02-E8E232E14F89,0,03:43.0,03:43.0,A846534,A846534,0,5A928FC2-2160-4E9F-82B3-4732A32F9D92
C2F6B877-56C0-4F4D-BD89-E8EA6F747A02,28,03:43.0,03:43.0,A846534,A846534,0,C2E16231-06BA-403F-8B81-719F2010E323
B928F6AA-F981-45B9-8539-E8F151508AD3,38,12:31.9,12:31.9,A846534,A846534,0,18915FA7-7868-4E34-91B4-B940AD4E206F
CA86DD58-56CA-4546-8BE3-E8FB0DDA1B44,29,15:22.0,15:22.0,AETH\N270372,AETH\N270372,NULL,8255E4AB-70E3-44A5-9940-25A636C892BE
BD5DE7CC-87A1-490B-9239-E90FED9DA5D3,0,32:50.8,32:50.8,A846534,A846534,0,953874C0-C463-4B58-AB8D-1802BAAF7BFA
07C5639B-5FB5-45CF-BC9E-E92BB177098B,0,54:25.7,54:25.7,A846534,A846534,0,6269F985-D36F-43A9-8461-EB873318A00B
E2C6449E-6D06-44A6-BA44-E94BCD95EAD6,21.1,54:25.7,54:25.7,A846534,A846534,0,92AEE958-221C-4314-B979-35CA3AD9E5D5
25F53125-CC88-420A-BEBA-E95AB8FFDA8C,0,32:50.8,32:50.8,A846534,A846534,0,A5C53B85-FF82-445B-8343-7F068CF48B40
900A6AE1-BC34-4A0B-A997-E96241F45780,19,15:22.0,15:22.0,AETH\N270372,AETH\N270372,NULL,A09D7467-BF10-46DB-A6EA-B63C17EDB0E8
649F6F00-1928-477F-850D-E9665685435D,15,56:58.0,56:58.0,AETH\A393668,AETH\A393668,0,5D3E406B-522E-4A25-ADF9-1FACDB8F4A6E
BB3A3AA6-DB74-4E2B-974B-E971266638EA,94.9,54:25.7,54:25.7,A846534,A846534,0,C699C96B-013E-4B61-A79E-4FF637D36ED5
1D41FB30-F6AF-4FB7-A4AD-E978BBAC38E3,0,56:58.0,56:58.0,AETH\A393668,AETH\A393668,0,C39C3FF5-D157-4649-BC5E-736C5C569CC9
A61DB5CC-0F64-483A-A8BA-E97C7B51C7C0,9.9,32:50.8,32:50.8,A846534,A846534,0,647D8CE2-D5F3-447D-A376-F4B2D0FFEF7E
E1BE34D5-9E44-4C93-9CCB-E983FCA4B00E,24,56:58.0,56:58.0,AETH\A393668,AETH\A393668,0,3585F0D0-D057-4090-AE61-C341CF3BBA0C
5787FA68-50BB-4357-8D36-E98BA3D89F75,0,03:43.0,03:43.0,A846534,A846534,0,2CA331C7-86E9-47BA-ACE9-C0454C832579
200753EA-B87B-4500-BF67-E9972AAB9F96,0,15:22.0,15:22.0,AETH\N270372,AETH\N270372,NULL,F1CB1BEC-B5E0-44DF-AC39-31FD1DB45916
0A3EA835-B720-4618-84E5-E9B874E6B20E,0,12:31.9,12:31.9,A846534,A846534,0,EBA0EFAC-7899-46C5-A109-3F37D1BB00D3
684F15E1-BC78-4040-8816-E9BA4C2A3161,42,56:58.0,56:58.0,AETH\A393668,AETH\A393668,0,4CC021F8-2F4B-42B6-A745-3BB2CD03E8B2
B2780C50-7BED-4789-93C2-E9BB0771922E,0,32:50.8,32:50.8,A846534,A846534,0,60F79087-EA58-496C-9C89-1358870380AA
B50E5E9A-11FF-4171-9F5D-E9BC93FCED77,0,56:58.0,56:58.0,AETH\A393668,AETH\A393668,0,C9084780-D399-4AB2-9753-1FE99FC05A0B
7D7737BE-2327-4363-A547-E9D7DC49B917,0,54:25.7,54:25.7,A846534,A846534,0,15D03500-00DA-4E85-BFB2-E64CDA6F4569
14384F11-67C0-4123-9B9B-E9DF4D3A64FB,0,12:31.9,12:31.9,A846534,A846534,0,673109DE-2FF7-4871-9013-428099850B84
66C600E6-1BA2-411E-B542-EA1F59E7140D,0,15:22.0,15:22.0,AETH\N270372,AETH\N270372,NULL,C2AB34BA-451D-46FB-A9D5-7C04A208EC5F
87BFC75D-E5FC-4D83-AD64-EA2A29D55132,0,56:58.0,56:58.0,AETH\A393668,AETH\A393668,0,3A163368-21BE-481B-9547-7AF77BB8B758
1BC1C90A-389B-4B87-86EA-ED826D60D6C2,7.3,15:22.0,15:22.0,AETH\N270372,AETH\N270372,NULL,6A53919B-918B-4658-90F2-6C2D2F92A7F6
6448C8E5-7CF2-4898-9AA2-ED9360F2DD21,0,54:25.7,54:25.7,A846534,A846534,0,649A2031-5D4F-4D54-A234-7C51BC26C8D5
605F3DA0-0684-4C5B-B52A-EDD7BD26FC01,0,32:50.8,32:50.8,A846534,A846534,0,A8E644F5-F43C-41C4-A955-0453710B1C31
FE38B205-B986-4BD9-95BE-EDF01FAEC1CA,0,03:43.0,03:43.0,A846534,A846534,0,F4AF063A-2005-4FAF-A2FF-5291C7DB4CCD
401F7DCD-B972-4673-AFFA-EDF87A780C17,0,56:58.0,56:58.0,AETH\A393668,AETH\A393668,0,E5B70508-8AAE-4BDE-860B-8919AAD827E2
FF77912A-7723-4552-8A2B-EE045FD109A6,0,12:31.9,12:31.9,A846534,A846534,0,677BBBF7-2D91-41C1-8E14-43A2FA1B135E
8FC3AB65-FFB6-4A60-BE48-EE0D49DA1489,66.1,03:43.0,03:43.0,A846534,A846534,0,06304C62-7E96-42D6-A3F2-4C1CB61DB0DD
820F6B75-199A-41D8-B3A0-EE1BD2D03AD6,0,54:25.7,54:25.7,A846534,A846534,0,F842C7FE-E597-4934-A5A3-FDEC101FA06F
7AED239A-3CBE-4D3D-AD45-EE27A58B9CBC,29,03:43.0,03:43.0,A846534,A846534,0,E44102CE-72CF-45F4-8C23-35B7C8D58CC4
16CB8500-2B9F-4CC0-9D5C-EE2A334F5B1D,19,03:43.0,03:43.0,A846534,A846534,0,199F4F5E-67D2-48A9-8498-D2526495EAFB
000626C2-CFD7-45CC-965A-EE2F97929298,0,03:43.0,03:43.0,A846534,A846534,0,A2F0B816-DDA4-4A61-A249-2381D2A583D8
0298E1A2-D1C5-4517-82A8-EE36E9AD880A,0,54:25.7,54:25.7,A846534,A846534,0,54CAB039-BA6F-412F-8387-88E77C24B02D
647CE04D-CBE8-4746-99BE-EE3F3044B59E,0,03:43.0,03:43.0,A846534,A846534,0,D072BBAB-A5DD-476B-89DE-34DA781C0FCC
A8B624DD-C8C4-47EB-80DE-EE43C92704AC,0,52:33.9,52:33.9,AETH\A393668,AETH\A393668,0,0DB3B064-C426-43E9-B701-515E9E2526D9
4D5D81EC-4CDF-44CD-B976-EE5041990B49,0,03:43.0,03:43.0,A846534,A846534,0,C1785B4C-28BA-4C68-8308-CADC0E8D0D83
84001948-0714-4582-B45D-EE5AA74B8B5F,0,03:43.0,03:43.0,A846534,A846534,0,E7D8FB3F-115A-4A64-B78A-9ED82B709657
D8846E9F-E126-4A6F-AD1B-EE62719CBCC8,74,54:25.7,54:25.7,A846534,A846534,0,9E65A2CC-AE87-4B85-B7AD-507D5E210E6F
9029803C-0C14-4AB5-94E7-EE633C011FA0,0,32:50.8,32:50.8,A846534,A846534,0,1A6EDC05-82F3-4D9C-81D4-89C9B4BF5115
E4CD2DF8-5A8F-4BA9-8B17-EE63782853BF,0,03:43.0,03:43.0,A846534,A846534,0,9E319631-3DA7-498B-988A-1CCF8D10C09D
4BDF2F05-4FA2-42E3-B5A7-EE6600E526BB,0,54:25.7,54:25.7,A846534,A846534,0,31958B8F-57C7-4BEF-A125-0F4C2159191E
9245C1CA-27D6-4AB0-9718-EE6BDF0F2FA1,0,32:50.8,32:50.8,A846534,A846534,0,879812AA-4A0C-4856-8838-08C6A88EFCDE
A1D5A47E-8787-4E34-963C-EE6D689E40ED,0,15:22.0,15:22.0,AETH\N270372,AETH\N270372,NULL,8F96B933-DAC8-4E5E-A17D-0CD615BF9AD8
5585343F-2E93-4CE1-BB02-EE76C2E08839,11.5,54:25.7,54:25.7,A846534,A846534,0,A9FABBE8-32F9-4DCA-B0F3-7925C79A5625
86886780-64C1-4F47-A598-EE7D17783B37,0,03:43.0,03:43.0,A846534,A846534,0,E7C52087-386A-46A3-9922-188DA2A6DA24
0248859A-6E4E-4BFF-9DC3-EE87AFFCD6D4,0,54:25.7,54:25.7,A846534,A846534,0,8154B321-3F55-4239-AF79-C3FD60A53B88
9B3F1ABA-4F5F-4F99-BAF3-EEBE97FFB35D,0,03:43.0,03:43.0,A846534,A846534,0,D87EDBE4-413B-4CC3-8773-7C71397644AD
5BCAABBF-63BC-4D9D-9589-EEE6EB901465,0,54:25.7,54:25.7,A846534,A846534,0,5786DDEA-05EF-4BDE-BA61-8212D5C099D7
4F645B0D-889D-4DB9-82B2-EF03AF31A604,0,54:25.7,54:25.7,A846534,A846534,0,FFE8F9A7-A601-468A-8F71-243E36DB55C2
D33AD4CB-6A4C-4B8A-BA31-EF05DD1C0826,28,32:50.8,32:50.8,A846534,A846534,0,9D43BA0A-5AD4-4A91-BE73-72CD5E8C9F48
C446DE1E-7BE9-46E5-B0FA-EF0DE032E746,0,03:43.0,03:43.0,A846534,A846534,0,1F5990B4-9938-4C91-89B0-AB122B1C2D8D
E5B78583-5BD0-45F1-818E-EF23EFB7A81A,0,52:33.9,52:33.9,AETH\A393668,AETH\A393668,0,DD22B2F6-4439-4FBC-A36B-C478C5E23EFE
73030EE4-3FB8-4FDF-AD0D-EF2594D24943,0,12:31.9,12:31.9,A846534,A846534,0,E6ECF04B-2BD3-4F56-BC88-C47B614A0ED9
887EAC50-A703-4360-B543-EF2FF0103665,0,32:50.8,32:50.8,A846534,A846534,0,712F2452-A275-408D-AB71-2E18521B810C
8F77A590-089C-4238-9DA9-EF33F828F958,0,32:50.8,32:50.8,A846534,A846534,0,4D656D0F-1E19-48BB-B6C3-C1231CC50C28
BD248C41-D83E-403A-922D-EF4F071635A6,0,52:33.9,52:33.9,AETH\A393668,AETH\A393668,0,341D4C0C-8088-4A10-9261-3DF67D3CA0EF
DB8C401D-F3D4-4ED0-9965-EF5864CB38DC,0,32:50.8,32:50.8,A846534,A846534,0,C48C45EA-0176-4F6F-9D91-13D9579AD0B2
2E8C1D76-4CB1-4CA3-BD49-EF745D1D8FEB,0,12:31.9,12:31.9,A846534,A846534,0,980E71F8-C9D6-46FE-9807-1A9D0BDC8C54
7976B2D5-562D-4292-9C96-EF7A279DFF3D,45,15:22.0,15:22.0,AETH\N270372,AETH\N270372,NULL,33FD164D-6244-495F-A0A0-73E91E4AF35B
ADB0C449-79A1-4BD0-879A-EF7D11E22CAD,0,54:25.7,54:25.7,A846534,A846534,0,29F9B442-A0E6-471F-A6FE-A62BF359E630
E8B3327F-A637-4BDA-B844-EF7EF3D8BBC3,21.7,12:31.9,12:31.9,A846534,A846534,0,39932B99-62BE-4836-ADF9-230BFE63CE1A
4DC5B173-015D-485B-81E7-EF8BEB53A07F,0,56:58.0,56:58.0,AETH\A393668,AETH\A393668,0,01E59A8B-5650-483A-BAFF-F58B58A42C65
AA652905-77AF-487F-839D-EFA0F2289FDB,5.2,03:43.0,03:43.0,A846534,A846534,0,F8819223-2B98-42B5-BD02-DEEF24338BA1
B8B5AA7C-6469-4B7D-8AB0-EFA7CA4B103C,0,52:33.9,52:33.9,AETH\A393668,AETH\A393668,0,BAC6B44F-684D-4CF6-B88B-E404784848BC
383C0DD0-8347-4B8C-B83B-EFAB690260DE,39,12:31.9,12:31.9,A846534,A846534,0,E9F9D04D-B086-490A-8332-5CDE77FD5011
92D26C53-0896-4251-9BA4-EFAD8C91BDA7,18,15:22.0,15:22.0,AETH\N270372,AETH\N270372,NULL,828E9E48-ABFC-422F-93E7-C6D046D726AD
59BC74D9-07EC-4F44-AF46-EFADE2106DC7,0,15:22.0,15:22.0,AETH\N270372,AETH\N270372,NULL,F7742C23-F41A-4387-A5F9-AFCDDF035032
069F7323-C4AA-411A-A3A1-EFC009F8316C,44.9,32:50.8,32:50.8,A846534,A846534,0,C2725C35-4FE2-424C-AD02-BE0DF3E174BD
605670CE-A0A3-4B02-8A59-EFCE01CD59BE,47.4,32:50.8,32:50.8,A846534,A846534,0,DBDD6BC5-1A66-4813-B8C4-AF2F66E1FE12
B7F177F6-C4AE-41C7-96CB-EFD4AA002EDA,0,56:58.0,56:58.0,AETH\A393668,AETH\A393668,0,1B4191C9-A693-4D81-9F21-34A48F1075DA
9BEC9F89-2E82-4338-85B2-EFD61AE7B94A,48,54:25.7,54:25.7,A846534,A846534,0,3B673501-0904-4DE5-B4C3-B8A417AACF04
681853F6-91CD-435D-A861-EFDA721D6DC1,119.2,12:31.9,12:31.9,A846534,A846534,0,26385D7F-620C-49E8-8FA3-8D4E0C9FA425
4010BE9D-8F42-4760-9A25-EFDAC22222AE,0,15:22.0,15:22.0,AETH\N270372,AETH\N270372,NULL,A6E22BE7-169C-49D8-A9A2-B4CB77C58788
E21FD9C1-888C-403A-95CF-EFF5121B5CF7,0,12:31.9,12:31.9,A846534,A846534,0,D680BA30-CF47-4558-B451-0587621C0A67
6974EF38-7ACC-4462-8712-EFF9EC803EAB,0,56:58.0,56:58.0,AETH\A393668,AETH\A393668,0,6D995BE2-F91A-4FCB-9A6C-FEAF28083204
9F3A6DAE-08B7-4B46-8968-F007C1231E7F,0,56:58.0,56:58.0,AETH\A393668,AETH\A393668,0,96842415-1E92-43EF-8971-F944268D37BA
FA1CD4E9-7C8C-41DE-955A-F00B06F9CB8A,24.3,52:33.9,52:33.9,AETH\A393668,AETH\A393668,0,EBFA05A5-656E-4E2E-A905-B3139AC0E243
226DFCA1-E4F0-4E54-80B0-F02B743C9818,0,52:33.9,52:33.9,AETH\A393668,AETH\A393668,0,EE1F6C7B-64B9-4BE7-B30B-4E8DFE67BB44
AB918059-E8E4-4FA6-8CFF-F0320399E29E,0,32:50.8,32:50.8,A846534,A846534,0,15327696-B6CB-48AB-BEEC-E5F6E440A1D0
208CDBF4-4F79-427B-8EDF-F042AD2CAF41,0,56:58.0,56:58.0,AETH\A393668,AETH\A393668,0,39D339F0-4EDB-4285-934A-D65EAC598438
53347755-7744-4417-9D41-F052E0A0F9F9,0,56:58.0,56:58.0,AETH\A393668,AETH\A393668,0,C8D1F6E4-FD12-4959-9CCC-91D06A1EA5BF
654644FF-254B-496C-A3F2-F06EFBAD4442,66,54:25.7,54:25.7,A846534,A846534,0,A38FCF94-4065-4ED0-8036-F1D0859C3A56
9990264D-1902-4D64-9516-F073DB9779CB,0,15:22.0,15:22.0,AETH\N270372,AETH\N270372,NULL,5BDC129B-E9CA-4F6C-BE48-906A8473D086
AC39233E-AA70-4B4D-9544-F07FE7E43B58,0,03:43.0,03:43.0,A846534,A846534,0,D39103D1-333C-4814-AA68-3CD20BF3E8C0
04D5A82F-25B5-4E91-96C9-F08022E02992,0,54:25.7,54:25.7,A846534,A846534,0,87CA1385-D2FB-4658-A297-80E8E8AB620E
C191CDFF-B8AC-43B7-B3DD-F084A7412DC3,0,52:33.9,52:33.9,AETH\A393668,AETH\A393668,0,22092486-35A5-424E-A1EB-26DD5AA240FD
F7E16D8A-D3AB-4E2B-9B19-F08A2F9FB689,0,52:33.9,52:33.9,AETH\A393668,AETH\A393668,0,B2E4E50D-A851-47B3-B863-1087E066C70C
DA7F18ED-E58A-47F6-AC70-F08E7076250E,24.1,03:43.0,03:43.0,A846534,A846534,0,7C36B456-C15D-4DCC-BC86-6601EB74244F
F1E8B595-691C-4E12-BADB-F099CFD868BB,0,03:43.0,03:43.0,A846534,A846534,0,3A9F2C2C-3508-4921-A1AE-F2B1307D47D2
5DDD41DE-DCC8-42BB-977D-F099D78DF67B,4.2,52:33.9,52:33.9,AETH\A393668,AETH\A393668,0,2DAF39B8-2012-48A4-A2D5-87DB27E27CC3
63CB2094-98F4-47F8-B60F-F0AA8F1A2ABF,0,52:33.9,52:33.9,AETH\A393668,AETH\A393668,0,D03B803F-BCC9-4D58-BC02-A326CBEC427A
39ACFD17-CEB1-4986-BDE4-F0AE805C48DF,15.9,12:31.9,12:31.9,A846534,A846534,0,13232560-3535-48A8-8D2E-42EC20DEDDCF
1727B1F8-2E83-49F0-B7AA-F0CB95077DB4,0,32:50.8,32:50.8,A846534,A846534,0,23640421-497A-475B-B0F0-8A179D51456A
96A2EAC4-5FCF-49B1-9B74-F0CD3717DB03,0,52:33.9,52:33.9,AETH\A393668,AETH\A393668,0,6D86D739-B2A9-4F5B-B662-DE2994DF4DD4
F4DB09F1-F605-4526-B063-F0D77AA98E68,56,32:50.8,32:50.8,A846534,A846534,0,080218BE-63EA-49ED-A20E-8EB6A6C31C64
90C99FAD-2BC0-449D-931B-F0DC84C4D6BB,0,56:58.0,56:58.0,AETH\A393668,AETH\A393668,0,B6D5CEB0-BDDC-4B10-A43E-2B306A468C1F
1861A552-9DB5-45B3-BBAA-F0E5532DED28,31,03:43.0,03:43.0,A846534,A846534,0,EAB7C5A7-9D39-4FCC-B6AC-0A124EE39E58
DCED55AF-5EB4-4B4F-ABCD-F417D7049A17,85.3,56:58.0,56:58.0,AETH\A393668,AETH\A393668,0,08B894CC-AFCE-458B-8496-3CD69033C48A
63BCC679-FEB2-406D-AFDF-F424D577DBEA,0,15:22.1,15:22.1,AETH\N270372,AETH\N270372,NULL,6FD7C72C-4CA3-4649-BD0F-6E58CD981E40
34ADE169-174C-4EE6-9F58-F42EEE3531F4,0,54:25.7,54:25.7,A846534,A846534,0,25B9E7F4-456C-444D-98D8-4F3828BACC00
93A2F9B6-A197-453D-B18F-F4351FEA7971,0,56:58.0,56:58.0,AETH\A393668,AETH\A393668,0,9389A136-56CA-4446-A3D9-6C7D27B7A935
C372EB9C-11D6-4F5D-80BB-F437C561E604,0,52:33.9,52:33.9,AETH\A393668,AETH\A393668,0,507C4C6F-CBCF-4F58-90E1-FB10EA220A99
56C1D8F2-4031-4159-8272-F44228A07056,0,12:31.9,12:31.9,A846534,A846534,0,4BB95B81-F555-4CB8-877D-F33862D8B63F
53269EB5-4032-4A48-9417-F44DD2ABD1AE,0,03:43.0,03:43.0,A846534,A846534,0,9A46F6C6-C4C6-446B-98FA-20DB477F99EA
E384EB15-F2B2-4AA5-9974-F450D0E06715,0,32:50.8,32:50.8,A846534,A846534,0,E92C2047-5E23-4B4F-9B5F-1E11E24C6AC7
4830234B-1C0F-48FF-9335-F45F124C8ECD,19.8,12:31.9,12:31.9,A846534,A846534,0,845010B4-D450-461F-8839-586EAE4D99D0
5CB0F465-6A6D-480F-8A1D-F46072DCAC96,7.1,56:58.0,56:58.0,AETH\A393668,AETH\A393668,0,4BC21136-92AE-4DDA-A185-10211552E572
7684EB52-7B02-43AF-86FC-F47013F5E946,59,54:25.7,54:25.7,A846534,A846534,0,F152813A-DCFB-4EFA-BF1E-55AD60092695
64FE305C-E724-475A-BCB1-F4812ADA9FD0,0,32:50.8,32:50.8,A846534,A846534,0,B2961908-8BBC-4B25-A40E-F440A7489F79
3BC5D16E-FF99-4824-94F9-F48A49A123C6,106,32:50.8,32:50.8,A846534,A846534,0,CE79538C-C992-4E8D-8C02-E0C029B40EA2
DF341E91-1360-4E9A-9DD5-F4A5D8D44A15,0,12:31.9,12:31.9,A846534,A846534,0,393E8A34-CD2C-414B-9DBA-1119EAF3B6A1
32DE1087-3E05-4C9A-B829-F4ABCEB3045C,18,52:33.9,52:33.9,AETH\A393668,AETH\A393668,0,FBFBE464-470F-4162-8C7F-40126A46E5B7
27389B95-F59A-4CDD-BD0B-F4BC7EDCC516,0,12:31.9,12:31.9,A846534,A846534,0,64304C4E-62EC-494D-9034-73EF747B5D08
52B1541D-2F6C-4C2C-B524-F4CCD71E9A1F,0,12:31.9,12:31.9,A846534,A846534,0,9F4D4FED-5A93-4705-BE47-13EC01759F8C
C5EBD7E3-58DF-4FCB-A92A-F4EAD41B7011,0,56:58.0,56:58.0,AETH\A393668,AETH\A393668,0,12049478-F283-403A-A4B1-6FC119B75FD3
C9E97F37-49C2-4993-8F91-F4FFFBC29C89,0,12:31.9,12:31.9,A846534,A846534,0,277A313E-88BB-4F01-9A5F-4143443BEAF2
678B57AA-688B-47CF-88D5-F50882745259,5.3,32:50.8,32:50.8,A846534,A846534,0,683AA82C-1C89-4C47-859B-CDC976B3CCC0
DFE9C408-7B82-4D35-91F3-F5247519EC84,6,32:50.8,32:50.8,A846534,A846534,0,AA22EEE7-A7F4-47C1-90A2-E8F0401BE188
A9F47E2C-7839-41BE-AEB4-F52960C05065,0,56:58.0,56:58.0,AETH\A393668,AETH\A393668,0,1778B042-52BA-4CBC-92F5-88B375F744A3
55DE0D17-A25E-4166-A3B3-F5344FAF5C49,7.3,15:22.1,15:22.1,AETH\N270372,AETH\N270372,NULL,97B26520-963A-4686-AC41-3E632E928392
E56321A1-B68F-4241-8BA1-F55086ED92C1,0,15:22.1,15:22.1,AETH\N270372,AETH\N270372,NULL,CE5DC75B-206F-4AB4-ACE5-F8441A7F173E
079A6414-A721-4C3A-9C88-F5747D65EAD5,37,12:31.9,12:31.9,A846534,A846534,0,DD2D9126-D3EA-45FD-B868-AF651D1A4A68
945A3DAF-12BE-4FD6-BF1E-F57AB1DA5C77,0,12:31.9,12:31.9,A846534,A846534,0,332688EC-71B5-4E04-8948-AFEECAF66379
93853EDE-6433-4AAF-A236-F582E99FC1A3,48,15:22.1,15:22.1,AETH\N270372,AETH\N270372,NULL,F9242E72-9DA4-4470-B53F-CA70B4572A10
7EAE6C40-1830-4288-B232-F58BE4354684,0,12:31.9,12:31.9,A846534,A846534,0,C2606433-C7C9-4243-B613-9955A0C1B755
34FB524D-C7F5-4064-B5C1-F59EB244D49B,0,32:50.8,32:50.8,A846534,A846534,0,12A40535-E487-4A53-AD91-EE4CF925002C
0BF6FDBF-7EFA-41CE-A019-F5A67F532A4E,0,12:31.9,12:31.9,A846534,A846534,0,CFC02AE7-2DCF-4539-B7ED-5106E972444D
E5E8EEAB-68B2-4FA3-9E83-F5A77AF9E1F8,16,15:22.1,15:22.1,AETH\N270372,AETH\N270372,NULL,2004060D-D578-4CEE-9D2D-66481B00424B
B67262DC-D66A-4DC3-B79D-F5CEA3EE855D,5.3,03:43.0,03:43.0,A846534,A846534,0,ACC4FDCF-0961-4896-8E64-92058789B949
CCF09276-58E3-44BB-A86E-F5DB5A1581D1,47.7,12:31.9,12:31.9,A846534,A846534,0,927D97DE-10EB-4DC5-9B95-1EFD05D13E40
1C0B3C47-CFD7-4CBD-8CC5-F5DD28CBD8AF,46,15:22.1,15:22.1,AETH\N270372,AETH\N270372,NULL,D6B2EB71-D9A2-4FC3-A1CA-0A443E70A92D
EA8A02D0-E913-41D7-A1B4-F5F03FA85E64,7.2,15:22.1,15:22.1,AETH\N270372,AETH\N270372,NULL,E13D917A-08E7-41EB-B96F-5ABA1EFD8CF5
D27CCA32-401E-401C-954C-F601108A6BDE,0,15:22.1,15:22.1,AETH\N270372,AETH\N270372,NULL,078DBC2B-3716-4DA8-9BB9-2EDBF8223AB5
BE38909F-BE22-4D92-9E41-F6085B3C6E22,0,12:31.9,12:31.9,A846534,A846534,0,45D9320F-B3CE-4047-BF61-790651FC824A
A6C717AC-1759-4B68-BB67-F6109B18DF0E,0,32:50.8,32:50.8,A846534,A846534,0,EC4F0682-D8BA-4D1C-9589-C4CE1F4C7BDA
CB7E310C-5A2D-4E3A-85CB-F61FEAC80C85,0,15:22.1,15:22.1,AETH\N270372,AETH\N270372,NULL,74B67141-88AE-4A4D-914B-F29EF9929980
EB1FCE59-B801-4B9A-B2D0-F634F47E3EA5,7.6,56:58.0,56:58.0,AETH\A393668,AETH\A393668,0,90E3C27E-515D-4A5B-AA9F-BBB803EFE2F9
8EA10870-CA90-4DB1-9DB7-F64102DE3366,0,12:31.9,12:31.9,A846534,A846534,0,CE05445E-9CE4-4CAA-9640-890658E4A885
E24168B9-7B02-4EBC-B6EF-F64561994B89,0,15:22.1,15:22.1,AETH\N270372,AETH\N270372,NULL,5A11CB87-8E2F-46BB-8F20-9389D9DD93AF
251E7C24-C176-4E93-8A58-F652218A735E,18,03:43.0,03:43.0,A846534,A846534,0,CA71A3D1-1F52-4FF6-9BFE-465DA2E25510
F5C2D607-9B5E-4BF2-9944-F6524CA3ECAD,0,52:33.9,52:33.9,AETH\A393668,AETH\A393668,0,E2315BC1-4C71-4091-B29B-0C6A39DFA818
B0544DF9-96D4-40FA-B47A-F6590CE6304E,0,03:43.0,03:43.0,A846534,A846534,0,CD7315FA-0F27-4586-9F9E-1BBAD8FEAAB3
F4CC1F20-B0B8-49B9-B079-F65C8A1985FB,0,03:43.0,03:43.0,A846534,A846534,0,41045B31-1C73-44A4-AE59-224BA268F434
0CD34B0A-7B1D-4FAD-96B9-F669CED404AE,0,12:31.9,12:31.9,A846534,A846534,0,9504B828-621E-4AE7-8B67-6055767F5379
D512B8F6-8644-45E7-8D69-F676B98B676C,0,56:58.0,56:58.0,AETH\A393668,AETH\A393668,0,DB3DD879-905D-49BE-85BB-CE3E3281E1EA
1A22738D-E2F3-4CA4-A62A-F6784DD1D9E6,7.3,15:22.1,15:22.1,AETH\N270372,AETH\N270372,NULL,061540EA-42E7-4459-B36F-ADFDAEB0C309
69637105-45BA-4A27-B323-F683EE3D9454,54,54:25.7,54:25.7,A846534,A846534,0,0616D760-AB21-4A65-B819-CAD584F8E82D
2406B617-EC7A-4068-A688-F68B60C2CA46,32,15:22.1,15:22.1,AETH\N270372,AETH\N270372,NULL,C3F5A818-5EB0-44AB-ACD0-B98CCD95B39F
26640AAB-338A-42F1-8047-F6B85395D236,15,03:43.0,03:43.0,A846534,A846534,0,5D2D84B8-29C1-4088-A841-E0438D237BC8
37318389-3938-47FC-BAFD-F6D1506B22F6,0,03:43.0,03:43.0,A846534,A846534,0,F5FF7FF3-7E52-47D8-9072-D4DE55BACF0B
9ECFA3D0-D3B7-4217-8097-F703F81F177E,0,54:25.7,54:25.7,A846534,A846534,0,1BCB6FA8-26F8-4C45-B896-035C9ED2217F
12E64F56-1468-4D50-8B60-F70BB6732F46,20,32:50.8,32:50.8,A846534,A846534,0,AC77BF8D-6626-40F7-A8B2-56BC8A84511C
EBEB3E11-3AB2-410F-97BC-F71C0F5D2A11,0,54:25.7,54:25.7,A846534,A846534,0,BCDB702E-6603-4EE8-AD3C-6D1FB9462053
2370E76B-A5A2-4D6A-88CD-F71F3C99E332,0,54:25.7,54:25.7,A846534,A846534,0,87F48DF6-3CE7-474F-AC7E-C4A6C2848F9A
4B50C8D1-86B9-4987-9837-F722D4F2D476,0,52:33.9,52:33.9,AETH\A393668,AETH\A393668,0,3E2283FF-43EE-4DE7-ACB9-FD9DDCF63A04
31568331-6D52-474F-BBAA-F72E56396DE6,0,03:43.0,03:43.0,A846534,A846534,0,31CE152B-9577-422D-8CFF-CDF844B6A81E
21E641EF-4AAE-47ED-8227-F73087D56277,0,52:33.9,52:33.9,AETH\A393668,AETH\A393668,0,7F76204E-6A72-45C6-86FD-30583A91BFC9
7756CC19-3805-4B83-A81A-F7323DF9C808,15,15:22.1,15:22.1,AETH\N270372,AETH\N270372,NULL,614CF73B-B5A9-4FAB-AC70-AF89CE0BEBC0
B66803CE-DB64-4BF6-80ED-F73A2601F72E,0,54:25.7,54:25.7,A846534,A846534,0,3E4652B2-ADBF-419E-8691-DAB71AB360AB
4ECE1573-7359-418F-B153-F73F51E1619F,0,32:50.8,32:50.8,A846534,A846534,0,67371868-1B20-4D52-B59F-FA0894916695
2E708866-D692-4592-994E-F741CB4C1D84,0,15:22.1,15:22.1,AETH\N270372,AETH\N270372,NULL,227A0BC3-A07A-4CD0-97A7-7E767EEC2E1C
3AE76077-AF5E-43B0-B084-F754CF2236CF,0,54:25.7,54:25.7,A846534,A846534,0,AB0A3CA8-295D-4AAB-85B1-E69708029004
9A7C89EC-9973-472E-A990-F7674D0FACAB,100,56:58.0,56:58.0,AETH\A393668,AETH\A393668,0,FBC36B0A-BD1B-4096-88DD-F033C25D2FE3
E4A09D16-AE47-4873-A024-F7682FDE1B7B,0,03:43.0,03:43.0,A846534,A846534,0,7922CBFB-A22F-47D2-BED7-911A8BAA3D53
1EC08FA2-B584-4471-BDFF-F7A7ADC5C83C,0,15:22.1,15:22.1,AETH\N270372,AETH\N270372,NULL,A7D176CB-01F7-44F3-95C4-93064B3E637C
A87A0A92-6F79-4B4D-8410-F7AA8F0D2415,0,54:25.7,54:25.7,A846534,A846534,0,AF807BAE-485E-42E5-9565-5A0DCCB89D2D
A211FAA6-D88E-4757-97F8-F7B73400E3BA,0,03:43.0,03:43.0,A846534,A846534,0,8C92F84F-2763-463C-8A47-120A07553E03
8DDEF576-B666-4AE5-8EF0-F7C92CBBD204,19.3,56:58.0,56:58.0,AETH\A393668,AETH\A393668,0,DA6CD262-29B3-4407-921E-761C9E945A7B
CDEBD337-544C-4D26-88CF-F7CA43CBC9A5,0,54:25.7,54:25.7,A846534,A846534,0,4ECA41F0-D7EB-427D-A242-CE42D078CAB4
35789F7E-2013-4F78-85A7-F7F87D24C65D,0,12:31.9,12:31.9,A846534,A846534,0,EC4990A9-27FD-4D80-8172-43C4F40043B6
343AAFC0-BA19-4C5B-8911-F7FDCCCFB590,0,32:50.8,32:50.8,A846534,A846534,0,BAE30EE6-A5BD-4FA5-9B0D-4794BA59966C
56690C2D-DF07-4133-898E-F80E45BA95F3,54,54:25.7,54:25.7,A846534,A846534,0,7AB941A0-DC81-4D0E-AC67-A10C21C47D2E
F567B73F-EA3F-4FF2-A41E-F83E95006D6A,23,52:33.9,52:33.9,AETH\A393668,AETH\A393668,0,366AEA02-AD70-4345-9CD4-8D9E44DA0850
F7B65570-DB71-43A3-878F-F84649B40CEA,0,32:50.8,32:50.8,A846534,A846534,0,32945A5B-B881-459F-AC5F-8644C24229F0
955A1B9F-EF17-4906-8907-F854EAC8B694,94.9,54:25.7,54:25.7,A846534,A846534,0,6A8C0AB0-EAEC-4532-B1EC-433CE86773FF
03DDAA2C-7EEF-445C-9761-F85700C06EFA,9.9,03:43.0,03:43.0,A846534,A846534,0,0EAB2F00-B1D4-49ED-832B-3F9AC02A0051
8EA89D1C-761E-42B0-B39F-F86AF6B81A85,113.4,03:43.0,03:43.0,A846534,A846534,0,5A06BFF2-9952-4759-9FED-C6D83678BFA3
F8D80B1D-9BD3-4273-B1FC-FC64F6DE1E75,0,03:43.0,03:43.0,A846534,A846534,0,D0AFF476-883D-4960-B4DA-2C4554E6A070
B92FA75C-9D7F-45BE-AAB3-FC7476744FFB,0,03:43.0,03:43.0,A846534,A846534,0,5F76E428-D2C8-452F-B0E8-F7CC796E8153
BD2D087F-7DCB-453D-8ED3-FCB7124843E9,0,54:25.7,54:25.7,A846534,A846534,0,7FA18957-3740-499F-A965-88D2A498C062
7DA09ED8-2851-4029-8963-FCBA9258617C,187.1,12:31.9,12:31.9,A846534,A846534,0,33738476-BD22-4763-9797-E9E93D5C9B7A
EE5E9C93-FCB2-4525-BB70-FCCCFBD8DBEA,0,56:58.0,56:58.0,AETH\A393668,AETH\A393668,0,590D759C-B1BA-43F7-A18A-5AB9EC974BAF
8A1F705C-B9A8-41AC-8A48-FCD6EA3D70F8,34.7,03:43.0,03:43.0,A846534,A846534,0,8372D828-22DC-4553-BEE2-4626AA465B27
FFC1553A-6B38-4358-AE89-FCDCF19963DA,7.3,15:22.2,15:22.2,AETH\N270372,AETH\N270372,NULL,B14C9624-B35D-4207-938D-88AB5B590017
666CF548-756C-4D4B-8473-FCF19BDF8C59,0,32:50.8,32:50.8,A846534,A846534,0,BDA75D0B-EFC4-47EC-87E8-385100C122C5
5459029F-4738-4E4A-9EC0-FCF7D273195A,0,03:43.0,03:43.0,A846534,A846534,0,B984DBD1-1D70-4128-B258-46259A323F25
F58E82A4-B496-448C-968E-FCFCEFE36BAD,0,15:22.2,15:22.2,AETH\N270372,AETH\N270372,NULL,BB70280A-210E-489D-B861-EFEF869E7361
9F239CC4-E28A-4F72-9182-FD09A65662CC,39,52:33.9,52:33.9,AETH\A393668,AETH\A393668,0,CB39B7B5-7388-42B2-97AB-6B6097956584
5968C559-8E80-4871-966E-FD22B11F1731,0,54:25.7,54:25.7,A846534,A846534,0,DE9916B0-235A-445D-8C77-6C7063EE8D10
B7BD5BEE-9738-4BA7-88C4-FD297AC2E81B,6.7,56:58.0,56:58.0,AETH\A393668,AETH\A393668,0,29E9FF21-5598-48A6-AF9D-0A561D8F1046
FBDE6EC9-2F31-4F51-83C2-FD2D0BF75091,44,54:25.7,54:25.7,A846534,A846534,0,08BDAA49-9AFE-478D-B81B-D7DFD989FEDF
38186C91-6664-4875-B4DF-FD314A7A6FAB,0,56:58.0,56:58.0,AETH\A393668,AETH\A393668,0,D10F9F64-486F-4F49-874A-8013BE2533D5
F78009C1-C52B-4B8C-86F5-FD3415B51C39,49,15:22.2,15:22.2,AETH\N270372,AETH\N270372,NULL,79AE05CF-B414-419C-AFBB-ECD3A0193F6D
D0E9D13A-6B25-48B0-AED6-FD345F52C600,83.7,52:33.9,52:33.9,AETH\A393668,AETH\A393668,0,51B70903-3D9D-49D1-909D-23CC7519BC71
4EFFAA6B-EC54-4414-B4A1-FD39EE2784FD,1.2,12:31.9,12:31.9,A846534,A846534,0,FF9D3A5F-2EEF-4706-ABC3-9CE70E1C1F76
F7183EF3-DA3F-4DF7-97F8-FD3D675AE029,0,12:31.9,12:31.9,A846534,A846534,0,259E796C-2FBF-42C1-AA33-94E32893569E
C9AD2906-1DD7-4A66-925E-FD5DB4D16329,0,03:43.0,03:43.0,A846534,A846534,0,13680F1D-6AD2-494E-9187-1CC5EBF57D15
0DBFE5B7-1B99-44C3-87AD-FD623214E8B3,84.7,15:22.2,15:22.2,AETH\N270372,AETH\N270372,NULL,25ECA679-6ADB-446E-8202-3250E2E44FF0
C315AC99-55F6-4F49-9B1B-FD76DBFAA3D7,0,56:58.0,56:58.0,AETH\A393668,AETH\A393668,0,B1E55BCD-3BF5-4D6F-B616-BB60BBA468F2
8EA486CF-61AE-4687-A161-FD8E1EC158E5,0,56:58.0,56:58.0,AETH\A393668,AETH\A393668,0,B9F23A9D-8081-4945-98D1-C15674817A69
62835C17-F175-421A-BD48-FDA0A9B71D65,34,32:50.8,32:50.8,A846534,A846534,0,C91F8456-EAE8-44E3-92C2-0E7D667DE3DA
123371AB-EEF8-452A-A4AC-FDAB9E476E18,0,54:25.7,54:25.7,A846534,A846534,0,A2750017-B203-4317-87FC-EAE9900E1566
B53F0E26-C46C-4F99-A54E-FDAF9068C315,0,03:43.0,03:43.0,A846534,A846534,0,609A580C-C97A-49F9-8C9E-18B94C1C2D3C
28AED259-30A8-4ED6-8E78-FDB0DEFD51A7,0,15:22.2,15:22.2,AETH\N270372,AETH\N270372,NULL,DFD2F78F-F795-43C3-83CB-2803C6F254D9
CA06C16E-75B0-4FCE-BCE9-FDC2D5D36B95,0,56:58.0,56:58.0,AETH\A393668,AETH\A393668,0,46C90EE8-5B86-415B-A513-946C3BAA64F7
11776BB5-8E23-42EE-8956-FDD13E0E207D,0,52:33.9,52:33.9,AETH\A393668,AETH\A393668,0,602B806F-FECA-4CFC-B3E7-2225D868B4E8
D38E47D6-871C-4BC5-B7BF-FDE6518479DB,0,03:43.0,03:43.0,A846534,A846534,0,021AF5BD-5DBD-4C77-BDE6-1AA34E588783
1817501A-DD59-4DDD-9A8E-FDF8F36E2360,99,56:58.0,56:58.0,AETH\A393668,AETH\A393668,0,27058240-8EAF-4209-A2A7-8CAB58D35735
432330F8-C21A-4B86-B2E5-FDFAE55387A1,0,03:43.0,03:43.0,A846534,A846534,0,F5C5BA1C-31B3-4FFF-9D38-488F4C21DFD5
9AA8D179-0A30-4C46-A0DF-FDFB5D998D33,0,32:50.8,32:50.8,A846534,A846534,0,39C9E136-B487-4968-A1EB-8E034F8724C1
38DA18D8-9C36-468A-9BB2-FE0BDE4C202D,0,54:25.7,54:25.7,A846534,A846534,0,7DFC7949-0BA3-4D5C-B469-7C2447065153
10FB70ED-DD85-48FA-BB01-FE17745FC771,0,54:25.7,54:25.7,A846534,A846534,0,619F6227-6787-4C8B-B680-CFE9FA808096
DC0018E4-D012-482F-B95E-FE222DA79F46,44,54:25.7,54:25.7,A846534,A846534,0,4AB65580-8599-4A33-89E6-1D525ED26631
9D4B72BF-CB1A-4257-BF7C-FE235A75EEE7,0,32:50.8,32:50.8,A846534,A846534,0,E69A6128-DEC3-4884-AFEA-2C1D5DD8462F
1A085FF1-3B14-419C-8B62-FE278AC16A7B,0,12:31.9,12:31.9,A846534,A846534,0,630DC2EE-DDA0-48F2-B8CA-EF6EF8924185
DBCA1AA4-EF9D-4846-8228-FE27BF8B5756,0,03:43.0,03:43.0,A846534,A846534,0,89A98287-E1D1-45E5-9927-AE2BC1C90666
318C4F37-AA42-45D8-8357-FE30DB58DF4C,50,56:58.0,56:58.0,AETH\A393668,AETH\A393668,0,C1F96D15-B4B2-4DAB-8C5B-E3865AC8F858
0A116E59-2833-4A1C-A130-FE30F7854AEA,0,03:43.0,03:43.0,A846534,A846534,0,980C6AAD-A366-4C8F-9088-1EA1C75A44E3
9492E387-ABB8-4494-A093-FE6DBFA5B0BB,135,03:43.0,03:43.0,A846534,A846534,0,D7951289-68A4-4789-B578-134BF761428D
D9A90564-6909-41E6-BD08-FE8EC5C660DF,0,52:33.9,52:33.9,AETH\A393668,AETH\A393668,0,6B975A04-AAE3-47FE-9367-ADAFCA295B87
9F87656B-5D14-4343-A9C8-FEAD9F1D97BE,0,52:33.9,52:33.9,AETH\A393668,AETH\A393668,0,2A35F50F-6D83-40E7-8411-6768EAF8CC05
E9D6B0B4-69DC-4F71-ABBC-FEB316EF897B,0,03:43.0,03:43.0,A846534,A846534,0,D48F9A58-201B-40CD-BED8-7752F073C4B9
8272B9D9-2FC1-4C5A-B784-FEB5716300F8,63.4,56:58.0,56:58.0,AETH\A393668,AETH\A393668,0,B3C444DC-E4D8-4458-A1C0-3B1CE40BEC4A
8E150DF0-504E-44AC-A198-FEBD84414F6E,0,56:58.0,56:58.0,AETH\A393668,AETH\A393668,0,BA90853C-F54F-463A-8B96-A255B2B0912B
143C2E40-46BF-4B47-A8CB-FEC0FD15540C,23.8,15:22.2,15:22.2,AETH\N270372,AETH\N270372,NULL,21400C09-C97D-461E-ABD2-1CDB5DCD9DB9
F48BAF45-FB3D-4D75-8BA1-FEC37790EC7D,23.9,32:50.8,32:50.8,A846534,A846534,0,5789772E-2DE2-4A72-B7F0-746BEF675FA8
7AC615E7-EA7A-4D44-AA16-FEDF5489EFCD,116,03:43.0,03:43.0,A846534,A846534,0,501A6A52-63C9-42C3-88F4-46D6FE72309A
E2D73794-2E31-411B-8CF7-FEF46D3FE83C,0,12:31.9,12:31.9,A846534,A846534,0,FAF428D8-1594-4A3A-9E7B-414CB4D86760
DA132C58-9E26-45C2-8C15-FEF645A1017C,59,12:31.9,12:31.9,A846534,A846534,0,29592A00-B869-4259-9B14-84B160D34376
84F4CC87-E0A7-4FBA-B602-FEF72D5922B1,0,54:25.7,54:25.7,A846534,A846534,0,2E3D9BD4-1B08-4E69-B357-D0EE7886E426
3EA19F3F-A82A-4481-9062-FEFBE072A1E9,0,12:31.9,12:31.9,A846534,A846534,0,839EA75D-F22B-4B47-87C9-6594C2C842EF
D0D932D5-7871-46D3-B986-FF08E43222AA,46,03:43.0,03:43.0,A846534,A846534,0,D0AEFCF4-8C28-4506-AAF1-3716D705658E
8A78DEC1-795A-41E8-948D-FF34DA60CD39,0,52:33.9,52:33.9,AETH\A393668,AETH\A393668,0,3E2C63DE-E1D8-4BCF-8CC4-3D0B8BE2642F
B3915EE2-AE84-4498-83DA-FF5B340E8467,0,15:22.2,15:22.2,AETH\N270372,AETH\N270372,NULL,7FD3DDD0-5EFE-44F9-80DF-5D0779AD585D
234C2F74-4FB6-4053-A4B1-FF710B163802,0,03:43.0,03:43.0,A846534,A846534,0,40F35B15-6A84-476D-BF64-7062A88C50EE
062B2BBD-F64B-4F18-A966-FF7D51A994F8,0,15:22.2,15:22.2,AETH\N270372,AETH\N270372,NULL,60083017-4F34-4B31-B60C-C3D3F48350DB
6DD8516D-3A0F-4C85-A700-FF8B31ACBD53,0,03:43.0,03:43.0,A846534,A846534,0,E288D394-8ACC-4D0D-927B-AD3C9E1CAF3F
4EE10619-75DD-4171-B128-FF8DDD1BBD80,21,52:33.9,52:33.9,AETH\A393668,AETH\A393668,0,B6349538-F0FE-48A6-9A0C-332E19745F06
085B9C42-91D1-4D79-ABAA-FF8EC2D83868,97,52:33.9,52:33.9,AETH\A393668,AETH\A393668,0,0CC7D3AB-B837-4134-BEC2-609D87E02D50
797CEF7E-CE8F-4C77-A631-FFA684F00A45,7.4,54:25.7,54:25.7,A846534,A846534,0,F5EF31C5-914C-43A2-B245-A9489E3987D6
FD334CCC-6A23-410B-A5BF-FFAC08EE4085,0,52:33.9,52:33.9,AETH\A393668,AETH\A393668,0,46F1FBE3-F9A6-4EAA-A4A1-459836CB5BFB
4C400724-6A3F-4356-8353-FFAD42B0A494,0,54:25.7,54:25.7,A846534,A846534,0,E2A38B40-94D6-4BFB-AE51-9AFBE816CE30
665648EF-72F3-4F56-9620-FFD12A508BFE,0,56:58.0,56:58.0,AETH\A393668,AETH\A393668,0,058F8411-7761-4F09-A6A8-4496FE3E733E
550433CE-CBDD-4AB4-8B2D-FFD6AE864081,0,03:43.0,03:43.0,A846534,A846534,0,B80666B1-02D7-4720-977F-2A9615363173
BEEAFDE2-01D8-4210-A51F-FFE1901350CF,0,56:58.0,56:58.0,AETH\A393668,AETH\A393668,0,CA35A17D-EC47-4EE5-909A-DADF2F3DBC83
E7BB4263-3886-4AFD-9150-FFF98D31D3D0,0,54:25.7,54:25.7,A846534,A846534,0,046BB2AF-9476-43E3-8F79-1049A18225C2
B7109661-1FE4-41AA-9E67-03FD2AD3E0EC,106.4,03:43.0,03:43.0,A846534,A846534,0,06E1CEC7-BB27-4806-83FD-5A0794CECAC4
CCFFC322-6720-4ACC-8C5C-041AE15E2A86,0,56:58.0,56:58.0,AETH\A393668,AETH\A393668,0,7931EFA5-A3A0-4266-B057-DAE8A56E9223
6DB488F7-A662-4F65-8BD0-0422F188C2A3,0,03:43.0,03:43.0,A846534,A846534,0,1E1B8536-DA65-423D-8478-A05FE82454C0
AACB7D24-8530-47DB-A4D6-0427E27649F5,0,32:50.8,32:50.8,A846534,A846534,0,A9E424EF-94DB-4674-9811-7C95FC92420E
48C922BF-A559-4065-AD5E-042B7206EEF1,0,56:58.0,56:58.0,AETH\A393668,AETH\A393668,0,C6E38D90-E72A-4E1B-9C04-20486D22F588
6AA6B2A8-B12A-40E3-934C-042C842F2F0A,23,15:20.4,15:20.4,AETH\N270372,AETH\N270372,NULL,EF71E819-FE70-4A18-B95D-9E5783FFD47D
F93F7AFD-5589-405F-BB50-042DC7ED3A13,40.5,03:43.0,03:43.0,A846534,A846534,0,7CD718EB-C322-4D9B-ACA0-6A4C95E4B1F4
36E8AEBD-899B-428E-A658-043538E19CD2,0,03:43.0,03:43.0,A846534,A846534,0,3AA2C86C-0943-4FD8-8F1E-6C57BF46FFDC
8608D48C-4D47-4C24-BAE5-0435F2102677,0,12:31.9,12:31.9,A846534,A846534,0,E00ADF10-53F9-4C6A-B7DA-C3351FB4B56C
E960A901-5477-4651-BA62-0436E3551567,0,32:50.8,32:50.8,A846534,A846534,0,205B8946-2D78-4328-AD8B-BA919AACE50B
2C8D76D3-21D6-4FDD-A294-0448BC529802,0,56:58.0,56:58.0,AETH\A393668,AETH\A393668,0,584ABB4D-460C-4069-B0FF-683A7A57CA1E
5C697322-95CC-48C2-8102-04497478FDDF,0,52:33.9,52:33.9,AETH\A393668,AETH\A393668,0,3F58E0AA-99CD-4069-9C9B-E55013900A56
676D725C-981B-4C39-8C78-045AB744B1F1,3.3,12:31.9,12:31.9,A846534,A846534,0,BA815E00-BD00-4E4C-A484-E8E03B89C4FC
FF6A8B5E-A5BB-4534-AE1C-0462FFA0E536,0,56:58.0,56:58.0,AETH\A393668,AETH\A393668,0,BEE77E65-0506-49E1-AEF6-94F9DF42BE8A
99082F96-6CF2-4F08-8E5D-0465A5B8E3FA,0,12:31.9,12:31.9,A846534,A846534,0,B8F43A5C-F1B9-48FB-B7A1-A21096B19B0D
B168B986-9B48-446A-A3BA-046FEEF62B55,0,54:25.7,54:25.7,A846534,A846534,0,C76B0B84-2AB6-4D8C-99AC-02ADB577773C
1744D210-6E0A-4E79-82BF-04787238C426,0,54:25.7,54:25.7,A846534,A846534,0,D834B503-8642-4B18-854F-65C06C5A550C
62C75110-1FAF-4E53-AB16-047B57DFF331,18,12:31.9,12:31.9,A846534,A846534,0,EA36491E-BF15-4339-A9CA-C3FCA6800221
9B425B73-8188-4DED-8369-047EBD1DC620,0,32:50.8,32:50.8,A846534,A846534,0,3EE242E1-4244-4ED1-817E-10209A2FD028
EDE179C5-9938-4B4A-96DE-048E6B849C7D,57,56:58.0,56:58.0,AETH\A393668,AETH\A393668,0,B18E7E0F-4491-418B-BE48-BD58AC01E1D7
04394F7F-3EBD-42EB-A4D5-0490B0C6E738,0,54:25.7,54:25.7,A846534,A846534,0,003927A5-4AB0-4E0F-A4F4-574CA5887AED
1F8DFFBE-8F5B-4D4A-87BA-04B0E1D44556,117.5,03:43.0,03:43.0,A846534,A846534,0,8CD8870C-BC0A-4AA9-AC1A-8C5F6D9D789B
0B2BF9C8-B42A-4374-8B9D-04B5BDB62FF2,204,54:25.7,54:25.7,A846534,A846534,0,99638867-3EBF-45F4-9B3A-05310DF86B41
67D28FFD-F9E8-4538-92CD-04C618CD1428,0,12:31.9,12:31.9,A846534,A846534,0,CB0AAD93-969F-4AA5-9029-2DF800E5EA9E
811343C1-2D05-4621-A0E5-04D55890F307,0,03:43.0,03:43.0,A846534,A846534,0,6AA81D7B-B0C3-4E0E-B067-503C757DBC22
0D7A40D4-0B9D-437A-8F6C-04D71E9E8ECB,0,52:33.9,52:33.9,AETH\A393668,AETH\A393668,0,4EEEF61C-F386-443F-831D-3F48329B3587
5DD41814-3D33-4C45-9A68-04DE6F326302,0,03:43.0,03:43.0,A846534,A846534,0,21481A5F-F94F-494E-B374-AB9B6D23AC22
8A34FD2A-BAA0-4224-8CEE-04EDBC285ED1,19,03:43.0,03:43.0,A846534,A846534,0,131F7D50-A90B-45F1-92D9-9F72A88BCCB4
2213D0C4-16FC-4C09-B9E4-04F347E7AF01,94.9,54:25.7,54:25.7,A846534,A846534,0,74720A5C-8719-47BD-9C76-0F3E14833886
98E2A3D2-E5A4-49D6-B06D-050C6C574217,0,12:31.9,12:31.9,A846534,A846534,0,FA367A77-6947-4DCE-86AF-4E07EE46403C
210AF7D3-8DDF-480F-8385-051349280759,7.3,15:20.4,15:20.4,AETH\N270372,AETH\N270372,NULL,90FBCA5E-7391-404D-9E9A-2FAD2931D346
6F831D0A-E014-4DCB-8EA5-051B531E43C1,30.5,56:58.0,56:58.0,AETH\A393668,AETH\A393668,0,AF74A38F-3F1A-4A1F-A777-CEC9B1F4E1B5
E9C47AB8-7A17-488A-B936-0526E6EA6185,0,03:43.0,03:43.0,A846534,A846534,0,7C2B53B4-F0D8-406C-A20B-B6A9B52D7BCE
53BFC722-EB0F-4F03-B98C-05323E8CA6AA,0,32:50.8,32:50.8,A846534,A846534,0,7BCD680D-9497-4022-8F62-F30E04C4E12D
8DAFAA7D-7CE3-4B74-89E6-053FB9EE9A89,0,03:43.0,03:43.0,A846534,A846534,0,94ED2BD6-81EE-40D2-96C2-57AD5E159718
9F03A75D-7354-493B-ABB6-0540339E122E,0,03:43.0,03:43.0,A846534,A846534,0,59D64883-1F3B-4904-8901-2A3250B6F784
C150F500-B023-42FB-95C4-0551A69806D9,113.1,03:43.0,03:43.0,A846534,A846534,0,5A513B6F-926A-4349-A2B1-A28D71B2867B
B6FF7DA7-D1BC-4D37-8828-0552D358AD3B,0,15:20.4,15:20.4,AETH\N270372,AETH\N270372,NULL,F57B70DE-2DBA-496B-B1CE-F530AE4202BE
BB71FD58-0339-4C07-AF6D-055B4902423D,0,32:50.8,32:50.8,A846534,A846534,0,5A0C98AB-A590-4262-AA29-6E43E5DBA043
4259400C-8B26-426D-B857-055C9B144A43,13,52:33.9,52:33.9,AETH\A393668,AETH\A393668,0,36FD5A27-6BA7-4F70-A882-42D4A9B007DF
52F8D425-ECF6-4317-BF02-0570224533E1,0,52:33.9,52:33.9,AETH\A393668,AETH\A393668,0,357191B2-33FE-45CE-97C4-2C89E630A35F
B3083130-70A9-479F-9071-0578F6724594,102.4,12:31.9,12:31.9,A846534,A846534,0,EEFBA02C-E176-4BD0-AF39-C254FFB2DC18
B7A473A7-6D7D-4170-8177-05794153BF20,0,52:33.9,52:33.9,AETH\A393668,AETH\A393668,0,A67C624B-3224-4EC4-A4A7-D794DD4BC9B4
1E3499E1-153C-4D84-BD70-05868776F03B,39.3,12:31.9,12:31.9,A846534,A846534,0,4FA01789-166F-4E4B-81B3-838BD2713BF7
7D42D78F-B400-4498-BD31-05A4C51E95EB,91.3,56:58.0,56:58.0,AETH\A393668,AETH\A393668,0,401214F6-6312-40AF-91E7-77F5E4AF3E11
8F14EC57-FA2E-4895-8947-05AABBC8024B,0,56:58.0,56:58.0,AETH\A393668,AETH\A393668,0,4958E436-73B8-443F-861C-CC51EF121E5D
DA941A1F-A09F-4D72-B514-05BDBA697672,0,52:33.9,52:33.9,AETH\A393668,AETH\A393668,0,7B9CDA2B-3976-45FB-9E36-564CACC3BD09
0F477C68-85FC-44F2-A4F1-05C0B844E350,198,52:33.9,52:33.9,AETH\A393668,AETH\A393668,0,B9102B31-BE37-4F74-B6E9-82864A60FA31
CC02BDF4-8B3F-4BED-B74B-05DDE12F425D,0,56:58.0,56:58.0,AETH\A393668,AETH\A393668,0,FC195381-E932-4144-B5A2-9FE3D5644CE8
C4940D51-7E62-495E-8C54-05E4181D4B90,28.2,15:20.4,15:20.4,AETH\N270372,AETH\N270372,NULL,DFA5C6BD-4E7A-40E6-BBF2-421DF83D3212
2BEADAC8-B240-4568-9DAE-05FC73A65F03,30.9,56:58.0,56:58.0,AETH\A393668,AETH\A393668,0,639D467B-297D-4128-886B-71319C1DF65D
147514BD-B221-4D95-9BED-06146DF0DEA1,0,12:31.9,12:31.9,A846534,A846534,0,ED71F0AB-5303-40BB-8465-C5F9DAC8214D
7EC66D27-7AA2-4E52-A868-0625A140F0D0,0,15:20.4,15:20.4,AETH\N270372,AETH\N270372,NULL,B594878E-FE92-451C-A840-4A6C1739F2D1
933AA997-DFAA-4B66-9089-063B1477A23E,0,15:20.4,15:20.4,AETH\N270372,AETH\N270372,NULL,F18CF691-B1D5-4D4F-8840-84FD0C5FB980
8898DC46-91DF-4411-94A6-0660993E4C55,15,32:50.8,32:50.8,A846534,A846534,0,D9776E4C-EBEF-4188-909D-85FCA496A3F9
B0C73E61-5FBA-473A-8882-0670D6075FBD,0,32:50.8,32:50.8,A846534,A846534,0,1B1E50FF-146D-4E08-A0E7-1FE8F16E920C
FA4BB3BF-F426-4EA2-B781-06735D91CED3,0,03:43.0,03:43.0,A846534,A846534,0,C0C46F01-F9E0-4DD2-8E30-C4D882675EF0
14FE33C0-B6A7-42A9-95E0-06903339C3D7,69,54:25.7,54:25.7,A846534,A846534,0,9D01969B-9AD5-4C4C-B7C5-26BBE343D5F9
8CE841A3-EC08-46F0-ACFE-0693D020ADD0,0,32:50.8,32:50.8,A846534,A846534,0,FEA2559C-27EA-4D2F-83AE-5489195B2D83
C43CFEFE-64DF-4E88-BBFE-06A1CDC12133,6,12:31.9,12:31.9,A846534,A846534,0,7D4EE79D-64EA-47A0-955C-90EB9C5F029B
26E9DE99-C76E-470A-9839-06AB7AA154FB,24,56:58.0,56:58.0,AETH\A393668,AETH\A393668,0,BD6D2475-AC14-44D0-9914-337719D50821
A809B080-4012-41FA-B945-06ADA407E9E2,79,12:31.9,12:31.9,A846534,A846534,0,2D040571-63EA-446C-9ECA-17D802033FF6
4B52AF60-477E-4FCF-8592-06AF7790BB3A,0,32:50.8,32:50.8,A846534,A846534,0,97A82133-5262-49E7-867C-6B3F6254A875
EDF2384A-606E-495F-8AA7-06B02489AFBE,0,12:31.9,12:31.9,A846534,A846534,0,38F75970-6A41-471D-AE2F-8AA416FA4D58
78FB384B-42A1-407D-9CDA-06BD97526332,0,52:33.9,52:33.9,AETH\A393668,AETH\A393668,0,42A42396-D3E7-421A-9614-C2360C1AEFAF
4B846661-8222-43C0-84D4-06CD663C3EF9,39,15:20.4,15:20.4,AETH\N270372,AETH\N270372,NULL,683A6108-95D7-4D86-BF5A-60EE9042110E
CB05525E-95A2-4580-92EB-06CF268EC2C4,0,52:33.9,52:33.9,AETH\A393668,AETH\A393668,0,AE16A89F-6045-4042-9D45-A9BDB5426A49
474219E5-8A63-4914-B131-06D1D14C8BFA,0,52:33.9,52:33.9,AETH\A393668,AETH\A393668,0,C15334D2-9337-41DB-A2A2-602C9D4820C5
E9B18971-78F5-4D7C-B51C-06DEFA04960C,62.1,15:20.4,15:20.4,AETH\N270372,AETH\N270372,NULL,2A62E22F-ED26-48A0-851C-A6837AF5AEA6
DB29F354-5B20-4591-853C-06E250BE7B8C,13,03:43.0,03:43.0,A846534,A846534,0,4019C09D-7C56-4937-B22A-6DB01C6A0D6C
4ECE5E91-69E2-409E-9046-06E460872A10,36,32:50.8,32:50.8,A846534,A846534,0,03D93F23-891D-4E85-A3AA-7B9A6C98F50D
BC6EC7E4-172A-4D74-A888-06E5467B6CEC,0,56:58.0,56:58.0,AETH\A393668,AETH\A393668,0,0EE871A3-6F69-4F16-9286-14319CEC1882
BEB15B68-5F53-47AC-BABC-0B76B9975004,26.2,15:20.5,15:20.5,AETH\N270372,AETH\N270372,NULL,4B039F97-D66E-409D-8B24-2F50D58C4FF9
3B123119-1A00-49F5-98F0-0B7CB33400C1,5.8,52:33.9,52:33.9,AETH\A393668,AETH\A393668,0,D14F227E-D2D1-4CDB-8E08-09BBEA31CBA1
4EE04E80-9B45-46B0-821C-0B82D504C6CE,0,12:31.9,12:31.9,A846534,A846534,0,B7FB3832-4197-4E1C-B686-1D8C525A3951
BBEA5D32-D99B-490F-A8CD-0B8469F2BDB4,0,54:25.7,54:25.7,A846534,A846534,0,BDC6E3DF-D7C6-4D94-A743-8D524E0064DE
414933FA-991A-400E-8A08-0B87CF6A7D47,0,03:43.0,03:43.0,A846534,A846534,0,14632EEA-7BFC-4496-B673-4E5F8828B599
C2B34E04-BC97-48F2-A100-0BC2DCF3D051,30.9,54:25.7,54:25.7,A846534,A846534,0,53FDA345-4551-49F7-A9B0-0A18FD38AF5F
3D3569A3-1165-463E-B9D8-0BC82331DF8E,0,56:58.0,56:58.0,AETH\A393668,AETH\A393668,0,5B2161EA-1A4B-4FC7-8A33-CB4F8D0BECD2
A523C620-720F-488C-9449-0BCD31F14378,0,12:31.9,12:31.9,A846534,A846534,0,2BA9E833-98F6-413B-B033-668DA3D7E1DB
070E8066-5F43-4FCF-9DA9-0BDC03314199,0,12:31.9,12:31.9,A846534,A846534,0,E5A90624-578C-49CB-826D-892D82300483
11140C3D-A4F4-4CFD-970D-0C0C5157A002,0,52:33.9,52:33.9,AETH\A393668,AETH\A393668,0,80E8E194-41F0-4F75-8407-51AC24DA0CFC
2306A479-C960-4AC5-B455-0C0FABFE145F,55,15:20.5,15:20.5,AETH\N270372,AETH\N270372,NULL,A02525FB-5F35-4272-9401-7453DE98C520
14EDF2B1-9534-4D49-A372-0C10D3456D66,0,32:50.8,32:50.8,A846534,A846534,0,7014CE0B-0625-45E8-98CF-FD0CD9214833
ABFD5E25-59C8-42DF-8829-0C2EAA1D5183,0,32:50.8,32:50.8,A846534,A846534,0,951CF4CB-79E4-4455-89C4-5695FFFFF1FF
33FEB9F0-373F-477B-B9C3-0C315D132E4F,124,54:25.7,54:25.7,A846534,A846534,0,4AAA8AFF-014A-4053-BF0D-05A250FEF607
090866BF-5971-44F0-943E-0C3CB8709048,0,32:50.8,32:50.8,A846534,A846534,0,923C1ED7-0A1B-42DC-A11D-9191F6FD2FAF
4746D464-7AF4-44F0-ADE9-0C4DA87F5EB1,0,03:43.0,03:43.0,A846534,A846534,0,CDA44B77-C3F6-4464-9EDC-52A6EEDFD399
3ECB4C3C-A741-4975-A459-0C4F6E797EDA,28.8,54:25.7,54:25.7,A846534,A846534,0,3314C2E4-A0C9-4992-92A8-5B1463D9A2D3
C417DB8F-345D-4E46-B751-0C4F76710E9E,0,12:31.9,12:31.9,A846534,A846534,0,58FD4AD1-A58F-45A8-9E3F-4DA18344C7D8
54AC6BFD-B851-47FE-9537-0C54B00B09BB,0,54:25.7,54:25.7,A846534,A846534,0,ACC21712-A14A-4DBE-819C-F35698C11BC0
4C6024CA-7D99-4106-9631-0C57E5344D43,0,03:43.0,03:43.0,A846534,A846534,0,CC9BAE33-427C-4213-ACC5-5DD05449F7D3
DE7348B7-E7F4-4820-A7BD-0C6C8447A9F6,0,15:20.5,15:20.5,AETH\N270372,AETH\N270372,NULL,E96FC08D-B91F-4A44-B2ED-7B5AB8B8E441
52EB44CB-A3EF-4E06-B3FA-0C725E87CF37,0,12:31.9,12:31.9,A846534,A846534,0,463D54C6-1D15-4A76-B4B1-45CA687090CE
694EF8B2-0150-47E3-8807-0C8BEF72883A,0,56:58.0,56:58.0,AETH\A393668,AETH\A393668,0,5D2F9668-7A3F-4084-84EE-29081D0ADCFA
9A6DC995-E85D-4FC6-8DB6-0C8F21A041A7,0,12:31.9,12:31.9,A846534,A846534,0,F5ABBC69-7C8E-4E1D-8D2E-50A963C58F56
978CB3C4-C9FB-4282-AA7A-0C9FDA13807F,48,52:33.9,52:33.9,AETH\A393668,AETH\A393668,0,02CF7924-80E0-4EFA-90C4-E876D1FAEDAE
BF1DDD53-EC13-4BB6-83B9-0CA67A0EAB3B,0,52:33.9,52:33.9,AETH\A393668,AETH\A393668,0,E39A4863-C0FC-4CE5-A87C-8E5BD6D538E3
5C1B3F32-2878-49CE-997B-0CB1E1CABB14,29,32:50.8,32:50.8,A846534,A846534,0,622ACA72-1189-434E-BCF8-CD5C88419702
E05642C1-F644-450F-84F5-0CB20B2DCB80,0,54:25.7,54:25.7,A846534,A846534,0,1DF27A46-E5E7-464C-B8D4-0AF0171460E8
712218AC-828D-42A5-A542-0CC059EB29AF,0,15:20.5,15:20.5,AETH\N270372,AETH\N270372,NULL,945A10A5-DEA1-48D5-8B14-6CFEABE2F389
457BAAD9-4026-435F-8E35-0CC501D593CF,0,52:33.9,52:33.9,AETH\A393668,AETH\A393668,0,8D89C5AD-3F95-4097-AAD1-D99B454CB318
828B4B3D-811C-422A-8ACD-0CE8090F0188,0,03:43.0,03:43.0,A846534,A846534,0,060BA15C-9E57-4A28-A0E8-39E819FCC485
53642435-DA4B-4DD7-8284-0CE82281B055,56,54:25.7,54:25.7,A846534,A846534,0,5AE0AE91-05C2-4415-85DF-CE520C92A04A
4069C840-ADC7-4242-9564-0CFDE552C4B8,0,03:43.0,03:43.0,A846534,A846534,0,230F51C2-63FE-4F9D-B195-142EC9B4A334
249B0E9F-1056-4EC2-9B92-0D034309CE0D,23,15:20.5,15:20.5,AETH\N270372,AETH\N270372,NULL,6A89F343-43D5-4F44-AB3D-1ACE0969E730
A4E2C309-ADF2-4E58-9DB6-0D07E42729C7,0,32:50.8,32:50.8,A846534,A846534,0,43DD2382-0DBF-470B-A8F6-6EAB3AFD7D4A
3D47AD78-C985-4723-A364-0D1094506503,0,54:25.7,54:25.7,A846534,A846534,0,9B79B083-259F-4CB4-9F13-4EEF954C2B06
785EC194-BF57-49FE-BB67-0D16D120EF67,26,56:58.0,56:58.0,AETH\A393668,AETH\A393668,0,FD30AF42-4E21-41FE-8C71-2FA9E9A82C29
E64FE101-001D-4E82-B1AF-0D2B3858A916,0,15:20.5,15:20.5,AETH\N270372,AETH\N270372,NULL,785510D9-1F9B-442D-8C89-C98E9AF7C92D
50C450DE-BCA4-459E-9B7B-0D37209C4A75,17,32:50.8,32:50.8,A846534,A846534,0,1798E0E8-DCE6-45AE-9D20-1D51DB853227
F3432D37-183D-410C-8A66-0D38B437157F,69,03:43.0,03:43.0,A846534,A846534,0,60B58B08-1D4A-430F-9849-69124C5FEA55
9EE8632D-7E09-4CC4-8DA3-0D4F3E32E252,0,56:58.0,56:58.0,AETH\A393668,AETH\A393668,0,5A223033-93EE-4ECC-8C22-FA4DE39C8FD2
18587EA7-7D13-4688-9F5A-0D5527D43AB2,0,56:58.0,56:58.0,AETH\A393668,AETH\A393668,0,6CC2FB94-3682-4A76-83D7-6B94563F9A1C
209D8D15-7485-4EEE-BEB5-0D5876C1A526,0,52:33.9,52:33.9,AETH\A393668,AETH\A393668,0,211A252D-471B-44DB-9037-D623C63E3D5B
9AE315CE-48CF-486E-B437-0D5F88FEC14B,0,32:50.8,32:50.8,A846534,A846534,0,E7B46B92-E62E-4B5E-8E4F-D459893C375D
4FA6A00A-AC7D-4B7E-AF52-0D6D0920B370,0,54:25.7,54:25.7,A846534,A846534,0,706E371C-263B-480B-9282-C5785CFA8AA9
99886894-AF05-4180-BF60-0D8A5001D16F,34,15:20.5,15:20.5,AETH\N270372,AETH\N270372,NULL,B57321A1-4A30-47BC-9A11-A8C333AC540D
CF12DA02-6FD7-4879-9E2C-0D9652A81995,0,52:33.9,52:33.9,AETH\A393668,AETH\A393668,0,3F3AFC46-96C2-4D50-9F9A-FC2AD0F99FEB
5852EE0B-DBFD-4B8F-8A32-0DA36A1A5276,0,12:31.9,12:31.9,A846534,A846534,0,B088FD68-A49C-492D-B319-3C67619D8178
F535A62E-7F9C-4608-BA15-0DB1C7D6BF99,28.8,56:58.0,56:58.0,AETH\A393668,AETH\A393668,0,E2CEEE59-1769-41F7-A240-1AF65A64E4A0
1AA49558-1CB3-46F9-8624-0DB1D3807038,0,15:20.5,15:20.5,AETH\N270372,AETH\N270372,NULL,B62E9121-3D5A-4389-A852-428FB3020C63
7764A9EB-FB6C-4B4A-889C-0DB779A8A4CF,0,32:50.8,32:50.8,A846534,A846534,0,EA31A81C-2722-438F-A082-EE2FE7906DC3
A36E52CD-5A68-40B8-84EC-0DC613A85F4D,0,56:58.0,56:58.0,AETH\A393668,AETH\A393668,0,FE6ED8AF-17BD-415F-886D-22EAF3DE3387
10188184-21AE-459E-931E-0DD17DBE399A,57.7,56:58.0,56:58.0,AETH\A393668,AETH\A393668,0,B9AAFF24-2B49-42F2-A319-6CB52DFDB749
1D3E3E41-AD32-4AA7-81B8-0DD5DADE28DB,7.2,56:58.0,56:58.0,AETH\A393668,AETH\A393668,0,F64D5FCC-0BF8-412E-A3C2-09D2A1FF82AE
2F0F124F-042A-4F59-B093-0DDB40BA9018,34,15:20.5,15:20.5,AETH\N270372,AETH\N270372,NULL,3BB93056-11C0-4172-A437-937A3E431389
87317636-7818-41C8-8FC3-0DF6CC0AE08A,0,32:50.8,32:50.8,A846534,A846534,0,8BBEF105-DA88-4734-B78F-0B8335EC2B14
C7E658BA-79A2-41E3-B515-0E1367236D6E,0,54:25.7,54:25.7,A846534,A846534,0,E7A01728-51ED-4F40-A482-3D3796405482
F171E0D4-5706-4924-A591-0E505FACD2CD,0,32:50.8,32:50.8,A846534,A846534,0,A3540DD3-B4A9-45F2-90A6-B13DE42A9546
650D89E2-C741-4D48-B83E-0E56EAA570FA,0,15:20.5,15:20.5,AETH\N270372,AETH\N270372,NULL,C89ED082-FB26-4EF8-8668-267405825986
CE964F07-958E-456E-A0A1-0E58835ADF75,0,03:43.0,03:43.0,A846534,A846534,0,9A57490A-04CD-4F75-AA67-15D56696D88B
0607DC53-0716-40C1-8B96-0E6F449E99D0,0,54:25.7,54:25.7,A846534,A846534,0,7367914F-4006-4548-9124-FF90DC72F13D
99EDFE6A-2006-4859-AFB7-0E8564530A86,0,12:31.9,12:31.9,A846534,A846534,0,FD9B73F2-F9EE-49A3-9AD9-7EEF3954C7E0
2DCF728B-CF5B-416C-BB6D-0E8797F7AEBB,0,12:31.9,12:31.9,A846534,A846534,0,B65E48FB-D300-40C6-ABFB-9389DD7D80C1
38FDE340-356D-4A34-AFEB-0E8ED0057738,0,32:50.8,32:50.8,A846534,A846534,0,0041A3A6-9FC5-4CC4-A7B8-5DA9683D84C5
4011427A-5591-4530-BCE0-0EAE703658DF,0,03:43.0,03:43.0,A846534,A846534,0,34D4917C-289B-4C94-8194-4E7C880F6FCD
FE3A7EFE-1E0C-4CE4-A233-0EB1E35B8AC6,0,54:25.7,54:25.7,A846534,A846534,0,4BEB1A56-CD7A-46C7-9BCD-A34D0C6DB2D3
4E523F0A-3A13-4286-A3BA-0EB36BD545D2,0,56:58.0,56:58.0,AETH\A393668,AETH\A393668,0,7CE2E2C6-8ED0-40B4-B276-522ECE19B2C4
277BABAB-1FA3-4E89-89B9-0EBAB7AB7A62,0,56:58.0,56:58.0,AETH\A393668,AETH\A393668,0,4EF8CCEE-F0FB-4B97-BF61-22A01E2D9329
47366725-2643-43EF-B27E-0ECF27A26562,0,54:25.7,54:25.7,A846534,A846534,0,948642FA-FC31-4736-8285-A2FE6B053C3D
D98033F8-6AA0-4A84-A793-0ED7BB0FA4C4,0,12:31.9,12:31.9,A846534,A846534,0,96A21D48-5BC2-4928-B9E5-F8BC50EB8DF9
6601F2A0-75D9-440E-8A74-0EE219941C24,0,12:31.9,12:31.9,A846534,A846534,0,0F51E8FD-BE9F-46D5-9F90-ED83022E314C
2BD226A9-F78F-4436-B420-0EF9CF4A41E9,0,54:25.7,54:25.7,A846534,A846534,0,BC601B5A-C608-4AE2-A172-E4925384D924
8904229C-1A08-4D61-A5FB-0EFC63F94226,0,54:25.7,54:25.7,A846534,A846534,0,15AD88E7-A2C9-49CD-8DCB-81DA24B579E5
8B2284D3-A2DE-44DA-B7D8-0EFE35DF796D,21,56:58.0,56:58.0,AETH\A393668,AETH\A393668,0,A6AF2B5D-F25D-46A9-8AEB-F269C98C81A4
355EAE55-634B-4FDF-9A38-0F00A54E7764,0,32:50.8,32:50.8,A846534,A846534,0,A844D074-1358-40C0-A660-667B2611AD70
18A0EF81-6190-4F4B-A8A3-0F050D115059,0,32:50.8,32:50.8,A846534,A846534,0,5CDE8B39-6835-41FC-9C4F-41A32CD17FA6
D1F253F5-C33D-41AD-9F41-0F08EC7DD826,0,54:25.7,54:25.7,A846534,A846534,0,072ED780-9D1B-4684-8894-B7B3B4669134
5FBEC47C-F41A-45A4-A444-0F18E29B7AA0,0,52:33.9,52:33.9,AETH\A393668,AETH\A393668,0,98AE5BFE-0B6E-4652-B6DD-D950D1405BBF
DF28DDE7-6168-4942-9DBB-0F19F469EF32,0,32:50.8,32:50.8,A846534,A846534,0,6F27F0D0-6138-46D9-9DFC-963AF15B0732
C73C2BD8-7F78-4636-974C-0F2C8A7B9A70,0,03:43.0,03:43.0,A846534,A846534,0,91FEB3F3-7277-4311-8375-5EAB66E91566
47F0631E-DCFE-4849-A068-0F363ED84C35,0,56:58.0,56:58.0,AETH\A393668,AETH\A393668,0,24CC091D-11E1-4356-8065-EBC886094D10
6ED07C31-8CC4-447B-B98C-0F4055BE5B5D,0,32:50.8,32:50.8,A846534,A846534,0,38AC10A7-BAE3-4811-AA36-77851B046DCE
39CDA562-ED96-44BB-812E-0F425C0FC83F,69.2,15:20.5,15:20.5,AETH\N270372,AETH\N270372,NULL,6F76664A-A9C2-435E-A258-272120B2C0A8
05511FA1-4AAD-4235-8203-0F447EA42C11,0,54:25.7,54:25.7,A846534,A846534,0,A6B4ECC9-0545-4CB4-8EB1-57F6E95C2C9C
3B719551-CF5C-42B3-8F5D-0F691396F985,34,03:43.0,03:43.0,A846534,A846534,0,8597AE5C-2886-4AE7-B8A0-CBB59D5F067F
367892DA-A329-4A74-B178-0F7A8C799B99,0,32:50.8,32:50.8,A846534,A846534,0,4F32BB8D-A0E3-4D3A-93AE-7A6B5305138C
61EF7AD3-A604-4CA6-A231-0F91642B1D9A,81.8,56:58.0,56:58.0,AETH\A393668,AETH\A393668,0,297B156E-8F8F-4394-8F37-1949CA02FB26
54A77CA7-A99A-47A1-ABC6-0F988FDDB1EA,0,52:33.9,52:33.9,AETH\A393668,AETH\A393668,0,9377B634-F4D3-4467-9727-E331C291B2E7
A09C7F8B-F046-481A-89AA-0F9B1033252C,187,12:31.9,12:31.9,A846534,A846534,0,D57914D8-3DF1-4311-977C-49432E92491F
B9323BDF-0650-450B-B1BE-0F9D08DB64F7,36,32:50.8,32:50.8,A846534,A846534,0,4A1F992B-26A8-4749-BFA2-0053700B5DC3
3920F68A-8CFC-47E9-B126-13BA996057DD,0,15:20.5,15:20.5,AETH\N270372,AETH\N270372,NULL,DA8E0FAB-893B-41EF-BB7D-818AA68A41FB
87D3B5F6-BA06-438E-8B06-13CE19E682F5,0,52:33.9,52:33.9,AETH\A393668,AETH\A393668,0,9D066F0E-87CB-4141-8510-CB05090499C6
3BFF866D-22C4-4DA8-AB83-13D40A96B53F,0,54:25.7,54:25.7,A846534,A846534,0,0B78CB1B-ECB0-4F47-8139-9C96C3B64BAC
D624D1CE-84F0-4E84-9ED1-13DC680A1A6B,0,12:31.9,12:31.9,A846534,A846534,0,DD82CEA0-DB1F-4437-8690-189FEC24948C
1E5E7D4B-BB37-47B3-A7BD-13E079B1A967,44.1,03:43.0,03:43.0,A846534,A846534,0,5EF5E95A-2B9D-4298-B486-CC6A81C07F1D
6B9CE476-3685-433E-B179-13E86039F06D,15,56:58.0,56:58.0,AETH\A393668,AETH\A393668,0,75538D55-93CA-4F61-8A7D-402C27BD338E
A12710BF-9E7B-4109-ADA4-13EA5312A399,7.2,15:20.5,15:20.5,AETH\N270372,AETH\N270372,NULL,5653C224-77CA-4261-95BD-B503855BA171
66B9453C-550C-4E11-B2BA-13F4554938D0,59.8,56:58.0,56:58.0,AETH\A393668,AETH\A393668,0,76E877A9-607C-4AB4-8B68-6E4A12216AE4
AB9ED3AC-7913-46D8-A006-14077E296957,0,52:33.9,52:33.9,AETH\A393668,AETH\A393668,0,3C6133C5-3707-493B-B54C-E9FBFA2D4F0D
3EA3AD24-8FBE-4C03-8ECC-1438C196CB63,85.2,15:20.5,15:20.5,AETH\N270372,AETH\N270372,NULL,C3FD47FB-191D-4FBE-9E5B-1D2173C33143
118F11E4-8E1C-419E-9E54-144D46AA7645,0,52:33.9,52:33.9,AETH\A393668,AETH\A393668,0,AED27663-4AAE-40EA-BFF3-10EA0FA87AFB
E04AF1A5-A42C-4651-8D11-144DB5934278,0,15:20.5,15:20.5,AETH\N270372,AETH\N270372,NULL,BF82DBDF-8C88-4BBB-A9B3-C33ED999D6D4
87CDDEE6-0929-46F3-B1B7-144DC0CA787A,0,03:43.0,03:43.0,A846534,A846534,0,FC0F3BEA-F49D-4C02-8BF4-7B225BE31BF8
EE90D651-776E-4FA2-A541-145E7C8B47D1,37,52:33.9,52:33.9,AETH\A393668,AETH\A393668,0,F10B3CBB-CF51-47ED-8EC4-1CD77E456400
0DEE8FE1-9951-46B2-B22C-146BA9235F3E,0,54:25.7,54:25.7,A846534,A846534,0,139490C3-F4A4-4797-9366-7EA0ECD2B6A3
9C201F64-32EB-4C45-8ACF-146C116D1F74,0,52:33.9,52:33.9,AETH\A393668,AETH\A393668,0,91DC30EA-3F4C-4867-806E-A4F0280A898A
C5B04617-9184-4045-A011-14738EBA80B9,33,52:33.9,52:33.9,AETH\A393668,AETH\A393668,0,F2352370-98CD-4C6A-98B4-517071B375EB
DBC8E8E3-0438-4DEE-97D7-147C3E48A255,0,52:33.9,52:33.9,AETH\A393668,AETH\A393668,0,C4B39ABA-03C3-42E5-94B0-AC6503B137AF
E8409385-2CBA-420A-98DF-147CC13FA2FB,0,52:33.9,52:33.9,AETH\A393668,AETH\A393668,0,71F74646-EC17-4F18-A241-D771B2E3CB25
28617A03-8325-4B98-9811-1481F0C9D5D8,94.8,54:25.7,54:25.7,A846534,A846534,0,F0CD33EC-8E81-4608-9DA9-62157C6A6423
3648F0FD-6858-45F2-8B84-148B0A81AB4B,0,15:20.5,15:20.5,AETH\N270372,AETH\N270372,NULL,6802487E-BCC9-4AC6-9026-FBC66616153D
337CD9BF-BA09-4F54-A29D-149ECB5BC947,0,03:43.0,03:43.0,A846534,A846534,0,09DE6335-C20F-45C9-9687-226D0F139E9A
30E217CF-821E-46FC-9C13-14B2B21F4795,19,03:43.0,03:43.0,A846534,A846534,0,90D0AB0C-4930-4E4A-9237-FCAC68AA4AA5
3280003B-8E05-40CF-A7BF-14C085FA6172,0,52:33.9,52:33.9,AETH\A393668,AETH\A393668,0,9512A0DF-9FC9-4824-9447-8B8B54EDE858
00B23224-74DA-4A73-8623-14C2F403420C,96,56:58.0,56:58.0,AETH\A393668,AETH\A393668,0,7850D05E-3A0A-4293-88EE-0ACAAF3D4B66
BDAA4C45-6A1D-41A7-B889-14D42BD2A027,0,03:43.0,03:43.0,A846534,A846534,0,0EFE27D6-404C-4787-B2A3-BE67A6585A65
AFDACCC7-009A-4DD4-84AD-14D576A8573A,0,15:20.5,15:20.5,AETH\N270372,AETH\N270372,NULL,2B5DD01B-3E2D-4849-AD2D-DFE969069676
17966306-D13B-4D72-9564-14DF4DCCF98C,0,56:58.0,56:58.0,AETH\A393668,AETH\A393668,0,AA07F59B-9F1B-4892-9DD5-E8DD1525A755
4633816E-CE80-48E2-BDC1-14E4A30EDD80,0,03:43.0,03:43.0,A846534,A846534,0,F2BE7BBB-7FD1-4872-8CD3-4CD5B3FB1A21
C8BCA93A-7E75-446A-9F8E-14ED19A61DD6,0,56:58.0,56:58.0,AETH\A393668,AETH\A393668,0,3A2B1D46-8C2C-4507-9790-044BFB8EEC99
00D5A9E8-8E68-4369-8366-14F3884CF82A,0,12:31.9,12:31.9,A846534,A846534,0,C928035A-065F-42FE-B336-FDDF8889E914
6A1457D3-5960-4AA7-B8D4-14FF8596B53A,19,12:31.9,12:31.9,A846534,A846534,0,31A61F8D-6800-43C2-908A-A198B2B5CE93
F6A314E5-C37B-4421-A73A-1517E6642E80,28,32:50.8,32:50.8,A846534,A846534,0,32AC5F8B-88B7-42F1-B245-2CB9DA88CD13
F7B67826-D49E-4F0D-A847-1518ECE56EE2,0,54:25.7,54:25.7,A846534,A846534,0,BF90511D-46F6-4A24-8436-65521EE2E5A9
2789E15E-F0D5-4B08-B1A5-15457C9B542D,0,54:25.7,54:25.7,A846534,A846534,0,74092B0D-C207-4EDE-B3C6-89D471D8A0CF
12813A5E-4A09-4857-929F-154B23FF5805,0,32:50.8,32:50.8,A846534,A846534,0,FE43E2C4-8978-40DE-90E5-95CEE640886F
C35DCD50-AEC1-4339-A482-1550E16CE135,0,56:58.0,56:58.0,AETH\A393668,AETH\A393668,0,1AC7F6B0-4587-4ED6-925D-6CD55A4083CC
FBF35BE3-9E60-44AB-B2A1-1553C36A33C0,9,12:31.9,12:31.9,A846534,A846534,0,8E10592A-E9EE-431F-ADB4-F91C2EE99E0A
0E83CDE5-3E49-4FF9-B47C-155A16E63D7B,0,12:31.9,12:31.9,A846534,A846534,0,5D368D43-7BE1-401F-B7AA-0ACE9C8DEFA1
46EA125F-11AB-4C43-86EB-1562A4F0D6F0,62.4,56:58.0,56:58.0,AETH\A393668,AETH\A393668,0,2BFBBB59-C598-44F2-96B7-A13743B32E29
E4ABA7AB-8892-4EBE-B3EE-15920BC51613,31,03:43.0,03:43.0,A846534,A846534,0,5763BAA3-8364-4082-8821-38753ADBCDA9
86D53240-49D2-4CB4-8095-159C9150C55A,66,32:50.8,32:50.8,A846534,A846534,0,345C922B-7177-4F77-9C52-7C76ABBDCB00
DF1C4891-DC7D-4A69-8A12-15A0331FD0BD,0,56:58.0,56:58.0,AETH\A393668,AETH\A393668,0,6C865CF5-A9DF-4C48-96D3-DE2749E32757
1E25E893-0064-4790-ABF9-15A11A8BE1C1,0,52:33.9,52:33.9,AETH\A393668,AETH\A393668,0,64612A79-1ECA-4C0B-9688-79E9C45EF19D
2997137C-77C0-45E9-8CA7-15C45F8B8D13,0,56:58.0,56:58.0,AETH\A393668,AETH\A393668,0,019F4549-99F4-45EC-902A-0B035B8FC8FE
D3E27686-5F02-49B5-8B2E-15EADD4D6BCC,0,32:50.8,32:50.8,A846534,A846534,0,B9484D63-C7CF-4F14-8C87-A0752792C05E
54F3EA73-5E58-4012-81D4-15FB59CCD10C,0,32:50.8,32:50.8,A846534,A846534,0,624B9AA9-70C6-4CBE-8364-AA4B1B903739
61CBE2DA-2BD3-4EEB-987B-15FD5A4C2B9B,0,52:33.9,52:33.9,AETH\A393668,AETH\A393668,0,6A16154C-BC93-4101-BC39-F5CD10E9AFBF
5BCC014A-58C4-4B15-BEA0-16003A63B2A9,29,12:31.9,12:31.9,A846534,A846534,0,8A1B688B-DF2C-44B9-BB64-C6F46267DF04
14EF85FD-0774-40AD-968E-160EBA97C6B1,0,15:20.5,15:20.5,AETH\N270372,AETH\N270372,NULL,DE39065D-543B-4DA6-8764-0DA1204A571D
70C330E2-83A1-4ABF-8C32-161E4210AF7D,0,56:58.0,56:58.0,AETH\A393668,AETH\A393668,0,B68E0E01-4E91-4791-ACBF-98FCFB470F76
E375BDFC-5374-4CEA-8677-1627DA464D46,104.1,03:43.0,03:43.0,A846534,A846534,0,18AA1E8A-BEF3-4336-BD84-06170E29EF4F
78E204A9-EC2C-44DE-B0F5-162BF08BF30A,40,12:31.9,12:31.9,A846534,A846534,0,6C5B08FD-2FBD-4E9C-B8AD-6F16882F5191
7DD74CD0-6A53-4F05-B790-16314140C3E8,0,12:31.9,12:31.9,A846534,A846534,0,83271853-6066-40AE-A4BC-E60C4313C3A1
B674BB7A-3F32-427E-82C9-16373DC0C8BF,97.4,54:25.7,54:25.7,A846534,A846534,0,407D10EB-477D-43F1-A80F-CFCAD3AB9D52
D6363FCF-565C-47D8-9113-163965B07F33,0,32:50.8,32:50.8,A846534,A846534,0,CB0B9183-B898-4B9A-97A9-3438DEB088DA
29133316-C47F-4686-96B8-163B20D16806,0,03:43.0,03:43.0,A846534,A846534,0,25C81FBD-398D-41B5-9FFC-2E4EC9DEEA2F
D4CA575F-B766-41BE-B134-165034976F97,0,52:33.9,52:33.9,AETH\A393668,AETH\A393668,0,0E6BD487-F237-4280-8A2A-EA9BD28E5579
ED1B9F1D-B348-455E-BF75-1663F3308067,0,32:50.8,32:50.8,A846534,A846534,0,4BE35E06-E2F1-4EE1-BE55-1C36365FDBB9
F20353F1-ECFD-4C55-83ED-166D4EEB6BD4,7.2,56:58.0,56:58.0,AETH\A393668,AETH\A393668,0,498EFFFE-143A-4936-86F8-0B7B7B998F35
A142C825-0157-4F0D-911B-167C9A1A7F4A,42,12:31.9,12:31.9,A846534,A846534,0,3CA57815-97A2-409F-B7C7-9B238064346B
F1EBD9E1-D1C7-4016-A3B3-1696D2FE1390,35,56:58.0,56:58.0,AETH\A393668,AETH\A393668,0,8F54AEF0-F6B6-4399-AF7D-D4EFCEA53E3B
C2C8D90B-8A23-4200-957F-16ADEAD30A1C,0,03:43.0,03:43.0,A846534,A846534,0,7A90B59E-BCE7-47C4-B358-4FA9BF7336A0
A16C9A28-AB74-4A55-A2CD-16C581FD8D63,63,54:25.7,54:25.7,A846534,A846534,0,4BD43E90-AE33-4E0F-A249-F0B08F8A70AB
7B6487DD-88AB-46B7-A054-16C634CDE2DC,0,54:25.7,54:25.7,A846534,A846534,0,7B261B59-780E-4DCB-AB81-AB54B16FAD6C
D42D77F9-D18B-4886-902B-16DD36BC3604,0,32:50.8,32:50.8,A846534,A846534,0,E9851AB2-9AA3-4912-9901-543B3601BA75
35F6CEEC-578F-4FF0-9A3F-1705DC7BF09B,23,03:43.0,03:43.0,A846534,A846534,0,5D3C1921-B483-43EC-85BB-F120E1AD645F
F38A7DD4-1277-49D9-8AD2-1707FF00546A,0,32:50.8,32:50.8,A846534,A846534,0,CAE5FD51-96CE-4565-A5B2-EDEDCA370369
1CD07E54-0D6B-40EE-AF0E-171EF52610A2,50,03:43.0,03:43.0,A846534,A846534,0,4CB25249-A429-4D84-99CD-F067E4D58364
F7942F7A-8664-4FBC-BBFA-172D5685CDB0,0,52:33.9,52:33.9,AETH\A393668,AETH\A393668,0,C924A16A-030F-45A7-ABBA-A2472A9ED27D
2A63D902-7A7D-4935-A64C-1A6B654D97BD,90,56:58.0,56:58.0,AETH\A393668,AETH\A393668,0,2F0CAA0C-E1EE-4425-B3BE-0F649EFC59A6
EF16AF22-BA9D-48EF-BB1C-1A79D097153D,0,15:20.6,15:20.6,AETH\N270372,AETH\N270372,NULL,C841F492-8453-47B6-A6B3-90D08C420F44
857FBCF2-FC30-4F18-BAB2-1A7BF796CCEB,0,52:33.9,52:33.9,AETH\A393668,AETH\A393668,0,8A33645F-BEFC-4069-9252-98CD185E1458
E6A3CE34-BD74-41FC-A6DD-1A7FEDF04E44,84,32:50.8,32:50.8,A846534,A846534,0,60D90557-0527-4555-8556-7C5650BAD0F0
2C63AF22-E739-41E4-8C2F-1A9D51945084,0,12:31.9,12:31.9,A846534,A846534,0,71D961D2-3C48-4D72-8009-89F4F218ED65
CC932648-717E-4347-86D6-1AB30CC3B0A8,0,15:20.6,15:20.6,AETH\N270372,AETH\N270372,NULL,F80DA364-0F4A-491A-A413-E0FD8F9E9274
F264D2BE-5468-4952-9C86-1AC31DC132E4,0,12:31.9,12:31.9,A846534,A846534,0,612B8FE1-D35A-463B-9363-73DB6170CD74
873005F4-B7E2-481A-9C78-1AD7D45F285D,0,12:31.9,12:31.9,A846534,A846534,0,7AC79B20-3081-495C-B28A-F0D22CDDA58D
72FA7D09-3D7D-4AC2-823E-1AE15C408CE0,0,56:58.0,56:58.0,AETH\A393668,AETH\A393668,0,24E1C848-310B-4624-B9EB-A1A58A6AEC5E
168460E9-3AF2-462D-B1C4-1AE34D632543,7.2,15:20.6,15:20.6,AETH\N270372,AETH\N270372,NULL,0283583D-A995-42A0-BD47-94D218281FDB
24D18A7D-B20E-441D-8AAB-1AE4C9D6D5AB,0,56:58.0,56:58.0,AETH\A393668,AETH\A393668,0,A1D3310F-E3D6-49DA-B807-000F8F22C775
A277B5C7-E330-40D5-BAE2-1AEA933D06B5,0,54:25.7,54:25.7,A846534,A846534,0,C765968C-3186-4F14-BC31-DDEF05D51EAC
05F5F6CF-DD9F-4F3A-B587-1B086C556E0D,101,52:33.9,52:33.9,AETH\A393668,AETH\A393668,0,2E6F90F3-54ED-4266-8AF8-0DDCB2151BF1
D750E830-2E07-4AC4-98BD-1B178FED5027,23.3,15:20.6,15:20.6,AETH\N270372,AETH\N270372,NULL,58E93DD7-DDDD-4E05-8B67-CF6DE1A60EC9
C703D135-250F-4B81-A3B8-1B207B64298B,15,32:50.8,32:50.8,A846534,A846534,0,5D51295D-EBF5-4271-8974-F374067CC717
BF43EC79-A751-417F-B813-1B2138DCBB0A,0,15:20.6,15:20.6,AETH\N270372,AETH\N270372,NULL,BD4C3CF8-6E8E-40D7-B74A-0A8AD9561722
9EED423E-1F2C-4679-8325-1B2440A90AFB,0,54:25.7,54:25.7,A846534,A846534,0,1B0FEE8D-F3CD-413C-AA65-ED7353B43FD7
595BE242-9431-4C73-8463-1B40E233087E,0,32:50.8,32:50.8,A846534,A846534,0,35409F82-3D5A-4F30-B7C4-EC35BD139C4B
03BCE659-540F-4927-B157-1B430FC13E27,48,56:58.0,56:58.0,AETH\A393668,AETH\A393668,0,7D610EAB-7BCE-4E13-8B41-FB3D4F9C7DE9
85339C24-B304-4DB2-9CDF-1B4ABA6F284D,0,03:43.0,03:43.0,A846534,A846534,0,50EB6AE6-E99C-4CD2-80D3-34295A75D6BF
48784000-EBCC-4715-946A-1B6B91DCA565,0,56:58.0,56:58.0,AETH\A393668,AETH\A393668,0,BDA04201-3462-4487-93DB-EC7AF9716A00
CFA0F608-D9C0-4985-840E-1B72CED954E8,0,54:25.7,54:25.7,A846534,A846534,0,57FD68D1-10DE-4719-B77B-B94A13EE8E22
BC7948BC-D225-4CD8-BBD0-1B9C6F8170C9,0,15:20.6,15:20.6,AETH\N270372,AETH\N270372,NULL,19A8F6A2-D6C8-4CE2-A607-D4467DF749E3
36F5407D-2350-4F4A-8F95-1BADFFA45001,0,54:25.7,54:25.7,A846534,A846534,0,9740C4F3-9235-43A7-BB5C-C5951E6A79D3
653A88F0-F6E6-45E9-A662-1BBBEE69A43A,0,52:33.9,52:33.9,AETH\A393668,AETH\A393668,0,C1F3101D-888C-485F-BFD4-BB4427C5E363
EA6BE7A3-F736-4E54-B632-1BBE1397A40C,0,15:20.6,15:20.6,AETH\N270372,AETH\N270372,NULL,3A8C23BB-5EA3-4C17-8A79-09E1BDF8437B
09AA98F1-CD54-4BAD-9F9B-1BCD3E77F918,0,32:50.8,32:50.8,A846534,A846534,0,DD739631-4866-4BAF-8833-2A18FF8D112F
F53A100D-D7C1-4128-AAFF-1BCD951A0751,0,12:31.9,12:31.9,A846534,A846534,0,04926F48-12A9-4F30-B046-050953C30FEE
9DA55CED-7B5B-41F6-88AC-1BD2809FAACB,0,03:43.0,03:43.0,A846534,A846534,0,C842999E-4216-44F9-8ACE-81283D65721E
92C8816F-EA75-433B-A147-1BD323EF86C0,37,52:33.9,52:33.9,AETH\A393668,AETH\A393668,0,EB3E51AF-62B5-48FE-A7F8-08CFC2528744
50966569-C7FD-4C90-9F86-1BD94DE05CFE,0,56:58.0,56:58.0,AETH\A393668,AETH\A393668,0,948C335B-BE27-415F-8518-FC832E0B67F6
5711CA93-F29B-4A2F-BFC5-1BEE22364023,67,32:50.8,32:50.8,A846534,A846534,0,8DFDCD94-8A56-43AC-9599-A6C60EC4A08D
37E24990-1177-4293-9A1C-1BF10F9A44BA,0,54:25.7,54:25.7,A846534,A846534,0,8A1DF2B0-EDF1-4185-9554-71AA4456A5A9
E90BCFC8-A58C-4313-935A-1BF76CFBB4FA,0,54:25.7,54:25.7,A846534,A846534,0,44D1DE9F-9D93-4D68-941B-6E8AA36F781A
16FC5F81-FF12-4D5F-B192-1BF9CC93C259,0,52:33.9,52:33.9,AETH\A393668,AETH\A393668,0,C00189DF-ACC5-4DBE-B71D-52764470076A
71578422-C8C4-442C-953B-1C136F3A60A9,10.7,03:43.0,03:43.0,A846534,A846534,0,E6082371-7EAC-4CCD-8411-E6EB96474D9B
A0A15A0F-CA71-476E-AD75-1C2D7CD035F1,21,15:20.6,15:20.6,AETH\N270372,AETH\N270372,NULL,F8BEFCA9-82CE-4732-A632-33CFAD68E5AA
FF31C41D-A866-4580-8D66-1C3D307CD8F6,0,12:31.9,12:31.9,A846534,A846534,0,BBC55763-89FC-4E34-96F5-B88914E99BF2
D95B4A08-09BB-4E3D-A683-1C4952A54A53,77.1,52:33.9,52:33.9,AETH\A393668,AETH\A393668,0,48843EDD-7BE1-4EC7-ABFA-BE68992C8BF6
4C87DAEC-D122-453C-A619-1C70276DBC6D,0,54:25.7,54:25.7,A846534,A846534,0,519BD3F2-EA6C-4496-84A7-654653CD7AA7
D913D056-3D9A-4B67-817B-1CAFD3356718,75.9,52:33.9,52:33.9,AETH\A393668,AETH\A393668,0,5A0E3F48-F684-488D-8E41-F263D24B22FC
2816CB68-FC70-4337-B6D0-1CE56DE8D013,89,12:31.9,12:31.9,A846534,A846534,0,7BFDCDA5-B107-4ED3-8840-D1293E7E84FE
EE02BE22-B17F-4B30-BA89-1CE7BB0EF6DD,70.5,52:33.9,52:33.9,AETH\A393668,AETH\A393668,0,047CF9DB-C918-4830-B4B3-C7F6D57A4163
CA1B7D01-9453-460C-8630-1CED28975B04,69,03:43.0,03:43.0,A846534,A846534,0,957F513B-030E-4971-8C4A-A0878B532FEA
2DBBE93B-E149-4CC5-B782-1CED57026E89,73.2,52:33.9,52:33.9,AETH\A393668,AETH\A393668,0,D63A5731-27F1-4B1E-9CB9-AC91CE302208
623E6DA6-8F1C-48B7-B428-1D0216FDCC45,0,52:33.9,52:33.9,AETH\A393668,AETH\A393668,0,D50B9DD8-5816-444C-AE77-8576D4A21F87
EEBC1175-1169-46A2-9EEE-1D079B940E97,20,03:43.0,03:43.0,A846534,A846534,0,CAC1A38E-E794-42FA-84D9-CE02F396DA7C
63758BC9-FED5-4D4C-8C26-1D0D269CC3B8,0,54:25.7,54:25.7,A846534,A846534,0,16314FA6-2DE2-4333-90DD-E8AEF53F4601
2587422E-7CEA-48AC-B4D3-1D15347DD404,0,54:25.7,54:25.7,A846534,A846534,0,30FF6DE5-F562-40E8-8037-9E9FC7CEBB67
9A0E50A6-986C-48C3-83CF-1D166D7C878C,0,15:20.6,15:20.6,AETH\N270372,AETH\N270372,NULL,0D90945F-8A4F-44E8-8E6B-C77A2485D5F8
7725F9F6-74AB-4230-A002-1D375D5D1EBE,35,03:43.0,03:43.0,A846534,A846534,0,4F47B150-DAD2-412C-84D7-360A46C94253
A877F511-055C-4E6D-8D46-1D3CCD8C228A,0,12:31.9,12:31.9,A846534,A846534,0,30CBA682-D7CA-478A-BACC-A53030309BFF
927907C9-C947-4842-A8BD-1D404F3730AB,0,12:31.9,12:31.9,A846534,A846534,0,807E26C7-5FE3-4B66-AACC-FCC96AEF56AE
6A475E61-33B0-43C9-9D59-1D44F116F24F,96,56:58.0,56:58.0,AETH\A393668,AETH\A393668,0,16D79B70-6748-4DC7-BF7D-75B087B67622
92B936C4-6363-4C92-859E-1D4D01129125,0,56:58.0,56:58.0,AETH\A393668,AETH\A393668,0,E6719F69-F02D-4304-B3DD-01E64007C71A
E13919BB-8F06-4A5F-9892-1D5840372E81,0,03:43.0,03:43.0,A846534,A846534,0,001B5927-DBD0-4DB2-AFD9-38C256172B65
8DF29AB3-8F37-4734-9628-1D6983A46A2E,0,03:43.0,03:43.0,A846534,A846534,0,008B700E-AE98-4981-AC45-042DCFF805D7
0159A490-F8E6-42F8-A3C4-1D6B27016C74,0,54:25.7,54:25.7,A846534,A846534,0,EF36ACF7-44F8-45B0-B5C0-63DCBA933DB1
BDDBFA60-40F9-4010-BCFE-1D6EA57489D0,0,54:25.7,54:25.7,A846534,A846534,0,03F410DE-0379-433B-B56E-9B77E3E2C81E
F65E5503-9CDE-481B-9833-1D7E8068EC6B,0,56:58.0,56:58.0,AETH\A393668,AETH\A393668,0,888B68CE-339F-40C6-AFC5-6251F7910CDB
E3B881F7-04F4-4077-B755-1D879464E1C6,32.7,54:25.7,54:25.7,A846534,A846534,0,08A949E3-12C3-4B75-A17B-1A7BB264E6F9
5C95560A-81A2-4AA9-8B14-1DA10ED7DC33,0,54:25.7,54:25.7,A846534,A846534,0,6D83F676-0612-4D45-AA4B-2E7A60378A62
77FDE53D-9DCA-480F-96A7-1DA33A0DE065,9,12:31.9,12:31.9,A846534,A846534,0,FB97A13A-6724-4DA9-A611-56F786E694FA
B8A0456B-C855-4720-869A-1DAB7EE81BEC,0,56:58.0,56:58.0,AETH\A393668,AETH\A393668,0,3AA67B62-62F0-4BA6-8B96-AC30AF324E7E
D6E09E6F-4C03-42E9-8940-1DB0C1E9C8BE,0,52:33.9,52:33.9,AETH\A393668,AETH\A393668,0,4535C205-A47F-45AA-9047-7E60E289C21E
7A55DED6-181B-49E0-AF25-1DBFE5E86885,85.9,03:43.0,03:43.0,A846534,A846534,0,B9D651F8-5AFC-465E-9C06-B29DE2D01023
7FE46FB8-9410-46F3-99DD-1DC219D14367,6.9,56:58.0,56:58.0,AETH\A393668,AETH\A393668,0,69F0CC5D-25E1-43F2-A6EB-B3701BF9BE5D
1B6F31E3-02C8-4B57-B5A3-1DE87719E9FA,0,56:58.0,56:58.0,AETH\A393668,AETH\A393668,0,FACD0F88-54F0-4987-A734-818D37E3F0B8
1C6B3412-28CD-4DE8-B46C-1DEC4AB74212,0,15:20.6,15:20.6,AETH\N270372,AETH\N270372,NULL,7B5AE701-B640-44D5-8D4D-3A7EB20E9F5A
5BFBE1C9-549D-41FE-A783-1E011251CC86,7.3,15:20.6,15:20.6,AETH\N270372,AETH\N270372,NULL,27B3DA42-75C8-4370-8AA1-FFE115D9FAD3
C1D90E2C-CBCB-46DC-80D7-1E02EA8AC28E,32,56:58.0,56:58.0,AETH\A393668,AETH\A393668,0,0F76F30A-27C6-43A9-9238-9A7FA50BFBD9
BB8C72F6-4131-486E-BC26-1E0BD5A41735,0,12:31.9,12:31.9,A846534,A846534,0,010DD11B-5862-4BF0-842E-78D41F1E6CEA
3364D879-EDC8-4CE3-96C8-1E0FEA0A2086,52,54:25.7,54:25.7,A846534,A846534,0,764F2851-2FD6-491F-911D-97BEB820E71F
AF683A45-DDC6-4268-A625-229A267E223D,0,03:43.0,03:43.0,A846534,A846534,0,DEE3B5BF-7141-452B-8BB9-C8B5B394920B
E1F5C601-8794-4832-81CD-22B8834A595E,134,32:50.8,32:50.8,A846534,A846534,0,E0F8F3F9-F5FE-4493-84D4-A057AE2D3010
2AC38579-5113-49A2-B4BA-22C4052706FD,14.6,03:43.0,03:43.0,A846534,A846534,0,08F180C2-DE57-4D3A-9304-23EE05B18B9B
1536CAAB-B0F2-43E2-A5E6-22CA675457C4,0,52:33.9,52:33.9,AETH\A393668,AETH\A393668,0,D55F0C04-ED44-4387-81EE-C2F9007C30B3
73781384-8892-47B6-BDC0-22CC69C1FB1C,79,15:20.6,15:20.6,AETH\N270372,AETH\N270372,NULL,D62F8BDB-46C3-4A6C-B97F-7C3DB6E40E52
56319C56-60F9-48B6-9B17-22D1F7D21A07,0,54:25.7,54:25.7,A846534,A846534,0,A6512152-C403-4EA0-809E-3D0168AB1FE7
F37A9A16-588E-43E7-B892-22DE72C164FA,81,32:50.8,32:50.8,A846534,A846534,0,EFCDBEAC-ABA2-4D1D-8545-37EDD8BB5C2A
5525C5AB-60D8-4E88-9C57-22E059171902,0,12:31.9,12:31.9,A846534,A846534,0,23F8FD05-CE51-4DE5-9434-C8358136BC79
05086F0A-D5EC-4B36-990B-22F2B23566D7,6.5,32:50.8,32:50.8,A846534,A846534,0,49E1EB67-9353-4766-9F0A-A9C1BA9515C4
E03307AC-2316-45B8-B023-22F61A4068EE,0,56:58.0,56:58.0,AETH\A393668,AETH\A393668,0,F51A6CA0-83F6-4292-A658-AC31D6C6CE44
49E08572-3BC4-491F-B445-22FEC0D1E610,0,54:25.7,54:25.7,A846534,A846534,0,CDBBB563-7AAA-4A84-AC87-D6095EEB4925
4A7F558E-90FA-442E-99F6-23100E07BB60,0,52:33.9,52:33.9,AETH\A393668,AETH\A393668,0,CB0A4807-CA78-42C7-8B7C-AF4B69FB0D5F
9ED0A296-0B2B-4B72-8D5E-2336D2405982,35.4,56:58.0,56:58.0,AETH\A393668,AETH\A393668,0,28D3E27B-2282-4219-AEFE-6F3605AE0AA8
83943526-1D14-4595-862B-23386DEFD09E,87,03:43.0,03:43.0,A846534,A846534,0,F2590C53-DB00-4A6D-A587-F92329C68047
22608E22-CA98-440A-B9BD-2339D556CF8B,0,52:33.9,52:33.9,AETH\A393668,AETH\A393668,0,EABCF986-44C2-40BD-B4CE-C52883EB7213
F066CA3A-D6E0-4480-832A-234151D1E663,0,52:33.9,52:33.9,AETH\A393668,AETH\A393668,0,62985643-2C80-445E-B8C9-2AC72C15FBE7
02CB42B6-CFDC-4C15-99C4-234989774193,0,03:43.0,03:43.0,A846534,A846534,0,308FC1D9-6974-4702-BBED-AA567BF7085C
49F0D644-783E-40B5-8EC6-234AF491E736,0,32:50.8,32:50.8,A846534,A846534,0,59128494-47B6-47BD-B095-4434134E46C0
04725C58-A2C7-415B-A7E7-234B44E2CAA8,49.7,15:20.6,15:20.6,AETH\N270372,AETH\N270372,NULL,22A8C6EA-D91F-46B1-9DA8-79B9D22664B5
1B557095-91D1-48B1-BBC7-2365019603EA,24,03:43.0,03:43.0,A846534,A846534,0,3C486B2C-A4DF-42D0-84C3-EE4FBC4F02D0
8D60EB4C-5521-4281-BBA5-236F779C8B69,0,03:43.0,03:43.0,A846534,A846534,0,83984A9D-7F21-41EC-A32E-26B921DE5973
8D02B701-6366-4B7A-99D8-23838ADC7A1E,0,15:20.6,15:20.6,AETH\N270372,AETH\N270372,NULL,3BE4819C-3CC6-40DD-AA4F-86A476EA12E7
492BC0FC-04C3-4727-BB01-23ACAAE98A29,0,32:50.8,32:50.8,A846534,A846534,0,01A8CEE9-C26D-424D-92B0-86E1A5047AB9
5554469A-6B4B-4737-9620-23B6ACE18B7E,47,32:50.8,32:50.8,A846534,A846534,0,DD0E68F7-0867-4EA8-8384-88563493398E
B477055B-EC2A-4CA2-89A7-23C06AD26525,0,54:25.7,54:25.7,A846534,A846534,0,5256FC0E-34CA-4FD9-95D5-57EF27019AF6
36171224-305E-4FB2-B873-23C477725F0D,75,32:50.8,32:50.8,A846534,A846534,0,F9ECF590-F239-42FE-BBA0-A6985E75D682
847A79D5-E28D-45E0-8F41-23C56B7DBE19,0,15:20.6,15:20.6,AETH\N270372,AETH\N270372,NULL,577691CA-4C10-452A-B731-C3A2B20F7566
83CE629A-79EB-4440-8563-23CDB9C31EE5,76,12:31.9,12:31.9,A846534,A846534,0,A15EB8DE-550A-4582-8E9E-64B285D17FB4
809B8743-6EE6-4825-AD8E-23CDD2F761F5,0,54:25.7,54:25.7,A846534,A846534,0,DE11C3DD-C6EF-4C21-A994-8D2FA234F5D1
D1C64A75-8D6D-43B2-B108-23D850DB1A4E,147,52:33.9,52:33.9,AETH\A393668,AETH\A393668,0,6300683A-D323-410F-9FF2-9A315AD1CD92
CEC5D30F-99B2-4D91-AA9F-23F1273440B0,100,15:20.6,15:20.6,AETH\N270372,AETH\N270372,NULL,CB737CC6-7BA3-4ACA-BCA8-51DC7BFCBD31
9B15A371-3486-4F66-8777-24059D26C2AB,0,32:50.8,32:50.8,A846534,A846534,0,ED783FDC-57C2-4A62-92F6-9E1CDE5C7872
97D33BE7-A652-45B2-B2A0-24117ED50329,0,54:25.7,54:25.7,A846534,A846534,0,582A075B-A965-4965-AA71-AE87AA697255
ABF6EDB9-142E-456E-A61D-24428E832C93,0,56:58.0,56:58.0,AETH\A393668,AETH\A393668,0,3DEF596F-3B1A-4D59-A994-E49230EC531C
DE27D915-0863-415B-A97B-244383CCF3D5,7.5,56:58.0,56:58.0,AETH\A393668,AETH\A393668,0,37EA7674-D03B-4605-B016-0B372C1C2290
FCF28E7C-A76C-49F4-B6E2-245F35FF1962,0,52:33.9,52:33.9,AETH\A393668,AETH\A393668,0,462A63F2-2371-44F0-B67B-27B115156EF2
A9F08964-9BE2-4766-8D46-245F59E03FDC,0,12:31.9,12:31.9,A846534,A846534,0,ABF891C9-BA9C-483A-855E-F5F608FD2F66
FE5115AE-7135-4110-B4E1-24648FDC061B,23.5,12:31.9,12:31.9,A846534,A846534,0,608EEAF4-DA22-467D-A36E-AE1C63FDD6EB
BF02D473-0A05-454A-BBDD-246497169FBA,93,15:20.6,15:20.6,AETH\N270372,AETH\N270372,NULL,1CF4E573-0948-499C-933E-534306DDA5C4
9D9E4605-DDAA-4168-B6A5-248BAED3F77A,50,56:58.0,56:58.0,AETH\A393668,AETH\A393668,0,1202DEFC-B4BA-4ED9-9336-0B5B7B0385E1
1583FFE7-6525-4C09-BF4C-24B8FE0BAB73,0,56:58.0,56:58.0,AETH\A393668,AETH\A393668,0,A4321938-9D0F-4F12-A9F3-1F635FC98D3E
689385DF-B040-4430-8567-24CA5FBCE689,0,54:25.7,54:25.7,A846534,A846534,0,8F1ED655-A92F-47BE-80CA-92BEC4636149
D83F2FBC-EE0B-4561-BEE8-24D3676B97B0,57,03:43.0,03:43.0,A846534,A846534,0,37A71744-5B01-4CD3-B2F4-10CC295809EB
8E31BC5C-FAEE-4B9F-AF5C-24ED3F8AA1BE,0,03:43.0,03:43.0,A846534,A846534,0,D98FE8FD-5A24-470B-B8AC-AE8444B108B7
932265BD-0D99-438C-8311-251DCC6F626F,0,12:31.9,12:31.9,A846534,A846534,0,911A43F1-D0B7-424A-A658-88F32A6F9CF2
54B6D9DF-7EB2-4DDD-B2C9-25239A4D2649,0,32:50.8,32:50.8,A846534,A846534,0,00D51D9B-5D21-4D4A-BA45-3D9F41F05005
8C3F04C0-22AA-4B54-9B07-252BE66D0A6C,57,32:50.8,32:50.8,A846534,A846534,0,81AE2180-28F0-4566-8C63-A40DCD9B61E9
48AEE3AD-A1AA-4F0F-AA26-2532B277269D,0,12:31.9,12:31.9,A846534,A846534,0,9D44471A-A8A6-4877-8CEA-4A8B955013EB
AA49AF45-AA09-4ACF-AB96-2534C09C4459,0,54:25.7,54:25.7,A846534,A846534,0,1FE2B274-FAC6-42AD-ADB5-EFF84E0B5080
89671D48-AD6A-4C42-81FF-253B1FF8BFAE,19,32:50.8,32:50.8,A846534,A846534,0,FF80570C-54A9-47A1-8611-BAA25BFB2AB0
66D81948-E2B7-43E1-9495-254666D211AB,0,54:25.7,54:25.7,A846534,A846534,0,2E601919-993D-4EFA-A443-3386EA2A7ACC
2FB66E8F-2548-46F0-8821-2548EF50A6F8,69.7,56:58.0,56:58.0,AETH\A393668,AETH\A393668,0,4C4E71AE-4DFB-40AE-954C-64F8AE45BFBD
62AFA59F-320F-42C9-97AF-254C1F934C8E,32,52:33.9,52:33.9,AETH\A393668,AETH\A393668,0,3E21571A-0EB7-47E9-8AC5-67DD4D1E672E
9DA5CB5C-7D27-4611-805B-2554EE9A6AA1,0,12:31.9,12:31.9,A846534,A846534,0,6ADBC10A-7CCE-486C-9D5E-09D6F68EEA2D
411D6A51-863B-4F3B-9240-255683B1666A,0,12:31.9,12:31.9,A846534,A846534,0,5E1239A3-A093-4CB9-9CE7-94B3F66A5CFD
E45B9640-EC99-4DA7-987E-2569010440A2,0,15:20.6,15:20.6,AETH\N270372,AETH\N270372,NULL,45DE9B1A-B9E3-4FBF-AB9B-80B86ED2C5B4
9FB10520-17EC-4A39-BB36-2576541CD193,19.7,03:43.0,03:43.0,A846534,A846534,0,E358E5F2-57E0-4B24-87AB-52D3B8B8DFAE
E5B0E26F-0709-4E5E-BEDA-257D199DE892,0,12:31.9,12:31.9,A846534,A846534,0,F7DAD35D-A8AB-454E-B43F-40C543D48A1C
7BDD4106-EB93-4243-84E5-2581671E6581,0,54:25.7,54:25.7,A846534,A846534,0,33792DC6-645F-4EB9-98A7-166456A767F7
66766C80-88E4-4BD1-96FB-258302AB3825,0,52:33.9,52:33.9,AETH\A393668,AETH\A393668,0,382E9D82-74C1-4D7F-A6BE-645A57DAA8CD
398D85F8-E845-4A74-9085-2595557DB943,0,03:43.0,03:43.0,A846534,A846534,0,D9692DC2-B511-4925-ABBF-3B85FBCCDB2C
8B9D203F-0063-4632-BF89-25B0180D2896,0,56:58.0,56:58.0,AETH\A393668,AETH\A393668,0,0A4D2EBF-BF4A-4B24-8555-865C0CC518AA
0217A336-8AEB-4BA4-847D-25C825AEBFAE,0,54:25.7,54:25.7,A846534,A846534,0,4E94381F-EC76-4664-8297-006DC4493586
70269F35-68EC-4C8B-A6D4-25CF487C729C,0,03:43.0,03:43.0,A846534,A846534,0,3B9A4E81-173E-47FE-916A-F9A28DB35517
6E98D526-988E-4A1E-BD9F-2622332DAA57,58.5,15:20.6,15:20.6,AETH\N270372,AETH\N270372,NULL,10DFE00C-2FD1-4021-9E5D-782B695470C5
F4C76A04-B8D2-4ECB-9D00-2631EA953661,0,12:31.9,12:31.9,A846534,A846534,0,96B93E7A-9716-4B68-AB2D-1338E5E443EE
C06F12E3-2C93-4579-B561-2632121321EE,67,52:33.9,52:33.9,AETH\A393668,AETH\A393668,0,69FC7588-6715-41D9-B1AA-D28108D86EED
5D01BAE3-50CF-4D85-A894-264187EB66CC,0,54:25.7,54:25.7,A846534,A846534,0,ABB56D66-0C6D-43AE-8B96-0DF55B40B9DD
4E1F5E03-1BA9-416E-BD23-264727A5BAF3,0,12:31.9,12:31.9,A846534,A846534,0,419707CC-A9BA-42E2-B545-61F894BDF4E6
DE5AD697-8DCA-4C03-9C27-26473AF9535B,70.1,52:33.9,52:33.9,AETH\A393668,AETH\A393668,0,BDCD11A1-6D15-49EE-A929-4D1E728CFBE1
92AAE7AD-7FEF-4DE3-B8C5-26517397087B,32,56:58.0,56:58.0,AETH\A393668,AETH\A393668,0,367E40E9-3E23-4647-874D-3155CFB13242
2D45A797-37F8-4D4E-BF89-265C6C7A7544,0,32:50.8,32:50.8,A846534,A846534,0,DA80A876-B67C-4958-BE2B-CE41F81216E9
8A4D4A3B-90AA-4D78-8EE3-2662DB35C9DF,0,54:25.7,54:25.7,A846534,A846534,0,17ED51C0-F725-4165-832D-631C6C827CED
0FA13B22-9AA0-43F6-B529-2664479030B0,0,32:50.8,32:50.8,A846534,A846534,0,92C3E55A-00B2-4D17-8607-AB37DFAB07A4
C061BB61-8F9E-4448-B02D-26BCEAA23D7B,54.8,56:58.0,56:58.0,AETH\A393668,AETH\A393668,0,019106FE-5222-4E5C-8937-269BFF3F7F10
00EF297D-DBC9-4221-92D8-26BD6A26A729,0,15:20.6,15:20.6,AETH\N270372,AETH\N270372,NULL,76DDC83E-016A-4D35-BAD4-42E5086ED9E3
8F3DF5D8-D88B-4952-8C66-26CA29B7E01F,29,54:25.7,54:25.7,A846534,A846534,0,1C2683D7-87A1-4982-8087-70FC7D912508
090794ED-95D0-401E-9174-26CAFDDFAD09,0,12:31.9,12:31.9,A846534,A846534,0,6422A523-77D8-4918-ADCC-35BC34F5DDD2
73FA7485-3A29-4D74-879B-26CCD324CF34,0,03:43.0,03:43.0,A846534,A846534,0,508890B1-6439-440D-B5DF-25AEA6D6DF24
9BA93CCB-7083-4FEB-8E7E-26D1DE5E4F96,75,15:20.6,15:20.6,AETH\N270372,AETH\N270372,NULL,2E32EE1B-5C58-4745-94F7-724A6F41CAF4
2E2E23BF-41A7-4B06-9931-26D25021D5B0,47,56:58.0,56:58.0,AETH\A393668,AETH\A393668,0,BCBD45B9-DDD2-4881-90D2-068E1A7D3D06
FB738056-0E7D-4757-A120-26D45899A45E,0,03:43.0,03:43.0,A846534,A846534,0,82555BF2-0B7B-49EA-B73F-D30D67954AE5
75970840-8903-4E58-8622-2B1A51B0835B,0,15:20.7,15:20.7,AETH\N270372,AETH\N270372,NULL,596D3F5C-FDB2-4901-913A-CFD756A48109
16261B6F-CDCE-4440-8FB8-2B1AB71D00A2,0,52:33.9,52:33.9,AETH\A393668,AETH\A393668,0,8BEBB392-8AD9-4102-A25B-B5F9E03C1CCA
D3C5FE26-4030-416B-9B7E-2B2FAB9F0B7F,0,54:25.7,54:25.7,A846534,A846534,0,741215AC-A864-43E0-ADED-042B4BCB7223
6BED51FA-C9B2-4E09-91C0-2B3237EE0EDF,23,52:33.9,52:33.9,AETH\A393668,AETH\A393668,0,2574E400-CEDA-422A-930F-9EB728462CC5
3B6BD1A8-9F9A-4174-BECF-2B4BBF7A3243,0,12:31.9,12:31.9,A846534,A846534,0,9E31B195-80D8-418D-B24B-8F9CC17572E7
311796FB-7DBB-41DD-8BF1-2B59879917E1,105.1,54:25.7,54:25.7,A846534,A846534,0,0ECB08BE-2D13-4D77-AF23-A7D1675DF3DD
38E48F46-B20C-47B8-A83D-2B6B734FAEFF,0,56:58.0,56:58.0,AETH\A393668,AETH\A393668,0,4B1D741E-0270-4D40-8526-C8B21954E2CF
C838B1F3-E537-4D07-97FB-2B796A367AC5,0,56:58.0,56:58.0,AETH\A393668,AETH\A393668,0,9E0FAB2E-3D66-4F70-ACF3-AF08CEB279E5
141D55C0-0347-492F-9475-2B803735EDA8,0,15:20.7,15:20.7,AETH\N270372,AETH\N270372,NULL,00916753-8083-4A5F-9803-BB5C144470BD
353B2E3C-EF5B-41D1-AC15-2B98071EE48B,20,03:43.0,03:43.0,A846534,A846534,0,186CB135-5686-463F-A6C5-4AC55C90F5D2
F3411E81-59F2-4501-8E22-2BBBB9741B3B,0,12:31.9,12:31.9,A846534,A846534,0,BA5EB38A-D2BB-4BCC-850E-6482459FD711
8E15822A-0265-4ECE-AA46-2BC20D357D38,0,03:43.0,03:43.0,A846534,A846534,0,75EADD04-B616-448A-865D-14D4CB491F6B
7144D2F5-835D-4A89-A450-2BC3E5D4C228,0,03:43.0,03:43.0,A846534,A846534,0,971197B7-2B2F-4100-A823-4BC9CDDEC467
17C18ABE-6AA6-4251-A52F-2BC91C19CDB8,0,12:31.9,12:31.9,A846534,A846534,0,2BD0C5D6-115C-4DA7-9DDE-841443457186
2075AAB0-83C6-4DAE-A83F-2BE48B20C607,71,54:25.7,54:25.7,A846534,A846534,0,64FEC4F0-B440-426E-8CB8-823279DF4F3C
E278F1D4-44CD-4DD9-979B-2BE7790E48B0,0,56:58.0,56:58.0,AETH\A393668,AETH\A393668,0,93489A6A-E95E-4B24-8DA6-E05402C8F2C2
73B3178E-5E0D-46FB-91EE-2C022FE26168,0,32:50.8,32:50.8,A846534,A846534,0,8E5E2107-29B2-4AA6-954C-1CF19A5045AC
301A17F2-5329-4935-B7A9-2C232CD1ACB6,0,03:43.0,03:43.0,A846534,A846534,0,D6250D55-07E0-4257-95EB-34EAFB8B25C7
864937E0-6FFA-4C6C-BB18-2C3471A5922F,6,54:25.7,54:25.7,A846534,A846534,0,D00B292A-5DE9-4137-91EB-09B9FAFBA112
26A84F96-48C9-42FF-8490-2C377101FF49,0,15:20.7,15:20.7,AETH\N270372,AETH\N270372,NULL,A0F712EC-3CBC-4797-811F-C1E259B8044F
D6AA90FA-68C1-45FF-B5B2-2C3F2F9DFE99,17.8,12:31.9,12:31.9,A846534,A846534,0,C787DEDE-DC0A-477F-B716-29939CE43DF6
58E2E2CA-EED2-4FE0-8A4C-2C442F6FC023,0,52:33.9,52:33.9,AETH\A393668,AETH\A393668,0,DB6435D5-9510-47FC-8937-46FD4AC14D40
C2BF5CF0-3CE7-498E-A79E-2C7DF8B62F42,0,03:43.0,03:43.0,A846534,A846534,0,E7ABF2D7-7246-4795-B434-20B533267987
2279E2DE-06F7-4025-8DFB-2CBEF930812A,25,03:43.0,03:43.0,A846534,A846534,0,098DCFD6-2516-4A80-B24E-0034284D3E50
08057850-210E-4BE4-B0A3-2CCAD939DD8B,7.2,15:20.7,15:20.7,AETH\N270372,AETH\N270372,NULL,C76CFF9A-97F3-418F-9E5F-2FDB791343CD
2F393D86-00ED-4094-98CB-2CD91FCD9DB2,0,15:20.7,15:20.7,AETH\N270372,AETH\N270372,NULL,13300952-ED36-4E3C-B51A-732A83CB58E8
07BD065F-AB61-4173-A121-2CECDF0BE06C,0,03:43.0,03:43.0,A846534,A846534,0,34CD222B-5186-41C0-AA22-749FD2774BB9
05C4215D-39B4-4004-A392-2D05BABB7A74,0,54:25.7,54:25.7,A846534,A846534,0,846BFD3C-E330-4264-8146-91DDBC824B59
BFC8D768-352F-4A4E-9ECD-2D0AE285AD2E,24.3,15:20.7,15:20.7,AETH\N270372,AETH\N270372,NULL,D0F6C0CC-2BED-4358-8A9C-E0102F23EC91
9436A3DA-8F0A-402F-88B3-2D16761853FC,7.3,15:20.7,15:20.7,AETH\N270372,AETH\N270372,NULL,AD85A958-DB77-4117-8CE1-6E2DDD02CC45
AF7BA771-1BE7-4354-B8AB-2D344E0E35A8,0,52:33.9,52:33.9,AETH\A393668,AETH\A393668,0,2DEB8FD2-BB75-4D62-B54F-89188D273C34
5463DD8E-F503-473E-825F-2D3B96CE5A3F,0,54:25.7,54:25.7,A846534,A846534,0,7432B713-7FA8-46F9-B19A-93EBAF2AE318
07A0AECD-C8C7-468E-90C4-2D3F1145261F,0,32:50.8,32:50.8,A846534,A846534,0,FCD87255-E0C8-45AE-A906-55C936528D29
2979BC41-7C8A-4B2F-BF53-2D8703A8F745,0,52:33.9,52:33.9,AETH\A393668,AETH\A393668,0,7EB52B8B-220B-40B5-91BB-DCF5EDD28734
F8DCAB50-B2F9-440F-A53F-2DA47EC65135,0,12:31.9,12:31.9,A846534,A846534,0,658F2828-81E0-480C-91C4-364161B72B0B
00A96F83-94C9-40D3-96D7-2DB3EFD58C80,15,54:25.7,54:25.7,A846534,A846534,0,54D078D4-DFFB-4BE2-8F5F-53C17709EE1A
572F710F-8C71-4757-8C1C-2DBB8EAD003C,0,56:58.0,56:58.0,AETH\A393668,AETH\A393668,0,92C9CBFE-6FF4-4C21-A1D5-FD13E387A036
74421A71-F7DB-457C-AF22-2DBDA40C3982,25.2,03:43.0,03:43.0,A846534,A846534,0,33390873-2901-48AE-8313-D70DF7918FC0
5CDECEDE-0114-4797-9920-2DBF83E23E6B,0,12:31.9,12:31.9,A846534,A846534,0,9BF38409-7E0B-4176-B459-BEAD346D0D63
89D9CB89-0337-4E71-AAF3-2DC54D513CB1,0,52:33.9,52:33.9,AETH\A393668,AETH\A393668,0,571E23DB-8759-40E7-8715-E7F5EFB795AF
8C609760-A407-4D28-89B4-2DE1F0402FF4,0,15:20.7,15:20.7,AETH\N270372,AETH\N270372,NULL,0E2C1C72-3347-4FDE-944E-22E3668DED01
06F170CD-0FC1-460C-B6C7-2DF78E4B5A7E,33,12:31.9,12:31.9,A846534,A846534,0,EFA0C88E-1C3E-4ED1-8B1B-D913636FA25B
8D5D113B-9072-422C-9B6E-2E0C5371380B,0,32:50.8,32:50.8,A846534,A846534,0,F9837BC9-B47A-4C62-BCE5-DADB6B562794
9980D783-377E-413E-AAD5-2E1BB0E0678C,0,12:31.9,12:31.9,A846534,A846534,0,BB865D79-9FCB-4374-8BA3-62638F76A575
77FC7A08-1A7D-406D-BDB2-2E265BB0E482,32,15:20.7,15:20.7,AETH\N270372,AETH\N270372,NULL,24ABF060-4F76-4E11-A525-A8E1114070FA
B9C99FB5-E753-4404-9790-2E2D62164FAA,0,32:50.8,32:50.8,A846534,A846534,0,1AC119AC-C9D7-4364-AB58-C4380372E185
050954A3-DB93-40A5-99A1-2E2E88A6E0D0,28,32:50.8,32:50.8,A846534,A846534,0,40E9E732-E7D7-4086-AC1D-9CDE147529D0
9FEE79CF-9A7B-4278-9CB8-2E32A787F414,0,52:33.9,52:33.9,AETH\A393668,AETH\A393668,0,BF7EC3AC-052A-4AE2-BA90-CCB116479017
0E095AD1-5340-4E46-A582-2E3D3E60E2A6,0,52:33.9,52:33.9,AETH\A393668,AETH\A393668,0,616FDB5B-71E2-4F7B-953D-AC5ADFE2693D
E2778E9F-951B-4EA1-8D9C-2E4A89078451,142,32:50.8,32:50.8,A846534,A846534,0,5EBFD8C8-6A19-4961-AB03-BC068F32F3BE
8EE15157-06B9-431F-95AF-2E5BB5A8491D,0,54:25.7,54:25.7,A846534,A846534,0,E33D6065-ABF6-4548-94E0-7B20E711AE99
17D99222-D307-485D-A3F2-2E5CAA352018,0,54:25.7,54:25.7,A846534,A846534,0,09DA27E5-9AF1-49B2-96BC-F72750ACFAC0
92B063B0-F078-4606-8617-2E6097A5FACE,0,15:20.7,15:20.7,AETH\N270372,AETH\N270372,NULL,053CB123-5945-4966-B77A-1EE2EAE2EE16
D3409839-0249-4741-976C-2E70B01E7365,0,54:25.7,54:25.7,A846534,A846534,0,06900EF8-C129-449D-8C7A-2A0896F42DDC
F94AB9A5-91D6-40FB-A62C-2E723B152E85,9.9,03:43.0,03:43.0,A846534,A846534,0,728F6DA2-40E1-4F71-BAA4-8D3B57EBC378
DB24F7B0-C598-4E86-B401-2E7FCCA1252A,0,12:31.9,12:31.9,A846534,A846534,0,BEB6D278-A42E-4565-88F0-7A0C99D2A55E
0A14594E-23DE-4507-898C-2E88C289CDC5,0,54:25.7,54:25.7,A846534,A846534,0,31828545-6F14-483F-BCFF-2B55CE1752D0
E3968EB4-3DD7-46D4-9461-2E8B80589ABA,0,12:31.9,12:31.9,A846534,A846534,0,7D894AF9-186D-4A1C-8992-1A3D880C22D8
24FD6CF2-1E82-41C8-86FE-2E9B2F51A1B0,0,56:58.0,56:58.0,AETH\A393668,AETH\A393668,0,F05347D9-53B6-470B-B82F-5A983007DCE8
B935406F-7190-4C61-BDD8-2EAA4221F566,22.8,32:50.8,32:50.8,A846534,A846534,0,38FD56A7-2965-4B9B-A523-2FB57218F2F1
36F8ED94-4D29-4EB2-A87E-2EBF614BEBD7,0,32:50.8,32:50.8,A846534,A846534,0,0ACD9B20-844C-4A3D-8B08-2FD3314A8717
19C4B511-158A-48F8-98AC-2ED05FE1D7F8,0,52:33.9,52:33.9,AETH\A393668,AETH\A393668,0,1787213F-B576-42A5-A3C0-70AF8D26FC13
51CDA0EC-7F61-4C8D-93F6-2EED057AF13C,0,32:50.8,32:50.8,A846534,A846534,0,CCD80D2A-540C-42E8-AF9F-649E8E3563E7
0747A49A-67D3-411F-AF42-2F11C573BD01,103.4,03:43.0,03:43.0,A846534,A846534,0,2A78EDDA-828B-428D-9CBD-48BC47EA4152
3B3584B0-4A84-46A3-A70D-2F1B5733E0E3,0,12:31.9,12:31.9,A846534,A846534,0,F39675DB-74B2-4C41-B88D-3F0B4499CC68
DB60B5D3-E377-43FE-8C41-2F208B9495F1,48.4,32:50.8,32:50.8,A846534,A846534,0,4B57A59D-A794-4207-AE5C-9B0D6650F397
DAAE489B-E00A-4CAE-AE38-2F2FF87C67D6,0,54:25.7,54:25.7,A846534,A846534,0,0E2F68AA-BD39-4974-9535-4AFDBFD3B90D
05450A1B-949F-486A-9D41-2F3C53B61EFE,0,52:33.9,52:33.9,AETH\A393668,AETH\A393668,0,8CAE59C7-7FED-4742-8383-099044AEA6CE
EECB8594-C881-4E2B-99A0-2F48251C1D2D,0,56:58.0,56:58.0,AETH\A393668,AETH\A393668,0,A0AF0CDB-F052-4846-BB84-7C8395C8D615
CC21D28B-8127-4D0E-8C4D-2F650CC47D85,0,03:43.0,03:43.0,A846534,A846534,0,35AD55F9-1575-4953-8ED3-519CBB993B62
04A4B87D-A9F9-409A-8CA0-2F77939E33F4,0,15:20.7,15:20.7,AETH\N270372,AETH\N270372,NULL,597FCD68-0B75-4521-9E90-489E68F4DFEE
757504E7-BC5D-41E9-8D69-2F7F0669D8FD,120,52:33.9,52:33.9,AETH\A393668,AETH\A393668,0,B3350154-F53D-4012-A3C0-DCEBD2BE1542
7CDAA2BE-1BA8-4182-8D1D-2F7F7642A1DF,29,03:43.0,03:43.0,A846534,A846534,0,1CD268ED-A221-46C3-BD64-F9D6DFB662E5
82FC028C-65D3-4463-B2AF-2F836781E220,0,56:58.0,56:58.0,AETH\A393668,AETH\A393668,0,D4D2BD49-E2B1-468F-854E-6831FEA45003
F90B114F-6400-4F62-AC5C-3349335A70FE,0,52:33.9,52:33.9,AETH\A393668,AETH\A393668,0,C66AB2A5-6A9D-406E-8ACA-F1C49FBB3C35
0208D871-3920-44A3-AA24-336EEEE49F01,0,52:33.9,52:33.9,AETH\A393668,AETH\A393668,0,55FA99DB-1A73-413C-9FB3-97845AB0541B
D092EF82-9326-4BE1-9DEA-337449E1F34D,63,52:33.9,52:33.9,AETH\A393668,AETH\A393668,0,6C29D9BD-FC4E-4832-A63F-339DB4F81210
775C90B1-EDA4-4A31-9E30-338C4B10EC5E,34,15:20.7,15:20.7,AETH\N270372,AETH\N270372,NULL,F728F197-3D14-4C4D-B6A7-C5B3275F7FDC
9E3C331C-1AA0-4CCD-9164-3397B7B7987D,0,12:31.9,12:31.9,A846534,A846534,0,B3273BB2-2BD0-434D-BF1F-AAC4AC9D3FCF
555E8A6E-D169-4A2B-B352-33A725271FA8,0,56:58.0,56:58.0,AETH\A393668,AETH\A393668,0,58DCA7A4-235C-424F-8F76-6B4920629085
FE8C7B4B-826D-4696-BEE8-33B56A5645A4,90.2,54:25.7,54:25.7,A846534,A846534,0,8F6CF620-FBBF-40B6-BACB-17E7A88385C8
DCA5F102-D887-4037-9270-33B924D588D4,0,15:20.7,15:20.7,AETH\N270372,AETH\N270372,NULL,434AA284-BC28-4B12-81B5-C964528DEDB2
04459F35-49DE-4086-8F94-33C90ED0A72B,5.4,52:33.9,52:33.9,AETH\A393668,AETH\A393668,0,A98D5171-EE54-477D-9F32-42AB1E80190F
ACAA397B-C1E1-4DFA-8084-33CCAFA27C73,66,12:31.9,12:31.9,A846534,A846534,0,BC41574F-CEDB-4F83-AD82-2820593CF6A7
70AE151B-2101-4DE6-BA7E-33D5D179A63F,23.5,32:50.8,32:50.8,A846534,A846534,0,8147EA8A-591C-4E03-8DE3-2BC69D87FC1B
472E0930-44ED-4FD0-97D9-33F80B6B9504,0,56:58.0,56:58.0,AETH\A393668,AETH\A393668,0,BD171AC4-CD10-4E74-8A05-9F5F5265BDAC
1EB9D33B-1114-417E-8541-33FF9BB8F20F,32,15:20.7,15:20.7,AETH\N270372,AETH\N270372,NULL,59C87389-3E9D-423F-90B1-FE3CF7C4B5C9
26C5A7C0-47D5-4576-A643-34022FC8F8BF,0,52:33.9,52:33.9,AETH\A393668,AETH\A393668,0,B610AAB2-5D4D-4C5D-9E9D-7EC383B753E7
7B5501A0-9929-49B1-A171-340C9933BDFF,0,32:50.8,32:50.8,A846534,A846534,0,1EC6685F-A8B5-4DB4-9196-C687BEF6B614
6DF12B10-A526-46EB-89F8-3422AB8F3C43,0,15:20.7,15:20.7,AETH\N270372,AETH\N270372,NULL,A96D41BA-F9B6-4B79-8ACE-A490D0F4C7C4
627746F7-3AE0-4C37-9FB0-3443C674928B,0,15:20.7,15:20.7,AETH\N270372,AETH\N270372,NULL,028EA406-2EE3-4816-8BC1-7674ECD44BF7
E564ACB6-8A79-4261-9AE7-345115E3BACB,4.8,54:25.7,54:25.7,A846534,A846534,0,85E8E5C6-6EC2-4715-B415-97D8CCCD11DA
7AB6A62F-200A-4E6D-B99F-346D01CC1B16,0,15:20.7,15:20.7,AETH\N270372,AETH\N270372,NULL,82506992-ED62-4C4D-A643-56187ACE6353
E0E1AAA1-C1E4-4568-9658-346DB78BFEEC,36.4,12:31.9,12:31.9,A846534,A846534,0,AE61A445-A270-4894-B45E-F3952B72D898
AB5B2C94-7E21-4DB9-B682-347A6E066B43,0,12:31.9,12:31.9,A846534,A846534,0,35F96078-3FA8-4A12-9EB5-64D1D34A3FDD
7258D11C-63D9-42A5-A6E4-348F14216979,0,32:50.8,32:50.8,A846534,A846534,0,B8896F22-8E7D-4027-8FC4-72690F04AD6A
45ACBB69-30B5-416C-B8CA-349CF3B69492,0,56:58.0,56:58.0,AETH\A393668,AETH\A393668,0,19DE6A02-78B2-4A52-AAFA-D5BF736C1126
E09EFAC6-8705-4347-A77D-349E33118DB9,0,52:33.9,52:33.9,AETH\A393668,AETH\A393668,0,7F34FB93-FDF0-4D40-8D83-188C433A7AD0
8C22548A-E108-479E-AA70-34A16667C2CD,0,54:25.7,54:25.7,A846534,A846534,0,9D940EC1-1334-4421-BA47-60647AFA1689
F72EE694-C205-44C5-BE34-34A19724AAA0,14,32:50.8,32:50.8,A846534,A846534,0,4AC3523D-0887-4B42-9B19-8D346AD68E48
BF337AAA-DE78-4B36-8030-34AF1F8E1A34,0,15:20.7,15:20.7,AETH\N270372,AETH\N270372,NULL,C4163EED-4B06-4C52-8A45-101748B7F414
29CC428C-4FA0-4F94-AD55-34D187DB38EC,5.8,52:33.9,52:33.9,AETH\A393668,AETH\A393668,0,922E3B14-3A22-4D1F-B5C0-BEA669A77BDF
DDA0E8CA-3D9D-498F-94A7-34D6B56C0642,0,52:33.9,52:33.9,AETH\A393668,AETH\A393668,0,2A2E515D-B40B-4D32-9ED6-4AEEBECF5E0F
6EFEB22F-B9F6-483B-9F6C-34DEF7D016E4,0,12:31.9,12:31.9,A846534,A846534,0,CC19C798-9541-498F-9151-4177C2F96E7B
8206EB41-698B-4FF5-8DD9-3501F8667AD2,0,03:43.0,03:43.0,A846534,A846534,0,75C57067-6AA0-479E-B574-C59A20A34FBD
F4A8A8D6-D44B-4AA1-A8DF-3509927BB250,0,32:50.8,32:50.8,A846534,A846534,0,444504BF-E2F8-49CD-B06C-DBFA2C40C128
21976DC8-0267-4F4E-A470-35119CB0D982,0,12:31.9,12:31.9,A846534,A846534,0,6DE0AE0E-AF73-4CAF-91CA-151C768EC4F5
153B7D27-6470-48B0-8C8A-3512B0E32D91,0,03:43.0,03:43.0,A846534,A846534,0,229748BB-1DA1-401A-8185-89C474EA42A5
CF8CBE3D-F06A-4869-A74E-3516E5E18B1B,0,56:58.0,56:58.0,AETH\A393668,AETH\A393668,0,D0DF79E4-7006-495E-8ED9-9A0DBF2993A4
EEF5C825-3711-463B-A15B-3535C2B6FA49,47.4,32:50.8,32:50.8,A846534,A846534,0,53C74BEE-AAD7-4C7E-8122-5941B2E24A28
88AD33FC-5906-4736-940F-3536F205936E,49,32:50.8,32:50.8,A846534,A846534,0,C4638433-C2A9-496A-86EB-9E347145D183
FBC02CEF-87E7-44FD-836C-353C05379E22,0,03:43.0,03:43.0,A846534,A846534,0,7DC816F5-7D61-49AF-9E7C-DBB4BF6587E7
011FDAD1-D84F-442B-9C20-3567A7A192BA,36.4,54:25.7,54:25.7,A846534,A846534,0,3DDF6F3E-460A-4B58-9FE2-41C678D39086
0C82E7D9-C577-45E5-B42A-356E5CB7E271,0,03:43.0,03:43.0,A846534,A846534,0,57377909-341E-4956-8EB3-EC39435C6D18
ECE4ECE2-A91F-490D-B42D-357EEF97E062,15,56:58.0,56:58.0,AETH\A393668,AETH\A393668,0,BDE891E1-8445-4059-A1CC-06DDF551499A
01B07801-C501-418B-8AE5-35A20A0FAA15,0,12:31.9,12:31.9,A846534,A846534,0,B8DEDD9E-5815-4850-A623-6837E670CE1F
E03A3E1A-CB43-40CB-85CC-35A47FB93DE1,0,03:43.0,03:43.0,A846534,A846534,0,EC1C109B-5279-45D5-B729-8B98353307E0
D4A083CB-4E94-424D-B366-35A6ACAAE528,29.7,54:25.7,54:25.7,A846534,A846534,0,7F5B7DD9-B867-40A0-9F87-6F3A9E587BDC
0A6C0524-82B4-432E-BB44-35AF3CE22409,0,54:25.7,54:25.7,A846534,A846534,0,AEF9B525-E156-4EDB-854E-4A0E41C574E4
E8E4F23B-8B38-4D0E-9DD8-35BF859C5A9D,0,12:31.9,12:31.9,A846534,A846534,0,DE614C5E-D295-4AFF-AF87-AB97E3294E9F
A478E2D2-D1C1-4CB1-A2DC-35C635DE6392,0,52:33.9,52:33.9,AETH\A393668,AETH\A393668,0,37139215-64EC-4290-B3CC-D990781B4C9F
A5D2A890-FAD5-491F-82E4-35CEA1F15BAE,157,32:50.8,32:50.8,A846534,A846534,0,DD328842-7232-47EC-894A-A9FA027D4E47
54961580-DB02-44A8-91FC-35D8311CA58F,44.7,54:25.7,54:25.7,A846534,A846534,0,8B0EB48A-4945-4ECA-ABD3-F84D48F0AB62
89736579-8F8C-48D9-BF6E-35E20C9610A8,19,15:20.7,15:20.7,AETH\N270372,AETH\N270372,NULL,74E49844-B59C-4662-836A-2177302EE358
98AD76EE-398F-4A91-81D6-35F1FBFC8CFE,31,12:31.9,12:31.9,A846534,A846534,0,5E7CB5E8-589E-44FE-8A1D-58C1366D0618
49960D28-5FAB-4D3E-A845-35F7436C6AAB,60,54:25.7,54:25.7,A846534,A846534,0,CCF6F671-909D-4C82-AD38-6B5CF2159EAD
F8365F70-F9E3-435F-BD75-35FF26B96654,0,56:58.0,56:58.0,AETH\A393668,AETH\A393668,0,45003324-87A2-4CCF-A83D-E7C5BE1B89FB
24F419F7-E310-4C4F-B720-36020F0EB414,0,54:25.7,54:25.7,A846534,A846534,0,600E3C44-C79D-4730-8F3C-EE2BE52F0D85
5644D646-F8D5-4F6E-BF69-3604723DDCC0,0,12:31.9,12:31.9,A846534,A846534,0,B97A2406-DF85-44F3-AEE7-F56FCB343686
6AF348EA-FB26-48CB-AD5A-3605C71DC439,0,54:25.7,54:25.7,A846534,A846534,0,9B5C80B7-A025-41BE-91DF-CE16066C8132
FD0A1FBD-96D3-4A20-B846-360BC0ED9A38,45.8,56:58.0,56:58.0,AETH\A393668,AETH\A393668,0,45E6E29A-EFF2-40DD-A552-37D7737A6655
1CABDE47-7343-4866-BF21-360E7E12CFAA,0,52:33.9,52:33.9,AETH\A393668,AETH\A393668,0,4F0B0604-9B7C-4990-83CB-9D196B3E0640
36D7424B-DD18-477F-AC0A-3614EFF56045,0,12:31.9,12:31.9,A846534,A846534,0,189447BF-479F-4088-AF07-82CF0A95CFD6
CCB18253-9274-475B-8B2D-362CA38F2D80,0,56:58.0,56:58.0,AETH\A393668,AETH\A393668,0,D947328F-299A-4242-9D9A-6B66CF5D527C
67A244DF-DFC9-400A-81AA-362EB81D7AEB,0,15:20.7,15:20.7,AETH\N270372,AETH\N270372,NULL,0F30F55D-2211-485F-9AEB-1DE7258A2117
E68A883D-E29E-4C09-846C-363E93DB5373,0,12:31.9,12:31.9,A846534,A846534,0,46577820-6D55-496E-9505-8A2BB70DCCB6
949E8E1D-26CC-48B4-B4F4-3649B5E3D405,29,12:31.9,12:31.9,A846534,A846534,0,1D463BEB-C4FD-4B9F-BDBB-6728D9C92FEB
965FF496-9A25-4163-A5B1-36521F3F9E0F,22.7,54:25.7,54:25.7,A846534,A846534,0,ADCB92E2-8BC1-4B45-B8B8-50122ADE406C
27E6B69C-FF45-4A51-B046-365CF9039105,0,03:43.0,03:43.0,A846534,A846534,0,F542B832-473B-4C8F-A879-FA47FFB137EB
639ACB03-ACA3-48C4-9240-365D0499A4A5,0,52:33.9,52:33.9,AETH\A393668,AETH\A393668,0,6C008BAB-97AA-424B-B7B4-F9D071F140B5
D5C51DFB-F615-4C2E-B65D-365F70187486,100,15:20.7,15:20.7,AETH\N270372,AETH\N270372,NULL,12A3ED46-BEC5-418A-BC5E-39ABFD12C0A8
81A29699-7803-4E35-99BC-366A7B462734,23,03:43.0,03:43.0,A846534,A846534,0,EEA1C88A-ADAB-435A-9E04-AF474A50554F
802B34DE-6A9C-4DA5-88F6-36867B173241,28,56:58.0,56:58.0,AETH\A393668,AETH\A393668,0,CF5E3188-8496-4A3C-A113-F46683FF54AC
4F7E1376-7B46-49D1-B7FD-3691578EE12B,0,52:33.9,52:33.9,AETH\A393668,AETH\A393668,0,797AE321-AC1D-4FCA-90FA-212A3CDC77FC
893C5BAC-247E-4693-A088-36AB024CED9A,8.8,52:33.9,52:33.9,AETH\A393668,AETH\A393668,0,97763762-D0C6-47B8-9AB5-64FB537E2508
1310BF84-B4C7-4B7B-A329-36B2699FBA5D,0,15:20.7,15:20.7,AETH\N270372,AETH\N270372,NULL,CD25EFC2-5A86-44B1-872D-443422C09073
0214713E-0525-4CBE-B531-36B3353E2E16,29,03:43.0,03:43.0,A846534,A846534,0,8A389CFE-0745-44A3-AC14-454DD0F159D3
0F1C2AB9-3A04-4F5F-91A1-36C3A6ED6685,15,12:31.9,12:31.9,A846534,A846534,0,9B32AFAF-D1EF-4638-864C-DF855A6B8C01
D52F2130-A038-4B9A-841F-36DC10ED2241,0,52:33.9,52:33.9,AETH\A393668,AETH\A393668,0,E26D13B5-11A0-4BBC-9AE8-E459DD0BAE7D
4600E19A-21EB-4A62-9B57-36E1DFC4EC83,0,52:33.9,52:33.9,AETH\A393668,AETH\A393668,0,5FE1E0B5-5872-4B73-A839-D3CFD69D12FD
5F674FB1-237F-49D0-9848-36E75F860EBB,0,12:31.9,12:31.9,A846534,A846534,0,ABD081BF-0452-4D32-BCA5-9FB3210EB606
4AA32126-FF4C-4935-8EC4-36EF560518C5,0,32:50.8,32:50.8,A846534,A846534,0,DDA6B499-87FD-4A99-9C83-5EE919D836D1
5756FFA3-1AE0-40D0-9788-36F137A48A1F,1.4,12:31.9,12:31.9,A846534,A846534,0,C37B6225-A799-489D-9F06-81495F1C7157
7581718C-F070-46D1-BFF3-36F7D2929732,0,52:33.9,52:33.9,AETH\A393668,AETH\A393668,0,03566804-B4BF-4DBC-AD10-40B9DF0F6D2B
DD25E0CE-F8AB-496B-8CB0-3AAC7EA475C8,0,52:33.9,52:33.9,AETH\A393668,AETH\A393668,0,CF40304E-15E6-4399-9047-4C5182333A5F
9E326D31-5155-4365-93CA-3AB631711A0B,0,15:20.8,15:20.8,AETH\N270372,AETH\N270372,NULL,5078236A-8515-4245-B336-F614B2257E04
FBC2D9E7-3923-400F-A2BD-3AC02502C0FE,0,32:50.8,32:50.8,A846534,A846534,0,9BACD268-354C-48E9-8AEE-78B104E9BF15
E8C50A67-33C5-40DB-8C99-3AC159AE21DE,0,12:31.9,12:31.9,A846534,A846534,0,6180FD0D-F752-438E-8E18-261DA3CE3C6A
514AE1E4-BB85-4BB7-8CDC-3AC99F961466,0,15:20.8,15:20.8,AETH\N270372,AETH\N270372,NULL,8CC987BB-1C19-48FC-A931-3D498DF5019C
6DCE1DAA-72C3-42D5-A293-3AD7AF0342C3,0,03:43.0,03:43.0,A846534,A846534,0,B294D4DB-66E5-4FD8-830F-FF093A8A0283
07B67223-829A-41F7-A94E-3ADD932EEE1D,22.9,15:20.8,15:20.8,AETH\N270372,AETH\N270372,NULL,624798BC-0672-461B-8761-459B48A243E3
0646CA5A-D04B-45B1-A873-3AE5FC34A185,0,03:43.0,03:43.0,A846534,A846534,0,69D60F57-F376-4C4C-BCD9-FFD44450CC0B
FF20DFF9-53D6-4577-89E7-3AF8D17C9EC4,0,03:43.0,03:43.0,A846534,A846534,0,A9FEE9F4-5A21-4B15-B51B-DA0D3F6A2376
CB03CBF4-DCD3-41A1-9D3E-3B2ACB9DE4FE,0,52:33.9,52:33.9,AETH\A393668,AETH\A393668,0,59C0D2DE-EF55-4BEA-B811-B9E3AF510D2A
1F9B39F8-635C-4058-89EA-3B3660E939A3,0,32:50.8,32:50.8,A846534,A846534,0,A8C1BE05-29BB-4D81-8004-0F42825F0BFD
0C031FF1-9B3A-4825-B5EC-3B5DAD6224B9,76,12:31.9,12:31.9,A846534,A846534,0,0275541C-D83A-4530-B33E-A41D406CE9A7
C195CD5E-FAD3-4D9F-944D-3B61A7AD71F0,0,54:25.7,54:25.7,A846534,A846534,0,F4138CCB-8C11-4144-B67C-2B969A908369
D0D90CFB-2824-4859-853E-3B65B12E2CE8,0,52:33.9,52:33.9,AETH\A393668,AETH\A393668,0,8DCAADDA-A996-49B6-BB72-A4AF9C7F5D16
768E05A6-DE4F-43F7-86E1-3B6954EA9323,0,15:20.8,15:20.8,AETH\N270372,AETH\N270372,NULL,64DFE9A9-45F5-4CAF-8264-61BE4A1FDC4D
1F2B2552-D6A5-422B-B0A0-3B6AB9B8BB06,0,52:33.9,52:33.9,AETH\A393668,AETH\A393668,0,0E91A036-354F-4E7C-A522-DBFA474FA85B
55CC4255-F5F3-432F-97CA-3B715F7B88B1,0,32:50.8,32:50.8,A846534,A846534,0,0D4EE5B6-C33E-439A-BC64-D169F465BAD7
C66E6CD8-75D4-4E50-BB03-3B7A4C0A3EBA,103.2,03:43.0,03:43.0,A846534,A846534,0,72FB615B-7D16-41A6-9259-F21656212E71
D98438A2-1697-4F07-B846-3B7D1B952CE4,0,32:50.8,32:50.8,A846534,A846534,0,A0083593-1DC0-428D-9C08-42DF34EF33B6
E7AA933B-B6AE-49D2-B317-3B80F03D23CE,7.6,12:31.9,12:31.9,A846534,A846534,0,9B73C74A-3DAC-4E88-BBC2-1E505BFB4215
572FF879-9D50-4DE5-80E9-3BAFC9E6BE6F,0,54:25.7,54:25.7,A846534,A846534,0,A9625AF3-B664-4E3A-AA44-D160C9F83FD9
D9857D56-D9BE-4B10-9159-3BB9CB0E4A85,0,15:20.8,15:20.8,AETH\N270372,AETH\N270372,NULL,FCFA53BF-B782-45CA-B7D7-98BB826AB1CD
65E1FEB4-94B0-4CAB-BC6A-3BC8D8A7CF3E,0,56:58.0,56:58.0,AETH\A393668,AETH\A393668,0,FAFE5618-2003-468D-94D4-07F15C2F21B6
A0DF283E-3436-436A-8073-3BD217B5DD4F,0,32:50.8,32:50.8,A846534,A846534,0,860EBEC0-8AB0-41BA-A75A-872E72E28FF2
24A4127D-7ED3-4659-AD7D-3C2A95C9027B,0,03:43.0,03:43.0,A846534,A846534,0,DDF17643-1160-4935-A247-85E92A11069B
B3F105F1-6F31-4161-9CB6-3C3B9E821A6D,0,15:20.8,15:20.8,AETH\N270372,AETH\N270372,NULL,0C83F183-7373-4184-B7E7-F845F23AFDE5
BFF134CE-FED9-4415-BE7B-3C4F507C97D3,0,52:33.9,52:33.9,AETH\A393668,AETH\A393668,0,1A86C566-F3D1-41D2-B0CC-72D29ABB7C12
25A561A5-F85D-40C2-91A3-3C53413E2EF6,0,12:31.9,12:31.9,A846534,A846534,0,F6BC939E-4D0C-47C9-AE57-B7C1990D8309
BFBB8888-463B-4EDA-9088-3C56204A0B8D,72,32:50.8,32:50.8,A846534,A846534,0,68A996D7-6B5F-4022-BD53-77DB0314CAF3
615B98E8-3146-425E-9C79-3C5663896AE2,0,15:20.8,15:20.8,AETH\N270372,AETH\N270372,NULL,2B986408-62A0-4668-A4A5-CB8EC67F1E9D
DCD6375E-F548-47C2-A96A-3C65478FF735,22,15:20.8,15:20.8,AETH\N270372,AETH\N270372,NULL,68554DF3-BB19-4967-B010-127D2D10803A
E44F5724-02AA-4E47-A654-3C67A9F7DA43,0,03:43.0,03:43.0,A846534,A846534,0,35D1E9CB-E1D5-4977-A51C-FD3403CC4DD3
3181B65E-70F4-4651-9709-3C77989960F0,0,12:31.9,12:31.9,A846534,A846534,0,19348AFF-A5E9-4DC5-A5E2-2923C4F47360
0D744BA5-63DC-4A63-9FBA-3C7A1F7CEC9D,0,12:31.9,12:31.9,A846534,A846534,0,57A156B1-B476-4498-821D-46D851A8C6A0
DA09C0E2-2E1E-4407-B1A7-3C7A4F2C891F,0,32:50.8,32:50.8,A846534,A846534,0,E727F40F-5D1B-4753-B2E9-B90558A6FA65
C8A98278-7DEC-4F1A-9ACE-3C8139FD749A,0,15:20.8,15:20.8,AETH\N270372,AETH\N270372,NULL,2E25D9D2-191F-4548-AE2F-574720E9E9B6
17657C64-407A-4461-B5BC-3C833419FEB8,46,32:50.8,32:50.8,A846534,A846534,0,E231EE8E-80E1-4104-80DB-0435F1A979FE
1F6EB4A7-1B8A-462D-B638-3C85480874FB,0,15:20.8,15:20.8,AETH\N270372,AETH\N270372,NULL,2FBD4B17-D6F4-4040-B6A9-FB5109212619
167BAF51-F28A-49B9-B398-3C88D07FEF4D,0,56:58.0,56:58.0,AETH\A393668,AETH\A393668,0,E251551E-1FC4-4075-AC01-FA0E9FC7567F
BC740255-432D-43CA-B32D-3CA9EC423318,30.6,52:33.9,52:33.9,AETH\A393668,AETH\A393668,0,219DBBBD-C0FF-4660-A3C0-25CB213AC7CA
8F87D8C1-5926-4A1C-98D8-3CAE2B796EF9,44.4,12:31.9,12:31.9,A846534,A846534,0,4BCE3FDF-6992-45B4-B0F7-DA4F38B97695
CE5B78FE-9F43-451D-86DE-3CB2B5278F1A,0,32:50.8,32:50.8,A846534,A846534,0,F7F698A9-7342-4926-993D-9BC95857C343
4AE6D925-B645-4D32-B079-3CCACE73AB7E,0,52:33.9,52:33.9,AETH\A393668,AETH\A393668,0,818345D5-6976-4BA7-BACF-4861A5B606E8
5C7C1D83-0790-4069-892E-3CD15470BDC6,0,56:58.0,56:58.0,AETH\A393668,AETH\A393668,0,19E5D885-5B6A-4C8A-A40A-16D87B690E27
589AEDC8-49ED-46BC-9C64-3CD467570EDE,43,54:25.7,54:25.7,A846534,A846534,0,3F7C984C-947E-4BE1-8438-AED1464C4B80
C0D007B7-9D9C-48E2-AA1F-3CE19DFBD8C5,0,54:25.7,54:25.7,A846534,A846534,0,E07FE455-5E76-4425-8316-130E83F762D0
9E3EE060-F094-4982-85F9-3CE971153FBE,25,15:20.8,15:20.8,AETH\N270372,AETH\N270372,NULL,A4F88249-3E57-4E35-9986-4319DF746D44
7335830E-333E-4643-98B3-3CE9FFD9D07B,0,15:20.8,15:20.8,AETH\N270372,AETH\N270372,NULL,53C23ADE-0622-4EFF-8D9A-B5A5D142DFE8
904F6656-EEC4-47F3-A64A-3CF1BF07F94D,105,54:25.7,54:25.7,A846534,A846534,0,7A018EE5-E2F0-49A0-B96F-71C89B1A08D3
498CEEB3-C696-4F9A-BF7D-3CF1DD598DAC,0,52:33.9,52:33.9,AETH\A393668,AETH\A393668,0,7D222458-6B41-4BB7-A871-4C50CCA4BB91
289864B1-52A9-4656-80E8-3CF534D50434,0,54:25.7,54:25.7,A846534,A846534,0,11ABF4F0-0E10-41EB-9515-A615F846AB0B
4D9ADA3A-CB76-4CFA-B213-3D098CF6E439,76,15:20.8,15:20.8,AETH\N270372,AETH\N270372,NULL,00CDE492-C1AF-4119-8CEA-B8B309C17FC7
FFCE8253-D389-474D-9EED-3D1038661D38,0,52:33.9,52:33.9,AETH\A393668,AETH\A393668,0,FD15FCA6-255E-40D0-B370-AF9FE9D62875
A3A1367C-E939-47CB-BF07-3D49B59FC576,0,52:33.9,52:33.9,AETH\A393668,AETH\A393668,0,43675064-165C-43DD-95D5-A1510D57194F
1B4196CB-DD05-4339-8C4A-3D51A5802350,0,56:58.0,56:58.0,AETH\A393668,AETH\A393668,0,79860606-EA21-4B1F-9F90-F2FA222A3BA1
6B5F4E99-823A-48CA-8F10-3D57A52078E7,48.3,12:31.9,12:31.9,A846534,A846534,0,0991232F-9E1A-43F6-9788-2C2C82C0D148
F7FE697B-497C-4169-B3FF-3D77F9737D42,0,54:25.7,54:25.7,A846534,A846534,0,61DC623A-924A-42A3-818E-C279515AEE83
44DC6586-CBB6-4283-96E9-3D7DA28CCE5A,28,12:31.9,12:31.9,A846534,A846534,0,74935E70-775F-4952-BCDE-2A73081DB7E6
CB338441-1822-40A7-AF57-3D8A0A607592,0,32:50.8,32:50.8,A846534,A846534,0,7DA856B9-1269-4BF6-AAEE-41C8DA475500
9E0DB2E2-EEB9-41F6-81CE-3D9E79AB4B1E,0,15:20.8,15:20.8,AETH\N270372,AETH\N270372,NULL,E3F39E92-208B-4667-A3F7-DA5CDAB42D04
EBF3F59F-D11D-4D4D-A8A4-3DA2B46116A8,0,12:31.9,12:31.9,A846534,A846534,0,1010CF0C-DC21-4FB8-A256-3301F73BB397
D0E9D28F-F411-4ECF-A7EC-3DA2F9DD1013,24,56:58.0,56:58.0,AETH\A393668,AETH\A393668,0,F4D1F090-70A8-4909-AC84-C51BB12779A9
2937CC6E-9065-4DED-88F9-3DA3646FD8CC,0,56:58.0,56:58.0,AETH\A393668,AETH\A393668,0,5C77D62D-5964-4E6A-B797-A7A9A0CB6D0E
185E1434-083B-4B75-BA45-3DA36E9F0454,0,54:25.7,54:25.7,A846534,A846534,0,47D27AC3-40E1-4367-8BA4-A65AFC2E48A9
492FF385-DFD7-4ABE-8FC3-3DA6807E5809,100.3,03:43.0,03:43.0,A846534,A846534,0,B309E7A8-A1C6-43B6-B29B-09C823B1CABA
87DC2056-9F73-426C-85B3-3DA8168DB503,28.6,54:25.7,54:25.7,A846534,A846534,0,8605DF10-05B6-4049-AA17-DE7CECA4CDC3
04D84769-7C3B-4120-B2AB-3DBAAC7A0CD3,32,15:20.8,15:20.8,AETH\N270372,AETH\N270372,NULL,CA942608-6A5B-4F78-BF9E-68C334A86FF6
9963D02C-8667-4CF2-9610-3DBE88D807C3,0,15:20.8,15:20.8,AETH\N270372,AETH\N270372,NULL,3E2F5532-A323-4FC4-B4FA-303F242909C3
4F761629-BEAA-43F9-ACF7-3DCD9795E2CB,0,52:33.9,52:33.9,AETH\A393668,AETH\A393668,0,D8541840-FB58-4A22-9B6A-A120D8709817
FAF7551C-175C-44F2-A67D-3DDCFFC232FC,0,52:33.9,52:33.9,AETH\A393668,AETH\A393668,0,7669BE3E-C5CC-4261-86E5-E960E9F3215C
5A6F8C46-135B-4541-9F77-3DEB2E4AAC69,0,15:20.8,15:20.8,AETH\N270372,AETH\N270372,NULL,030C9DD0-A45B-4E4D-B1E8-DE67514EA91C
899BB500-E45E-4CCA-B8D8-3DF2819FC9E3,0,12:31.9,12:31.9,A846534,A846534,0,0F49377E-3CF6-43E9-89F4-390EAEE577AF
0D4E638F-8646-432F-BBA5-3DFE7FED03E0,58.8,56:58.0,56:58.0,AETH\A393668,AETH\A393668,0,3F6D6021-F6B0-4294-8565-FCB2ECDD8090
5E1E7204-4631-4B14-A720-3DFF0F47DA96,0,12:31.9,12:31.9,A846534,A846534,0,406C1F11-4407-4B13-AC3B-E68E89CB1E7D
74DD8C38-6530-41A3-A6C9-3E043ED24FA3,0,15:20.8,15:20.8,AETH\N270372,AETH\N270372,NULL,DA8ED707-D0AD-4300-894C-01CDBFBB5A6B
61C11802-78F9-4E26-BBBB-41694F5F78D9,6.5,56:58.0,56:58.0,AETH\A393668,AETH\A393668,0,689C9E44-64B6-4A3C-91D4-79C49E7F1D4E
93877A69-5BFD-413B-B872-417069C42B0E,0,56:58.0,56:58.0,AETH\A393668,AETH\A393668,0,4C5EADAC-32FE-420A-8D97-F03F9D8EDA1B
CB7C0FD5-ACF9-4B77-8EDB-418DFC32522D,0,54:25.7,54:25.7,A846534,A846534,0,EDE69DE5-ABFD-4D11-AB3D-AD9BA9C8460B
A75DF8F4-964E-48E7-B290-418ED337E9D3,0,03:43.0,03:43.0,A846534,A846534,0,90E0CDB4-7492-444E-BD75-DA019C89B2B2
13962F69-E402-4EE3-B15F-419530E7EA8B,0,52:33.9,52:33.9,AETH\A393668,AETH\A393668,0,48C81075-25F6-4C29-A9DD-FE9E35B7DB27
3676C24E-D49B-4FBC-8BAB-419EEF5198E3,0,03:43.0,03:43.0,A846534,A846534,0,27115964-5609-47C3-ADB3-8BED53348C70
B1D1A3ED-64DC-431D-AFF8-419FC80ECF0B,24,52:33.9,52:33.9,AETH\A393668,AETH\A393668,0,CB893A97-3104-43CD-BD0A-1E293EE3639D
1D2428C3-CA6D-4728-BD6B-41A8914B183A,0,15:20.8,15:20.8,AETH\N270372,AETH\N270372,NULL,0148FECC-1E13-4CD6-90FE-4F8847FB300F
8BE36DC2-4249-4BE5-9A2B-41ADE9D45413,32,56:58.0,56:58.0,AETH\A393668,AETH\A393668,0,82FC1D23-F127-4CDF-BA76-CA3E685BE311
65787BB6-9850-421D-9371-41AE685AC58A,0,52:33.9,52:33.9,AETH\A393668,AETH\A393668,0,C4FBE167-0F35-4FCF-B6AA-93F4B470449D
11A8B5F6-9B8A-4602-9830-41AF23CDD6E7,0,03:43.0,03:43.0,A846534,A846534,0,FC3D3E7D-8ED9-4397-A7D4-8FD1B989E2E7
12AA91F0-4234-468E-A068-41B581C07909,0,54:25.7,54:25.7,A846534,A846534,0,E06F487B-574D-490C-A2DA-E1B3BF3D1741
F18B586E-F2C3-4ACD-B223-41BD73F59B10,48.3,32:50.8,32:50.8,A846534,A846534,0,65E4D9C4-CA11-4045-8389-A13455B37726
BD1A2703-C1C1-4C32-A52D-41C07B61D7EF,30,12:31.9,12:31.9,A846534,A846534,0,38575817-54B9-4133-80FB-9512A162D6E2
F36B3453-5976-428E-A8D9-41C39167A889,28,03:43.0,03:43.0,A846534,A846534,0,81DF1A76-002B-4552-9DC7-756D0D00A90B
4B53E1CB-F55A-4DCB-8609-41ED4383DE06,0,52:33.9,52:33.9,AETH\A393668,AETH\A393668,0,74D69236-681B-41B7-BB42-B5B326422643
753092F3-C926-46FC-83C6-41ED62CF4FAD,70,15:20.8,15:20.8,AETH\N270372,AETH\N270372,NULL,9FF51C7E-1D28-4EB8-94F1-99358C293651
02EDFCA2-F4D2-4841-8ADC-41F28400EFB8,0,32:50.8,32:50.8,A846534,A846534,0,08107A2D-8533-4A51-840D-92639092E5EC
0DE304DB-539E-4449-B9C8-41F8C369A01C,0,52:33.9,52:33.9,AETH\A393668,AETH\A393668,0,8CB90B6B-E11D-4F8F-961A-16DB0A78DCD4
AB3CF54C-D24A-4827-A77B-4203A38D18B8,63.5,15:20.8,15:20.8,AETH\N270372,AETH\N270372,NULL,E52DA0FC-A303-404E-AB81-A4F6E60F986D
9A46C9D2-4F03-4B11-8109-4209EF6B7267,0,03:43.0,03:43.0,A846534,A846534,0,E4BC8D2E-DC41-4B19-842C-4D1C387D0A51
4D7AA973-E556-4DD1-AD81-420A231E4804,0,56:58.0,56:58.0,AETH\A393668,AETH\A393668,0,8C99BE27-5E29-4C8E-B731-2DDFD75E48DA
C65129F4-5BF3-45B0-BE60-421650A59C7C,0,52:33.9,52:33.9,AETH\A393668,AETH\A393668,0,B0F1E72A-5759-4206-A51C-A8F3A785F7B8
8CA066E0-C9F5-4432-B1CA-421AF66B36FF,0,56:58.0,56:58.0,AETH\A393668,AETH\A393668,0,0FBA4BEA-D27B-4CE5-859E-D1298B9A71FD
5EAEA179-E429-46D8-90F5-421DC2F53703,72.8,15:20.8,15:20.8,AETH\N270372,AETH\N270372,NULL,A47146FB-85CE-4B26-8F82-22B4BDB3F78E
9933A94E-A4D1-402D-A03E-4249085EFC65,15,15:20.8,15:20.8,AETH\N270372,AETH\N270372,NULL,70A20041-27EF-4EB1-8DEF-F9A111E1BF50
135B9642-5442-41E8-AAAD-4254F6085A8A,9.9,03:43.0,03:43.0,A846534,A846534,0,732DF753-6440-4042-B532-EFB51A6AAED7
32523B8C-D150-4FAD-96CD-4256EF0AE591,0,03:43.0,03:43.0,A846534,A846534,0,F0F96868-2EA0-48AE-8F30-C2CCD52433F1
BD0034D9-250F-48B8-9161-4256F7A99145,0,52:33.9,52:33.9,AETH\A393668,AETH\A393668,0,A9301C07-7C49-4D09-B500-75046AF60B18
B309D0E6-E062-4AD3-8B82-4270FD9BFF2B,23.3,12:31.9,12:31.9,A846534,A846534,0,5EEB90AB-CABD-45F3-8657-3BE71CEAF915
FE131117-A362-4606-86AB-428B84155C2C,10,03:43.0,03:43.0,A846534,A846534,0,153BB8DC-3927-4871-97C6-0C5A6B2314AB
99B6B642-70C8-4910-AFA5-429E7AF7F792,0,03:43.0,03:43.0,A846534,A846534,0,B29A3B95-8DB8-4F55-9E73-A6213041B28F
4A8D0175-D3A8-4090-B1A0-42AF5D9658C7,0,12:31.9,12:31.9,A846534,A846534,0,54A8C2EC-FD5F-4376-B04A-C4F119EF3A84
638EF195-21E6-4C67-8D83-42B8738C3C8A,0,15:20.8,15:20.8,AETH\N270372,AETH\N270372,NULL,0C9B73C9-567F-4832-9BAC-74DB8985A339
D5AF0B99-795B-4E91-8ED8-42DB10F59277,0,56:58.0,56:58.0,AETH\A393668,AETH\A393668,0,83114113-E85C-490B-92F7-33E40D09B28A
B750DF5C-0603-4BC1-8733-42DD52F25202,0,56:58.0,56:58.0,AETH\A393668,AETH\A393668,0,5BB515E0-AB28-4BFF-8FB7-2F898AFCD013
129B1D46-4BD6-4964-A4A3-42E40FB7F72D,0,56:58.0,56:58.0,AETH\A393668,AETH\A393668,0,09AE0204-3BF6-477F-A277-CE0BACC9BB6A
5958E5D5-58DF-4874-A5D1-42E5000B2777,0,15:20.8,15:20.8,AETH\N270372,AETH\N270372,NULL,1A470243-480E-4DEA-88B3-C8C15FA4718C
77D7F83A-B083-4258-993B-42E866DFF7FA,0,54:25.7,54:25.7,A846534,A846534,0,87ABEE43-05C6-4BFD-83F0-A90A49D11CB1
24AC65F5-A30C-4F78-96BF-42F3D931D619,63,15:20.8,15:20.8,AETH\N270372,AETH\N270372,NULL,B9C2E9A9-B7BC-496E-AD0A-178AAF32DF8B
045DEA40-D1ED-4F8E-A091-42F579031280,24,52:33.9,52:33.9,AETH\A393668,AETH\A393668,0,360DCA3B-152E-4078-80A1-56EC2DB11CE4
E6F5B9FA-74F5-4201-BD87-42FA70279296,0,12:31.9,12:31.9,A846534,A846534,0,BD9E1F88-ABC3-4425-9802-840E9702F109
2ED20624-59B4-4949-9A34-42FFBD439E12,26.2,15:20.9,15:20.9,AETH\N270372,AETH\N270372,NULL,F7D857B5-A79B-4337-BF3B-EE7AF84AEC71
28E4379C-62FE-4EB8-8534-4305558783B7,0,32:50.8,32:50.8,A846534,A846534,0,C6AB65FD-3060-42EF-9747-DDDC19BFC9BC
AA79D6B0-D7B3-49BD-A87D-43162DDBE6D9,0,52:33.9,52:33.9,AETH\A393668,AETH\A393668,0,A6D48CD4-2FF6-4C43-927F-F63CCC8EED6C
D5640BE8-4A31-4027-AE26-432F5E44D407,0,32:50.8,32:50.8,A846534,A846534,0,B58CB56C-29DA-4001-89F9-A1755B8A3938
23DFD660-3A99-4985-846A-433331C9A592,48.7,12:31.9,12:31.9,A846534,A846534,0,0C320E26-9EDC-4163-829F-F6BFF59B6380
95381160-F871-4194-95C2-4333DA737759,0,12:31.9,12:31.9,A846534,A846534,0,0F6AA8F9-918F-403B-BF65-FDC00145967A
6C16D2F8-43CC-42BA-A4B8-4334C8359BCA,0,54:25.7,54:25.7,A846534,A846534,0,E33FF4A6-533C-4B9A-AAC4-3287247B8FE1
95078B9A-DD9D-4723-BD68-434D92BE582B,0,12:31.9,12:31.9,A846534,A846534,0,65F6EAA6-D7BE-4B0C-904E-B659EECC1991
21991C42-3E4D-4594-8CF2-435768CAD570,19,52:33.9,52:33.9,AETH\A393668,AETH\A393668,0,C6DD67A7-4010-4213-AD61-0024C6E06A22
92342ECA-1E28-4416-96B1-4387597868F3,0,52:33.9,52:33.9,AETH\A393668,AETH\A393668,0,66CE483D-4B68-4244-BDD4-A108BC19B4DC
7227E7F1-FF08-4BB4-BC7C-438F41FE83F1,30.6,12:31.9,12:31.9,A846534,A846534,0,C1EBDE8C-3DF7-4734-9965-5B595305913C
751F0574-0E11-41A7-A7BC-4390FD5E39DE,0,12:31.9,12:31.9,A846534,A846534,0,7492077E-3319-47B6-832F-BA0562D19CF9
019F3087-6CF6-454C-913C-4395E5304B3D,0,12:31.9,12:31.9,A846534,A846534,0,9ACC86EA-7D12-4F9A-B0F9-3D3F436A8353
1DA48E09-0929-475C-8650-439738795826,0,54:25.7,54:25.7,A846534,A846534,0,CEC48FDC-2B9B-4759-821B-EC55F39428AD
5C386FD6-53C3-49E8-88C9-439F20BE7D38,0,32:50.8,32:50.8,A846534,A846534,0,6986E920-AB0C-43A0-B09C-5105EFC729EB
E64A475E-0BFA-4FE9-A72C-43A4BE333F65,0,52:33.9,52:33.9,AETH\A393668,AETH\A393668,0,0846E87A-0B12-42B1-9421-28B62EEFC142
5690B2C7-4D32-431A-B081-43A9F808DCA2,0,32:50.8,32:50.8,A846534,A846534,0,9022DA60-02EB-4F00-9069-2E820AE489DA
DBB9BA71-0331-4CD7-B1E8-43AC21C44081,0,03:43.0,03:43.0,A846534,A846534,0,FC5A4E04-24E9-4908-A934-09E7539279A8
A9E27AF6-D972-48AD-8B03-43B385077D2B,0,12:31.9,12:31.9,A846534,A846534,0,E3E0557F-4DE2-47F7-B579-E413F0D0A11C
42943E64-47E7-40D9-A916-43BE83464CC2,0,56:58.0,56:58.0,AETH\A393668,AETH\A393668,0,2097E20F-D988-4C57-93E7-2D2620A638AE
9E1F4D49-460C-4145-AA1B-43BE90253CCD,110.5,03:43.0,03:43.0,A846534,A846534,0,0B5F4D9C-C8EC-40EC-835F-203182E54326
F0442CC5-1E32-46B6-BDFB-43D492F76E4E,0,15:20.9,15:20.9,AETH\N270372,AETH\N270372,NULL,E5D08C8D-C18A-407C-873F-2319E13B6ABB
92D52A8C-33B5-437A-96B8-43F06208F9F5,0,32:50.8,32:50.8,A846534,A846534,0,370F9B34-0106-472E-8337-253DAB0B3419
B764D5DC-B4F3-437A-97D1-441294DF1A29,35.3,52:33.9,52:33.9,AETH\A393668,AETH\A393668,0,92C55AE8-BE66-47D2-800D-504C4DF0071C
AAD84E9A-FB64-4960-8B16-4416AB992C76,0,52:33.9,52:33.9,AETH\A393668,AETH\A393668,0,8564E571-288E-4D53-9831-61A9F420CA19
A37F8740-B791-4954-81E6-47A32D35F070,4.5,52:33.9,52:33.9,AETH\A393668,AETH\A393668,0,87AC8074-9007-43F2-A0BE-5BF2FD331B55
5CFB1C6F-869E-438A-9AEA-47B258E69A0C,0,12:31.9,12:31.9,A846534,A846534,0,B608FE11-F75F-4A66-A85E-0D2E696DEE8B
879F4EF7-D139-4529-9928-47BBA53BA946,0,54:25.7,54:25.7,A846534,A846534,0,AA8D5E3E-4F6B-40CC-8982-C26DFD87C9D4
AF5E315D-F517-46AF-9F49-47DB26C3F40E,38.3,03:43.0,03:43.0,A846534,A846534,0,A35A1CB1-6CC6-4539-BF35-4775AD12DD67
2058B161-D042-4ACA-BD9A-47E1EE901729,0,15:20.9,15:20.9,AETH\N270372,AETH\N270372,NULL,D8153CC8-9502-480F-B401-16A317DAB115
07997574-052A-45F4-ADAD-47FFD31E8DEF,0,56:58.0,56:58.0,AETH\A393668,AETH\A393668,0,B7E5300C-9DEA-4B43-86F6-6FE3A06FDE9B
71CB23E2-FE6C-4F49-8534-480264E4364C,6.2,15:20.9,15:20.9,AETH\N270372,AETH\N270372,NULL,840FD44B-3958-4C7E-84F4-80304142AC6C
6EE331C7-B363-4245-B626-481E39E19601,57,54:25.7,54:25.7,A846534,A846534,0,E1D0543B-B918-4374-A290-EA6AC14B92D2
922861F3-F8D8-4655-A947-482955FBF24F,0,03:43.0,03:43.0,A846534,A846534,0,7F29AF0E-ABB2-4FF4-92FE-5B2E0CBED4BB
3CFBF40A-75FB-4567-89D4-48448CC81514,48.2,03:43.0,03:43.0,A846534,A846534,0,02C43B8D-FD80-4FBD-B58E-50FF7CD964A5
7F7902A8-D422-4F18-A678-484490BDD195,0,12:31.9,12:31.9,A846534,A846534,0,2235BA40-9B87-4140-B0E1-43BD1E1FB741
1E87E4C7-1F67-407F-AFA9-4845ECD42670,67,15:20.9,15:20.9,AETH\N270372,AETH\N270372,NULL,FF285E01-35A1-4950-B873-9B91BC0C33D9
7282F600-592D-4782-8A9D-4849E76B51C2,46,54:25.7,54:25.7,A846534,A846534,0,E605CE0F-051C-4FA9-9B1C-174614B193B0
0883B210-A313-41CF-8E3D-484C175ED395,29,15:20.9,15:20.9,AETH\N270372,AETH\N270372,NULL,03B025EF-4935-4C95-92BE-6F8D1AD49F9B
DE57BDCA-85AC-4638-BD27-485A52C36B48,0,03:43.0,03:43.0,A846534,A846534,0,4BE04705-5BDA-4EEE-B8F3-297FDE099023
0FD5A085-3A5F-4C96-BAA7-48658051FB65,0,32:50.8,32:50.8,A846534,A846534,0,F5F21513-775D-406C-B527-7ECD61C9393F
7F344B67-4235-41C6-A37F-4869B7456B2E,0,03:43.0,03:43.0,A846534,A846534,0,77A9A276-AC5C-4FF2-AC1C-8B9A45146D55
88855941-7249-442B-B25C-4872B3B846AD,0,52:33.9,52:33.9,AETH\A393668,AETH\A393668,0,1C07FC38-9E6D-48EF-BA72-E74054786517
BB1159FA-972B-4AB3-8452-48761E743932,0,03:43.0,03:43.0,A846534,A846534,0,7B4ECB19-C5A7-4491-B5CF-CC20511AE85E
4CACCEC4-BBF0-44AA-8B5B-4888F18AB829,0,12:31.9,12:31.9,A846534,A846534,0,13D3D9D8-CCED-458F-BDE9-CB44614F1E58
E36875E5-0BE6-4269-9C06-48982DA2BEE3,31,15:20.9,15:20.9,AETH\N270372,AETH\N270372,NULL,B39D82B0-A901-4B0F-997E-70B2D008D3ED
629EE26D-A7C5-4831-9754-48AC47BBBC90,0,15:20.9,15:20.9,AETH\N270372,AETH\N270372,NULL,79F71BCC-A4E2-4AD9-BCCA-23745C4B15C1
A43C65C9-39C1-45F5-9253-48AE7B9CB408,60,54:25.7,54:25.7,A846534,A846534,0,C0203E5B-29F1-489A-A7AE-675376F54B5A
D3534F30-4159-458B-AA8B-48CA771F08AF,0,15:20.9,15:20.9,AETH\N270372,AETH\N270372,NULL,BD600811-2586-4101-BEE3-0525AACBDCDA
74108A0D-C933-4981-8B8A-48D7066C6E1F,99,15:20.9,15:20.9,AETH\N270372,AETH\N270372,NULL,C9597C67-5F08-4752-9DD0-32D76FDAFFAA
E2A87D10-EA83-4369-9165-48F888B777C9,89,12:31.9,12:31.9,A846534,A846534,0,6170E4AF-6278-4EF9-B7E4-1213EC960DF0
182FC351-458A-4D38-B215-48F95A10E430,0,32:50.8,32:50.8,A846534,A846534,0,5450C689-0609-428A-AF7D-97D5292CBA98
9759BBB7-2A4E-4E2F-9FC8-4901D4F7A7D5,0,52:33.9,52:33.9,AETH\A393668,AETH\A393668,0,A2805EE6-3FFE-46BC-8345-4DE6011CFC6A
6DBD1B01-406A-42FA-B4F6-49094F0602B7,0,54:25.7,54:25.7,A846534,A846534,0,A67F66E9-89C4-4F1E-BB6A-C5467B1F11F4
66CD2575-944F-4AB9-8C27-490AF7F43E3C,0,03:43.0,03:43.0,A846534,A846534,0,76430227-AE5F-4619-BB6C-66DBE744FFED
42A556EB-E22B-4C10-97A8-491E042188EA,0,32:50.8,32:50.8,A846534,A846534,0,2308CFDB-35AA-45EB-A98B-1E7080BFC5D1
A9B0ADF9-D569-4CB3-B794-49225BC57F82,7.3,15:20.9,15:20.9,AETH\N270372,AETH\N270372,NULL,60CBAE33-BCE4-42BB-A78D-32E55DB53A04
55032576-5C36-411B-9F30-492B8747E642,18.3,32:50.8,32:50.8,A846534,A846534,0,05398754-8FF0-4FAC-A42E-3218571EAE8F
B3BC93B9-B3EB-486D-B2B7-493159D8A252,118,56:58.0,56:58.0,AETH\A393668,AETH\A393668,0,24E6C026-DCA5-4214-87F6-6E878ED9BA84
8A32BFAC-5E86-45C2-85A0-4959DC351A82,74,54:25.7,54:25.7,A846534,A846534,0,4F44C621-C6F3-47B7-88F5-AB2DBA4B3DE8
BAC3C400-4C94-4824-92C9-495B8C14E073,43,32:50.8,32:50.8,A846534,A846534,0,B4A99907-92EF-4CA9-ACA3-7E7DFE80CA36
BB72B941-D580-4D6C-9932-49705968D9F0,0,15:20.9,15:20.9,AETH\N270372,AETH\N270372,NULL,D1B4D7A1-115B-4FFC-BDC7-03DB8C92D1F5
1EB3A17A-14AF-4AFD-8522-49719BBA165B,0,15:20.9,15:20.9,AETH\N270372,AETH\N270372,NULL,9677E9D0-4F8B-4569-A59E-57861E3B9E38
519D62FC-653D-4458-A5BC-49740CB70782,0,56:58.0,56:58.0,AETH\A393668,AETH\A393668,0,640D62FF-B275-4379-B27D-10D690EB2EC7
B8386246-2E2D-4A22-B353-497B4ECD1321,0,12:31.9,12:31.9,A846534,A846534,0,735965A1-4617-4DDE-B18D-5E9F3FCA8C93
1F0507B4-3DDF-490E-9F31-498AEF97FF25,55.2,03:43.0,03:43.0,A846534,A846534,0,1C76DBDE-9934-45D1-93A9-194B8C221365
0565D010-F06B-49EF-BE11-498B390CE524,0,52:33.9,52:33.9,AETH\A393668,AETH\A393668,0,9DB5843C-6E84-468C-9DA4-AA227DF37993
6FE78BCD-BC59-4BFB-97ED-49C41F59079B,39.3,56:58.0,56:58.0,AETH\A393668,AETH\A393668,0,837577BC-76C6-454A-B463-73364923F449
C6503AB0-78B7-49CC-9EF7-49C6C8CE778D,79,03:43.0,03:43.0,A846534,A846534,0,13B019F4-7685-4A27-A8BA-3F2D79F9C758
437B321A-7BE6-42C4-BD17-49DE5D055F61,0,56:58.0,56:58.0,AETH\A393668,AETH\A393668,0,28C0840F-7332-4C2E-998E-8825A082506C
1A2FF223-EA86-4F5A-8F83-49E2D372D980,0,32:50.8,32:50.8,A846534,A846534,0,EAC08B49-DECD-4CC2-8C8C-4D5B781553D5
8C667A72-67DD-4F73-A552-49E61B7D3F9B,0,56:58.0,56:58.0,AETH\A393668,AETH\A393668,0,FFB86517-9126-4626-B14F-E5F04BFFEB5A
BB85E779-2D77-49F8-B85D-49F068763DEF,0,52:33.9,52:33.9,AETH\A393668,AETH\A393668,0,817BF7CB-61F7-46D1-A9ED-ACE2BFC00F55
0814F71A-35AE-4EBE-AB94-49F729FA2D47,0,54:25.7,54:25.7,A846534,A846534,0,B35D5E48-7C02-48E1-97A8-8D7D7A166436
EEFF6BCD-8DFF-4FAA-B5C1-4A03971D49CF,0,03:43.0,03:43.0,A846534,A846534,0,21BD8A82-5FCF-48E8-9E98-CD51392DC1C0
0E287B50-EB55-492B-8BFB-4A03F52F7826,32,32:50.8,32:50.8,A846534,A846534,0,EA5137F6-6E87-4F47-B765-6CA5D1F3F926
AA39D591-DC66-40ED-8E84-4A334E9B025D,0,12:31.9,12:31.9,A846534,A846534,0,89F1A155-CFCA-48EC-B2E1-F51AA8F33662
84782EDB-A422-44EF-84C6-4A563995B2F3,0,15:20.9,15:20.9,AETH\N270372,AETH\N270372,NULL,6D78D9A8-D749-454B-A7CE-0711147FAE3D
30417391-2EB9-484D-AD1D-4A6200DE7DBD,1.3,12:31.9,12:31.9,A846534,A846534,0,B58C299E-8DFA-4958-B3AF-D6A1A89F5969
05E68808-E9FA-4DDC-AD7C-4A629FCACF3A,0,32:50.8,32:50.8,A846534,A846534,0,5F2B399E-C787-47B7-8EDF-BDDBD4F9E8B2
0FC896B0-5F59-4DD9-AD6C-4A6EA08065B8,0,32:50.8,32:50.8,A846534,A846534,0,5715140D-3938-47D7-9A67-4443B9EA1C95
307F160E-CFB2-4FB6-9BB7-4A826D52908A,0,03:43.0,03:43.0,A846534,A846534,0,8B3E5C52-5B6D-4ED0-AC55-6ADAA792740A
61ADB934-E63D-476E-871D-4A90306DB1B2,0,32:50.8,32:50.8,A846534,A846534,0,86DF38CA-1FB0-4A1E-91CA-587A57879788
B5C96A81-7A3A-4675-B57F-4A95EC28BDF4,0,15:20.9,15:20.9,AETH\N270372,AETH\N270372,NULL,031CE9D8-603A-4B01-88F0-741933BC0167
BEA5DFF3-A14F-41EE-92F5-4AA110E2E93B,0,56:58.0,56:58.0,AETH\A393668,AETH\A393668,0,185A8956-3AFA-46F6-A781-5076C197C653
C9B5A955-48A7-4523-B739-4AC52D147A19,0,03:43.0,03:43.0,A846534,A846534,0,E9D212C0-8AFA-416D-92B7-DA44D320B5BD
4874D0EA-C8C4-4636-901F-4AE6420DEABD,0,52:33.9,52:33.9,AETH\A393668,AETH\A393668,0,F180CA6A-BF59-4DA0-8846-BD89E823E42B
22949DDB-B139-4AC8-991C-4B1681E40C27,29,03:43.0,03:43.0,A846534,A846534,0,CBDD4069-A3A2-4D63-A65E-1947A5B9C8A0
245B4475-353B-4588-979F-4B16FDF5054E,0,15:20.9,15:20.9,AETH\N270372,AETH\N270372,NULL,47A9D4C3-65EB-4822-85B2-911ABCA5897E
EF7C3061-274E-4FB7-9A69-4B449903343F,0,15:20.9,15:20.9,AETH\N270372,AETH\N270372,NULL,11C7F3A2-3E09-44FC-9AE8-7E2E1E03D05F
BF61199A-BFDE-460C-8694-4B4B93ACF633,0,15:20.9,15:20.9,AETH\N270372,AETH\N270372,NULL,D0ED2587-EF80-4D06-AE5A-1081892B326E
529C3CD7-927C-481C-AF5F-4B647FAB28E7,0,32:50.8,32:50.8,A846534,A846534,0,E8EBAC97-41E2-44CE-BC61-1CEBCD88A66A
0ED07100-4A43-49E4-B354-4B73A152ECF7,0,32:50.8,32:50.8,A846534,A846534,0,3B74CA84-E2D8-4E1A-9F76-5419965513B1
C657885D-4AC5-4170-B6AE-4B7F85BEBCF9,30,52:33.9,52:33.9,AETH\A393668,AETH\A393668,0,C9D7E3E4-F13D-4CD3-8684-4075FBE5296C
CF88A849-1DAD-4197-AD24-4B8186A5A436,72,54:25.7,54:25.7,A846534,A846534,0,F91A346D-4744-4D36-A610-13EE686DF2FF
1C45B4F4-BBD7-4BE2-9C8C-4BD1ABF78DFD,0,15:20.9,15:20.9,AETH\N270372,AETH\N270372,NULL,01EBD397-B257-44A2-84AB-7B69756EAF1D
05740506-4029-4A54-9078-4BD64D576739,14,12:31.9,12:31.9,A846534,A846534,0,A19BE3A1-BA63-468F-93E0-71A5E5E5610B
6871CCCE-F656-4E77-A00F-4F912B578BB8,0,56:58.0,56:58.0,AETH\A393668,AETH\A393668,0,CEE20A4E-3981-453F-8C60-7744E1765116
D79C54E2-D71F-44DD-8DC1-4FBF9B9E65AA,103.7,03:43.0,03:43.0,A846534,A846534,0,5CE52372-05B5-4AAC-9794-3B1038C57183
3A2068FC-8FAB-4813-A124-4FC4080EEAA6,0,03:43.0,03:43.0,A846534,A846534,0,C5E0BB4D-5AC8-47BF-80FF-8CA0F1C2D582
E71D6353-186B-456F-BE0A-4FE045603CCB,0,54:25.7,54:25.7,A846534,A846534,0,27AC8BB7-A24E-40D7-ABFB-CC2B04F21745
BE705F16-5AB7-4887-8F95-4FE27E967F3D,0,03:43.0,03:43.0,A846534,A846534,0,FE6328E2-64BF-4A02-AB8E-2583E385FB16
5E52155E-DB7C-414E-9758-4FEE6D79F33A,0,32:50.8,32:50.8,A846534,A846534,0,13B6925F-DDC0-4765-87E1-1D933A0D823E
2AAE5EB5-BE93-4B55-BB5B-4FF8CB54AEDF,0,52:33.9,52:33.9,AETH\A393668,AETH\A393668,0,CF8A50A9-5E10-456D-8316-B507FD6234CE
80ACB73A-4027-4130-A440-5002A0B3E5E7,47,52:33.9,52:33.9,AETH\A393668,AETH\A393668,0,CF5EA4B0-E294-43BE-9421-9B173A13E413
F4EB9F71-CEAE-4C8C-9FD0-5002F57BEEEA,66,56:58.0,56:58.0,AETH\A393668,AETH\A393668,0,76E02291-5B2B-440F-86D2-E67E477300B2
9ACF186A-ED50-434E-8C41-50065101B10A,0,12:31.9,12:31.9,A846534,A846534,0,4C6DC193-62CD-4293-80EE-716605461EB1
04A24CF7-CBEC-40D4-85DE-500842110490,0,54:25.7,54:25.7,A846534,A846534,0,DD0E1C92-5E0A-4850-8EAA-5AE5A5075ACE
0B954287-A97F-4B45-8E2B-500DCFCB939F,0,54:25.7,54:25.7,A846534,A846534,0,FB6B514F-8091-4C23-B154-16A052D70369
97517731-6A0D-42F7-9B3A-504087DF5B6A,0,32:50.8,32:50.8,A846534,A846534,0,E2976E2C-7EF9-45C8-B5A0-5425D3063836
115C0FFE-5AA1-4E06-97ED-5046DE077018,50.5,03:43.0,03:43.0,A846534,A846534,0,BB561F8B-4ED9-4B7D-8150-59B86282A19B
D68CE1F4-296F-4E46-B3C3-504893AF3CBF,0,54:25.7,54:25.7,A846534,A846534,0,36BFA79F-AB2C-45D2-AC54-7FE11D6E6736
A59186FA-4962-48FD-86FA-5049E804DB36,0,03:43.0,03:43.0,A846534,A846534,0,AAF066E3-A327-4218-B921-58C19B969985
14E49708-A6F9-46C8-BC2F-50546689667A,0,56:58.0,56:58.0,AETH\A393668,AETH\A393668,0,CDAAFEC3-3FCF-4699-9988-DFC2301C8648
15197E08-9C78-4298-AAA6-505ED049E8AB,0,03:43.0,03:43.0,A846534,A846534,0,37873EEB-1C44-439F-AE67-90961CF06BC3
1F603FE8-76D7-4275-9308-505EDAAEE24C,44.9,32:50.8,32:50.8,A846534,A846534,0,0F14BF48-8418-4D03-A7C6-3C14A38A7147
722483CB-7189-432C-9E50-507DDE51490A,0,15:21.0,15:21.0,AETH\N270372,AETH\N270372,NULL,99208DE9-C677-4F4F-BE75-924B5EE6860A
BCD15653-C61D-4410-8FA6-5089136036BB,0,03:43.0,03:43.0,A846534,A846534,0,D44F4B3E-5A5F-4714-8B1D-B5FB3ED3B99A
818ED824-0333-49FE-BE5F-509AAE70B98C,16,03:43.0,03:43.0,A846534,A846534,0,B1096375-21B9-44A8-9A16-3BE969C47596
DD84806D-D836-4FF3-ACE3-509B5219F027,0,54:25.7,54:25.7,A846534,A846534,0,B58A27AF-FBAA-4F53-B192-4CFE52E50B34
E23A961B-1758-43D7-BCED-509EFB5A9567,0,12:31.9,12:31.9,A846534,A846534,0,BC62711A-D023-4C8C-8272-AF7CFE9E146D
5A2B3055-50BE-49D3-8829-50A6C56C3868,28,52:33.9,52:33.9,AETH\A393668,AETH\A393668,0,E7F93ED6-9BC4-42DE-8970-CD61012E7C9F
8E6AC6EC-1C9F-41D6-8BB3-50AAEC1A7CD2,25.4,54:25.7,54:25.7,A846534,A846534,0,7DFF25C6-504C-485C-9173-40D96383721F
D6F2B753-F1BA-4B42-B7D2-50B683F3D669,0,03:43.0,03:43.0,A846534,A846534,0,C04D4A4C-5CCA-4DC3-98CA-40D302BC6A6D
538CF896-806F-4924-A5AD-50BB4A8913DA,30,12:31.9,12:31.9,A846534,A846534,0,8BC97356-7227-4974-B126-20426D994B36
0687A956-795F-4562-B39D-50BE66924358,0,03:43.0,03:43.0,A846534,A846534,0,7BC274A4-5D5C-4FB6-84BA-28711EEBDED9
31ADF607-10D9-4A4B-82CE-50C27C1F8B8D,0,52:33.9,52:33.9,AETH\A393668,AETH\A393668,0,DBB6EE7D-79B4-4689-BC49-963DAE05044F
624ACAD3-C88A-480E-8862-50C4D2D261AF,0,52:33.9,52:33.9,AETH\A393668,AETH\A393668,0,98AE2551-4636-47C6-B565-7808A3D03E61
B312ADC5-7161-4398-9EFE-50CAC91280D3,29,32:50.8,32:50.8,A846534,A846534,0,08E26B61-2B25-46B1-BD52-8460CD03B607
3C0B8B8D-EEF0-4AA4-9777-50D1DD973093,0,03:43.0,03:43.0,A846534,A846534,0,E445F11E-1242-4061-B26A-9BB604AE1D3A
4369B350-1BD2-4282-B32A-50D387018CA8,0,52:33.9,52:33.9,AETH\A393668,AETH\A393668,0,E2E189B3-3A2D-4C92-AD6E-2FCACEB8251E
8D52AD67-8685-4DAE-960B-50F17D494856,0,12:31.9,12:31.9,A846534,A846534,0,C3671144-60AB-4A9C-BF4B-178AE7AF5019
5E6EA25C-69EE-4585-B68F-50F2F50FFE8A,0,32:50.8,32:50.8,A846534,A846534,0,2F175276-1019-4D22-9AF4-F4AD331A5314
FD8151AC-1CD8-4953-9142-50F45BB9AB41,0,03:43.0,03:43.0,A846534,A846534,0,AFDFB0AB-D669-4A9E-B930-12EF86243370
EB7725BA-65A6-489B-A827-510F361576F1,142,32:50.8,32:50.8,A846534,A846534,0,A4F437C2-AF69-4B97-BDC5-91F0FE988D16
365A7FFC-62B4-4901-97C6-5125C4D1F14F,0,15:21.0,15:21.0,AETH\N270372,AETH\N270372,NULL,78890059-AF0D-4DAC-AD9C-7006315412D8
DA1DE438-8126-4B0F-B036-51310FF0C958,0,52:33.9,52:33.9,AETH\A393668,AETH\A393668,0,477816EA-2ED6-4F7A-B687-08EB0D9B2F65
56A5FFE2-27CE-433E-8BA6-5135D06A49FD,50.9,03:43.0,03:43.0,A846534,A846534,0,2F6FAC71-7173-4A4E-98C1-17F8B9215611
86145D61-3BDC-49DE-A399-51408BA107B6,0,03:43.0,03:43.0,A846534,A846534,0,23CDBB0D-98A6-43C3-9AEE-DB286C953FF6
2B20A88F-3CE1-4A6E-8644-515EC7CFBDD6,0,54:25.7,54:25.7,A846534,A846534,0,1BD26330-98D2-4B81-A417-0B0405257382
7EC0E3C5-A269-423E-AC29-51680B2776A1,0,12:31.9,12:31.9,A846534,A846534,0,DBA96C6C-50E6-4CF4-9EBF-D03BAE1DD08A
C364DB68-BE37-4758-9C00-516C4BBF0940,0,32:50.8,32:50.8,A846534,A846534,0,EA440EBE-45D4-4F6F-A212-908370B7BE4D
9C85EF71-4174-4E8B-B22E-51704302229C,77.9,56:58.0,56:58.0,AETH\A393668,AETH\A393668,0,43AF0105-8532-4F61-94E7-B96764B5F7C2
50510A95-7F84-4F0E-B937-51720F3727D2,60,56:58.0,56:58.0,AETH\A393668,AETH\A393668,0,BEAF101E-C406-4DE0-98D6-FCB13533D4F9
3ABBE308-9DFB-420B-A99F-5173A403B884,0,32:50.8,32:50.8,A846534,A846534,0,6F27B491-65F4-4F73-9F27-39847D06DD34
259F6E40-909E-424F-9D37-517B0A0336F9,32,15:21.0,15:21.0,AETH\N270372,AETH\N270372,NULL,38B534FF-9732-4B7D-A530-6E84B689CDF3
A0BA0AC7-47E7-4F68-892D-517ED8F17054,0,52:33.9,52:33.9,AETH\A393668,AETH\A393668,0,0BEE8084-0043-4935-A16F-F3BA85B5CB35
5380DBCB-9371-4F9F-974D-519080E22B62,104,54:25.7,54:25.7,A846534,A846534,0,48354F88-9201-4C5B-ACF7-2F597563169C
7CD6B836-7B6D-4217-894F-51AE6B734611,28,32:50.8,32:50.8,A846534,A846534,0,D1BB6E12-0A07-44A9-9EE9-7A21CA316522
1FABFE52-07DF-4226-8C75-51BC8D971155,120,52:33.9,52:33.9,AETH\A393668,AETH\A393668,0,3E5954AD-5F67-43BE-B82D-C020FA35B93C
3DA6CEBB-EAAE-4806-A0C7-51BD090A8F39,0,05:02.8,05:02.8,AETH\A393668,AETH\A393668,0,6A72F4EE-D1CD-49D3-B205-07ABA8EDDE93
E840A243-DE60-401A-B9F7-51CA89B578CD,0,03:43.0,03:43.0,A846534,A846534,0,C0E48DF8-0316-4153-914E-4046A34A1CDB
BF6E1FB9-23CF-4E06-9521-51D5C4535B5F,0,15:21.0,15:21.0,AETH\N270372,AETH\N270372,NULL,0C4992D5-3DEA-4D70-AF34-147C53E54AD5
D755CE7C-10F8-4E0B-BD7C-51E49DEFF076,0,52:33.9,52:33.9,AETH\A393668,AETH\A393668,0,794D83A2-A6F8-4BA2-A802-23C848CAD0F4
04DFA6D0-7443-47D3-897B-51E5CC2AB39D,0,52:33.9,52:33.9,AETH\A393668,AETH\A393668,0,011F4298-6C94-4089-935C-A799CA7622D6
0DF38859-051E-43D9-9AD0-51E7E7719485,0,15:21.0,15:21.0,AETH\N270372,AETH\N270372,NULL,C1A9FF49-9902-4404-8873-DA98F2F55373
30AF88B5-4269-4CB2-A105-521247F20863,0,56:58.0,56:58.0,AETH\A393668,AETH\A393668,0,194584A6-FE7B-4A06-8DAC-C519B1A6FFE2
B6F7C8B8-1A00-4ACB-BE3D-521FC2872A8A,217,56:58.0,56:58.0,AETH\A393668,AETH\A393668,0,182CE9B4-7943-4755-BBC4-0C651474F12A
AA44B071-C689-4518-BAC2-5220967DD484,0,54:25.7,54:25.7,A846534,A846534,0,A05A843B-778B-4FF7-8B9C-22A23E6FBB8A
DD7294B0-FDD7-48D0-8CA1-5223CA50877C,58,03:43.0,03:43.0,A846534,A846534,0,00087E4A-986D-4E6B-A28D-3D5E60DDA0BF
E1D2FE28-3891-4C25-A265-52271038D14C,0,12:31.9,12:31.9,A846534,A846534,0,17D8567D-9CD8-4086-BCCF-4F34E1CF9011
2354BB20-AB8E-4F39-BA1B-522F56BEB0EB,0,15:21.0,15:21.0,AETH\N270372,AETH\N270372,NULL,610F7253-0551-417A-AE75-5D187B260126
CC7500CF-6239-40B3-BE11-523E9E63517B,0,32:50.8,32:50.8,A846534,A846534,0,486FF9FA-FC05-4279-9B22-8340316DE09D
5DE1F4EC-4503-4335-9ADB-525E87EFA663,0,54:25.7,54:25.7,A846534,A846534,0,C16115AE-2791-455C-B1DA-9ECC62A9D93F
A2391BC7-7890-4EF7-9DCC-527082E1F1CC,0,12:31.9,12:31.9,A846534,A846534,0,B0FEBB0D-DB21-4AC7-BE38-26C0D940A6DB
9BF4C803-5603-413C-A29C-527B8C17CD0C,0,15:21.0,15:21.0,AETH\N270372,AETH\N270372,NULL,3A249C55-7106-4503-8A72-C3278AFA4865
6EA13984-723B-45A5-A24C-52839BBDE660,36,32:50.8,32:50.8,A846534,A846534,0,3E205FC8-22C4-4AD2-A34A-076933AA5BFB
7D45ED02-8A5F-4E56-939C-528E2FD359ED,0,03:43.0,03:43.0,A846534,A846534,0,E1499FCB-10D1-43D3-9C2D-8957DDBC8AE7
88A888B7-0889-46E7-BAA5-529874B3B8BD,0,32:50.8,32:50.8,A846534,A846534,0,66861FF9-D1D9-4A66-9A58-1EDF7181742D
4E6DF1F0-0DD4-40AA-ADB3-52A1FB4B42E8,0,54:25.7,54:25.7,A846534,A846534,0,DB3EEEA7-CFE4-4B24-B94C-19C6FD8F7252
C5D5042A-EAF4-4A86-A644-52A4E8A478E4,0,15:21.0,15:21.0,AETH\N270372,AETH\N270372,NULL,BC2BE74C-0D2E-430C-A6B9-46409086D8A8
F5B18F08-AD36-4C79-AED7-52AA511B1541,0,15:21.0,15:21.0,AETH\N270372,AETH\N270372,NULL,5291D306-AB7C-4BCA-942E-E039A8BFF138
A6FA5200-3C75-4453-BE5C-560B2F6912D0,23,03:43.0,03:43.0,A846534,A846534,0,2C7BF74B-E150-4C9C-841F-41A8534D604F
8A421EB2-5EEA-45F4-A0D6-5614E40B9363,19.5,12:31.9,12:31.9,A846534,A846534,0,EEF12298-2708-4641-A449-5F89C857ED90
FB7D518F-375C-43F2-8E9C-56162C287F46,17,03:43.0,03:43.0,A846534,A846534,0,A8336056-2F82-44D9-BBD8-C624A601C0DF
B924F474-6148-49F1-8C39-56199C809837,91,54:25.7,54:25.7,A846534,A846534,0,D4371278-42AC-411E-99D6-50CB3FBC9113
B55EFCF0-857E-41F3-9A3A-56280521FD38,27,56:58.0,56:58.0,AETH\A393668,AETH\A393668,0,4273A15E-0616-41CE-BD1C-19CA318FB2C7
D998CBB5-1376-4587-BA7F-562A864EED1D,0,52:33.9,52:33.9,AETH\A393668,AETH\A393668,0,031EE158-6DF6-4472-8F7A-469E9444118E
30D7823D-499C-42D6-985D-563069CF1E73,22.7,03:43.0,03:43.0,A846534,A846534,0,5F3322F1-23F2-462F-9748-29FD37F10B8E
806DB587-E4AF-42FC-8696-56448FA2C143,1.6,52:33.9,52:33.9,AETH\A393668,AETH\A393668,0,A90FA4C9-70E4-463C-B977-9144D51BF61E
A6433000-1099-4FB9-A997-564B802E6027,31,32:50.8,32:50.8,A846534,A846534,0,3CBEA8A0-2922-44BF-8CAF-3BDF5AC44484
11DD8DE1-53EA-4D0E-A944-5651A3B4411E,46,15:21.0,15:21.0,AETH\N270372,AETH\N270372,NULL,36EE1248-553F-40D7-ACAB-AA24F9FBA95A
A17FE40D-1F63-4C6A-89C1-565BBAEA6C47,0,12:31.9,12:31.9,A846534,A846534,0,AFB98697-C325-4084-8473-F09A6E936C4D
314E82C7-D535-4B57-BFE6-565EE4932EBB,0,12:31.9,12:31.9,A846534,A846534,0,73C8CA13-F580-42D7-9A10-6145C9494CC7
047D8A7E-AFB9-44B4-806A-566512154F93,0,03:43.0,03:43.0,A846534,A846534,0,F90A337C-9174-473E-A6BF-6BDC44D52B93
86CD1865-19B5-4189-BA66-567EAF5D436E,52.1,03:43.0,03:43.0,A846534,A846534,0,BF278270-ACC7-4059-970F-EEDD49475D51
5821796E-BEF1-46D4-B9F1-567F054E2576,0,32:50.8,32:50.8,A846534,A846534,0,640A145C-15A5-4691-AA2E-A81D9CFDB4DC
7757DE41-92FD-4329-BD38-567F061E28D2,0,12:31.9,12:31.9,A846534,A846534,0,463020DF-6A7E-44C6-B04E-D4937FFD9BE1
C332192A-6A62-408B-84C9-56838FCE1644,0,56:58.0,56:58.0,AETH\A393668,AETH\A393668,0,828854EE-B4DB-4C33-B1C1-96657810FD35
58035C7C-5902-443E-8776-5696FC91FBD0,0,56:58.0,56:58.0,AETH\A393668,AETH\A393668,0,6D666E20-B7A3-45CF-A567-F7E73854EC31
9B8FAA15-EBA2-46A7-A4E4-56A84A88262C,0,56:58.0,56:58.0,AETH\A393668,AETH\A393668,0,24830B1E-EF14-41C1-B5BB-D6497034B1C8
02D74132-BA7F-4A08-A3AC-56C1E3C2B85D,15,54:25.7,54:25.7,A846534,A846534,0,C067E678-36BC-486C-9D25-0028AB5E63AA
C625CB43-0574-41E2-A5AF-56C3A0CC4678,0,52:33.9,52:33.9,AETH\A393668,AETH\A393668,0,C22E5E33-0555-4266-BC98-1DD30D0A2E3E
C34E4DBF-E6D7-4738-A208-56C4FC627705,0,32:50.8,32:50.8,A846534,A846534,0,68B98CD6-8FAD-4E3E-873F-80A1090F7BBF
D2F86A31-D7F9-4EC1-96FF-56C5F66F6687,3.9,54:25.7,54:25.7,A846534,A846534,0,A84C4E61-06EC-4B9E-B3E9-8B545AEA86B5
11FFBB1E-DE77-47B9-9BF5-56C9E5487578,0,54:25.7,54:25.7,A846534,A846534,0,151921E9-510F-4EA3-9AD8-319E60D5F088
B9B5FBA7-2E8B-44D4-8EF8-56D20E644290,48.4,32:50.8,32:50.8,A846534,A846534,0,01B50E9C-ACCE-408D-B625-FB7678D5A8C4
AA15C96C-D25A-428F-B772-56E158C2B4D5,0,52:33.9,52:33.9,AETH\A393668,AETH\A393668,0,084DDEBB-D5A5-42B7-91AE-6D58C7451891
01AE1688-A495-4BD3-9834-56E75C2B053B,0,52:33.9,52:33.9,AETH\A393668,AETH\A393668,0,6D09E47C-C3F6-4F7B-9A61-A65E9E88FC9D
2F611A5F-D7F4-41A1-82C3-56FD23A96215,0,32:50.8,32:50.8,A846534,A846534,0,F3826E2C-404B-4556-A7B6-58D3196E1BA6
F8F57434-CC63-47A3-A160-57313F24504B,0,32:50.8,32:50.8,A846534,A846534,0,F082BC6A-6A93-4EB1-A3F1-F14A26E93359
3E0930CF-754E-4C9E-9328-5738DB1D0C80,0,56:58.0,56:58.0,AETH\A393668,AETH\A393668,0,10A65F05-4095-4325-B9D4-B5B896DC8F42
4DA1F5BB-D55A-45FB-846D-5745D4B16576,0,52:33.9,52:33.9,AETH\A393668,AETH\A393668,0,8D9901DE-1D0D-483D-BBC9-7AA7590CE8ED
CB89C934-A2F6-47C6-B107-5776E8240A12,149,03:43.0,03:43.0,A846534,A846534,0,7C83AFA1-F060-4E67-BF21-0189594DCCBA
D42DE676-B1C8-4103-B85F-578159006FCD,0,52:33.9,52:33.9,AETH\A393668,AETH\A393668,0,9CF0CBF5-16C5-4D59-926F-3C61F07C6691
CC724E6F-D207-430B-81C5-5787B1FE081F,44.8,32:50.8,32:50.8,A846534,A846534,0,45A9F9F5-2A1A-4363-A5FA-334E404BF755
4D0A4CA5-FDE4-4AF4-9EF9-57884A4035EB,0,12:31.9,12:31.9,A846534,A846534,0,3077536C-624B-4652-BB0B-2C97394BD16E
C34D6355-2760-44E7-8E09-578D482BFB7B,0,52:33.9,52:33.9,AETH\A393668,AETH\A393668,0,3F013130-6EDD-4DAB-8181-39AA4CE5D4F8
7FC779F5-3B5E-452E-8328-57B0754C4318,0,03:43.0,03:43.0,A846534,A846534,0,2DA71A44-08FA-47E2-8D5C-9BCD07AD1381
F3EF56E7-6ECD-4163-8113-57CCDBA07501,0,56:58.0,56:58.0,AETH\A393668,AETH\A393668,0,8289429E-CAFC-4D5C-A323-40654434C83B
20B999E8-1562-402C-B38B-57DF497A264B,0,32:50.8,32:50.8,A846534,A846534,0,BA5E2053-9E6C-4556-991E-C4B47FDCB4F4
2CF5237A-21C3-4F42-A3EC-57E574572A42,13.9,12:31.9,12:31.9,A846534,A846534,0,5FD5C08A-3FE4-4A35-9B44-5C5CAC272AE7
55320E3A-8825-4659-976A-57E7D9711213,0,32:50.8,32:50.8,A846534,A846534,0,5BB2EEAF-78FD-4531-824C-67A698DE6373
51F399B7-97FE-4DAF-BFFD-57FECAD9A30E,0,54:25.7,54:25.7,A846534,A846534,0,35FFB376-2979-4554-9551-A7CC7D064852
175141FD-3442-483F-BFD7-582C0ECDF40A,0,12:31.9,12:31.9,A846534,A846534,0,84E44429-FEBA-428D-AEE9-2FF0FA755A3D
A6E53D37-1D62-4645-9DCA-582DAD92F9C6,0,32:50.8,32:50.8,A846534,A846534,0,6816521E-4F10-486D-B445-A8202F43FB04
F9CB3083-85CA-40AA-BF9C-583727BE1EF3,63.8,15:21.0,15:21.0,AETH\N270372,AETH\N270372,NULL,52939AF9-DA89-4A44-BB46-AF998B2E90E3
278A7DE6-AFF7-4FC5-8797-58397D5ACDA7,0,03:43.0,03:43.0,A846534,A846534,0,17EEE516-E43B-4F13-BB95-F5FAE8750945
7DCD9662-41C9-45FF-A8D9-58459F1A880B,68,52:33.9,52:33.9,AETH\A393668,AETH\A393668,0,102B114D-737D-4BF9-9A29-F4AB292B5E17
EC635395-74F6-4B25-A64C-585DA3F53D73,0,54:25.7,54:25.7,A846534,A846534,0,F23EB211-AFCD-4AA9-B93C-0A376D3F11E3
BA005DD5-63DD-45FC-86DC-5861272DCD9A,0,52:33.9,52:33.9,AETH\A393668,AETH\A393668,0,62F07384-894F-4CC8-B6CD-EDE1AB48C380
B6D800AF-1CAB-419C-8C15-586526E750CE,92.6,03:43.0,03:43.0,A846534,A846534,0,8E493A96-8514-4EB9-B156-057489D1693B
5019E746-47C4-484E-BEEE-5894A02EB958,0,03:43.0,03:43.0,A846534,A846534,0,32A7E409-1CE6-4C27-A3B3-E27E456F9551
1973C296-75D1-4C75-80A2-58991B3DEFFE,150.1,12:31.9,12:31.9,A846534,A846534,0,9E20CA8A-04DC-4236-BA50-873719740B3D
341B5011-E1D0-49AF-848C-589D31E56729,0,56:58.0,56:58.0,AETH\A393668,AETH\A393668,0,CC4E1282-09DD-4E8C-BD1E-D30F632B603E
21A044C9-98F2-460E-8DB1-58B23AFA5546,109,03:43.0,03:43.0,A846534,A846534,0,3E338354-0B46-44B3-BC28-9E8CA93A1119
7928DC7C-91EB-4FAF-B4C5-58BCAFA31014,39.4,03:43.0,03:43.0,A846534,A846534,0,5AD9C692-6180-4DDF-909C-F4EE52B06CCD
65497FBA-24CB-419F-9782-58C71FC72870,0,12:31.9,12:31.9,A846534,A846534,0,8AB54563-8B75-421A-890B-E4205896C463
38BC71CB-F97A-4481-93FA-58CBA586149A,0,03:43.0,03:43.0,A846534,A846534,0,93AE4359-A8AC-46B2-9C68-C23AFFA23FAC
3524F060-B2C2-4E22-AA97-58CF6359BFD8,0,52:33.9,52:33.9,AETH\A393668,AETH\A393668,0,217B1BEC-01D9-4FC8-8BF8-E5CBD9C97890
0582796E-1435-4ECB-9839-58E9C8772993,0,03:43.0,03:43.0,A846534,A846534,0,CD06EA0A-3B95-423E-B1E8-40AD99216870
0C43B1D6-D8D9-4D88-9E54-5915AE28C84E,0,15:21.0,15:21.0,AETH\N270372,AETH\N270372,NULL,9DF1C0EE-D638-4492-AB0F-8BA0DE5906C9
A8084ADF-5964-4676-9CD3-5919459EB616,0,56:58.0,56:58.0,AETH\A393668,AETH\A393668,0,273BCA19-F364-4965-B14A-D46117CBFD62
ADF4ECA8-D818-4543-BB8B-5926689BD729,0,52:33.9,52:33.9,AETH\A393668,AETH\A393668,0,CD9BF865-9763-4826-8CDF-1656FCF27D4F
427DA115-05F4-4322-A402-5948261E26FF,0,12:31.9,12:31.9,A846534,A846534,0,42564C5D-8AF7-4E30-841A-0F3EB06BFC88
CF878616-721E-45E3-9585-594D6A2D9C6D,0,03:43.0,03:43.0,A846534,A846534,0,6C681C6B-DFE7-4FCF-B464-6A34CA690962
AA51E32C-FC0C-4872-967E-595DF8D438E2,0,15:21.0,15:21.0,AETH\N270372,AETH\N270372,NULL,F743B4EE-CA14-4622-A199-4F340BD62B64
A433A982-384E-4E7F-83F2-596E8A9AE8CE,0,52:33.9,52:33.9,AETH\A393668,AETH\A393668,0,A691738F-7C98-454F-AF7D-75244A0000B2
141365AB-77EE-41F0-818C-59957FEF72FE,49,56:58.0,56:58.0,AETH\A393668,AETH\A393668,0,5F3DEB45-6CD8-4FFF-839C-5DD71D35AB54
E4F68AD5-79BF-4CDE-BF21-59A60B08D44E,0,56:58.0,56:58.0,AETH\A393668,AETH\A393668,0,CD5C5158-CD37-4714-A607-C799CDD48527
331A05B7-E880-42CE-A80E-59B6DE4A33C4,0,56:58.0,56:58.0,AETH\A393668,AETH\A393668,0,E18F9D83-ACDD-44C3-BCF5-8E968849E13D
536B9AA4-715F-4D13-AB93-59C6F7688637,0,32:50.8,32:50.8,A846534,A846534,0,DBA9461F-EC1E-4682-A329-3BA50C605237
363F7BCD-7137-41F9-8648-59D5BFBB1E21,0,56:58.0,56:58.0,AETH\A393668,AETH\A393668,0,2E6F57AD-6994-496E-A934-007FBCA3BC2E
632BCC82-A042-4BC5-9D31-59F269D57ACA,44.9,32:50.8,32:50.8,A846534,A846534,0,236C6779-E72D-4CF9-A45B-48288FE87FEF
83D184ED-6F3D-4A42-9C74-5A1097D9A56B,0,12:31.9,12:31.9,A846534,A846534,0,31AF7120-696D-4C1F-8FF1-BB7114596B5C
F03DE3B4-296C-4AA8-A960-5A11E9BE5A75,22.8,32:50.8,32:50.8,A846534,A846534,0,E357BE50-A620-48DA-AA6C-F1EC18035417
9D7CC39C-D801-4D79-A03A-5DC7C2F3A66D,39,52:33.9,52:33.9,AETH\A393668,AETH\A393668,0,1BA790E3-98BD-45FA-AE64-78E42582D1F4
4B6D3FCB-0F84-4D51-8D25-5DFFED9772A0,0,15:21.0,15:21.0,AETH\N270372,AETH\N270372,NULL,0CA01B1A-9EA0-4E6F-A16F-BD0C6E661ABE
ADFBA882-ECF0-4ABB-82AE-5E0313EBAF02,0,56:58.0,56:58.0,AETH\A393668,AETH\A393668,0,AB63235F-6898-49BF-BB7E-73B182959DCA
30516D02-1437-4E0E-A807-5E0B7B5097BC,0,12:31.9,12:31.9,A846534,A846534,0,6792A90C-7FA4-4541-9649-0F6ABCD19CE6
19C4B45E-0440-461D-995A-5E0D5F19BB04,0,54:25.7,54:25.7,A846534,A846534,0,869AA06F-B750-4E3D-BCA2-C765F82D9ED9
D6FB6C70-D832-4AE3-BFE7-5E0EF309080E,0,32:50.8,32:50.8,A846534,A846534,0,4F7C3747-C5CF-4F99-A0AD-88A82496A60F
3A493104-A971-47BA-9BC9-5E14D515F735,0,15:21.0,15:21.0,AETH\N270372,AETH\N270372,NULL,EAD906AA-F1EF-41B9-B957-C982E0A615EA
D9624605-FAB3-431A-B3BE-5E2EF7076187,0,03:43.0,03:43.0,A846534,A846534,0,728CE33B-1C0B-4207-BB3C-EA8E8622724E
B13684EF-1B08-46C1-B043-5E387B83D012,41,15:21.0,15:21.0,AETH\N270372,AETH\N270372,NULL,50146FE6-3207-49AA-98DD-F42FE6E9844E
C7FB1199-426F-4282-B9B3-5E3AB97A7DB3,0,56:58.0,56:58.0,AETH\A393668,AETH\A393668,0,ABE80C6C-9377-4736-B36A-F3E75F592855
319C26B9-3A81-4D4D-A2B0-5E3E29D321EF,0,54:25.7,54:25.7,A846534,A846534,0,BFE4B55D-902B-4862-8FD7-0A14EC45F34A
15C8C228-FD89-44EF-A23F-5E4A4DEAF69E,0,32:50.8,32:50.8,A846534,A846534,0,DB802FF2-2417-4A7F-B0F0-5208E7CFB516
E28880D1-E49D-4221-A6F9-5E4C77E9FD3C,98.4,03:43.0,03:43.0,A846534,A846534,0,DD5F6ED6-3912-4C31-BC98-D7E8E54FB314
686B12F8-0A00-4470-8BDC-5E618C20FD6E,0,15:21.0,15:21.0,AETH\N270372,AETH\N270372,NULL,09EACC89-90B7-46EB-B525-D60803ECF96C
39EC7E6B-C711-471E-8D02-5E630C545AE4,0,32:50.8,32:50.8,A846534,A846534,0,464DD24C-63AA-4030-8A3D-A458DCBB2E76
0885945B-8768-4D2D-AA8A-5E6CDC96373E,82,32:50.8,32:50.8,A846534,A846534,0,509A6316-50EA-4318-A95F-58D92B7B6F8E
6153A980-095B-4AEA-A01E-5E76665036E0,0,54:25.7,54:25.7,A846534,A846534,0,ECD261B5-7D38-4723-AC08-EA10870222D3
987E761E-9CE2-4C3A-95DF-5E8135827C8B,0,52:33.9,52:33.9,AETH\A393668,AETH\A393668,0,4D3565E3-F98E-40CC-9B42-C2FBCFD69F37
769CC6DF-3FC6-4839-A507-5E81FB2C6804,0,15:21.0,15:21.0,AETH\N270372,AETH\N270372,NULL,3DEA20FF-862A-4A3C-848F-7179F72A08C5
AED34669-5B8F-4925-AF2D-5E8BE43C7AD5,13.3,03:43.0,03:43.0,A846534,A846534,0,A135F3E9-C11E-4E19-9E2B-16DEC61E8352
5C7E6F8D-6E06-4ED0-A570-5E94AA996146,6.9,56:58.0,56:58.0,AETH\A393668,AETH\A393668,0,AC01E5CD-7105-4619-9459-03F695A385D4
BEA7BE3E-5F5A-4C33-9E8D-5E9C20C006A8,58.8,54:25.7,54:25.7,A846534,A846534,0,C635FE3F-A8F8-413A-861C-BB59D8988C93
DB24AFB9-56B7-4CA9-990A-5EA49A46321F,0,54:25.7,54:25.7,A846534,A846534,0,B2C21F64-6ECD-4980-9AE2-30A7AC1232BD
B6BABBA6-D2AA-40F9-BE04-5EB5F13DB5FF,0,15:21.1,15:21.1,AETH\N270372,AETH\N270372,NULL,34C92622-F6F4-4C35-867D-9E9E8828A706
E0EB0F6C-B17B-40DD-BABD-5EB7F38BF6CF,0,12:31.9,12:31.9,A846534,A846534,0,3D47452A-DC3D-47B6-A15E-115A24343E56
BE40A0B0-7ED5-42C7-8725-5EC07B4EE2CD,0,03:43.0,03:43.0,A846534,A846534,0,7ABFDC9A-00F7-4393-93C8-F7A2EB86E0F9
C880B115-C01B-483C-BD21-5ECD238F5954,0,03:43.0,03:43.0,A846534,A846534,0,9FCC4BD5-4E11-4841-9950-31ADFC91502C
5A215A3F-3347-41C7-A572-5EDC906971E8,0,54:25.7,54:25.7,A846534,A846534,0,CF10DFE4-8F12-4176-81A0-943C2433112C
EF867C19-AC98-4DAF-8CAA-5EF11679F193,41,12:31.9,12:31.9,A846534,A846534,0,B3D8AC81-E5E8-4E4E-8F68-CBAADE509216
CA1221AC-40F8-4247-B923-5EF554AC9D7F,0,15:21.1,15:21.1,AETH\N270372,AETH\N270372,NULL,C5E69838-356D-4F03-8CA0-D8711241CDE6
8512F1CC-8E6B-4CFD-83FD-5F134309AD12,0,54:25.7,54:25.7,A846534,A846534,0,AAC5B782-C943-4F3C-B0BF-82200F1A400E
DF85D9EB-E65B-4667-A0E3-5F342D98B73C,0,03:43.0,03:43.0,A846534,A846534,0,42295453-24EA-45AE-A40F-90F7A15A7115
3AE5A37F-7E58-43DC-85B8-5F3CFD90D7C9,0,12:31.9,12:31.9,A846534,A846534,0,A130502F-8AC5-4023-A287-E8828813C7A2
6D633736-F81E-4E20-A618-5F3F4E3BB5CC,0,12:31.9,12:31.9,A846534,A846534,0,1C8A8E0B-4F93-4E0A-BD81-CFDAB329CA2C
C39E5066-78D7-4B81-87C6-5F40B7C62B71,0,03:43.0,03:43.0,A846534,A846534,0,D6A1A6EB-225E-4F7D-8D2E-2FF234D1077C
49E2C720-3832-4E5D-91B0-5F629DEDE069,0,54:25.7,54:25.7,A846534,A846534,0,2F0110A5-20D1-4C7B-87D7-C872333ABAD6
A334B704-47B8-4316-9CA4-5F69B38CD96C,0,54:25.7,54:25.7,A846534,A846534,0,8E839C93-BA26-44E0-A043-80A323A0D476
AA24ED43-FCAD-4D22-AA18-5F707ECFCF64,29.8,15:21.1,15:21.1,AETH\N270372,AETH\N270372,NULL,A79BD11D-F3F2-4DAF-B4EB-1BAC6B68893D
57E73D5C-DE85-4B76-8331-5F7E55CA7102,10,56:58.0,56:58.0,AETH\A393668,AETH\A393668,0,E31CA53E-CAA7-41A7-99D6-2C28E9F7664E
CACDB02E-9807-4E73-9EA0-5F896EFBD44B,69,56:58.0,56:58.0,AETH\A393668,AETH\A393668,0,0F3AC38C-F9DF-44AF-B27E-C0A40835DC73
7471521A-0442-4760-AD15-5F9D1AF3625D,33.9,52:33.9,52:33.9,AETH\A393668,AETH\A393668,0,0E41B4ED-EC41-4CCC-9C72-777C7DDEBA65
398ECF8B-4903-4894-83EC-5F9E6A64CB38,0,32:50.8,32:50.8,A846534,A846534,0,58783A6E-40A4-4171-B55A-AEDAD7878590
41A2733A-C7D5-4A33-84D2-5F9EC74ABAAF,33,12:31.9,12:31.9,A846534,A846534,0,C95428D4-4971-4BB1-A61E-36F942A176AD
778D45F2-1653-4085-AF51-5FA29AF0BED2,0,12:31.9,12:31.9,A846534,A846534,0,1D044446-9089-4B28-9E71-47CF47B76BD4
066EA2DC-84FB-4139-BEE2-5FA416036BF5,0,12:31.9,12:31.9,A846534,A846534,0,BF059F80-C780-4ED0-BDD8-FBF763610FB5
3A84859C-BC7A-4398-B0D3-5FAED3ABC122,1.7,12:31.9,12:31.9,A846534,A846534,0,B541EE9B-0D45-4F79-8A9A-EEB36A7651F1
05DEDE3C-EC0B-448D-840D-5FE369F633D9,45.6,32:50.8,32:50.8,A846534,A846534,0,C53000DE-D11F-46B9-9A81-EE4DF442F475
FCE8FEB1-F871-43C6-BAD2-5FF1AFBA77A8,0,15:21.1,15:21.1,AETH\N270372,AETH\N270372,NULL,53FC3338-AB06-4FD8-B84C-2EE7B9AC132A
06D91EAD-D6C6-4358-94F4-6022F1B0529F,0,03:43.0,03:43.0,A846534,A846534,0,DC68B161-B75E-47F6-BD9C-3C919E956E92
5A1C878A-854A-4FD8-8948-602901C96AB2,43.3,03:43.0,03:43.0,A846534,A846534,0,CA8107D7-F132-400D-A625-E3F0800E920E
A7D6E16A-6B1F-4305-B09B-605267F9F0FF,39.1,12:31.9,12:31.9,A846534,A846534,0,2B4E22C3-1A95-4CD0-BA58-47551C08754F
C49360C5-B2DB-4C02-8CE9-606E5327AB27,0,54:25.7,54:25.7,A846534,A846534,0,3B399D3D-9BA0-419D-8C61-7723E2AAF6FD
B35586BE-7418-471C-80AB-6078D77B9B77,7.3,15:21.1,15:21.1,AETH\N270372,AETH\N270372,NULL,36C99F83-7023-4115-8302-6C38FD3A5C59
4D8D3E05-D435-46C4-91F5-60928C83DDF7,0,52:33.9,52:33.9,AETH\A393668,AETH\A393668,0,E3727847-0A79-494E-B062-1BB5965F0216
D1966EF5-6BF8-4C11-A949-60A76E8FB61A,0,03:43.0,03:43.0,A846534,A846534,0,0B54ABCD-3750-4F5E-AC14-50B052101545
0BAEAF91-28BE-414C-9012-60A8AF60951B,0,32:50.8,32:50.8,A846534,A846534,0,D4FB34D0-EC1E-410E-8376-0F65AB8AC525
BCDD4322-8134-46AC-92C7-60C67B5E0961,0,12:31.9,12:31.9,A846534,A846534,0,CEDE8E0D-54E4-421A-B214-22B6A9152534
C1E615C1-8658-4A7F-9551-60D1319EBBCE,70,15:21.1,15:21.1,AETH\N270372,AETH\N270372,NULL,B176315C-5149-45CE-8B39-575BA43E7BA6
C26724A8-8FE5-4E3E-BDD9-60D90B505FD8,0,03:43.0,03:43.0,A846534,A846534,0,2B3DE01F-F15F-443F-A01A-64988E71DC04
FC2CDDAB-17B6-4BAC-B856-60D910F1459D,0,03:43.0,03:43.0,A846534,A846534,0,0A000D10-0624-409B-9496-62EAD8CF46CB
B2C3463F-09D3-46AE-A9F5-60E306F82757,0,12:31.9,12:31.9,A846534,A846534,0,25827E7E-40DD-4E55-870D-73327BE98AA9
ACB8A62C-8E31-4CE0-9516-60E84615398C,0,12:31.9,12:31.9,A846534,A846534,0,6B5588BF-929E-45DC-B1D6-EEA32AE3EBB1
900A850D-468B-4A4D-B6CF-60FED7790CB4,9,32:50.8,32:50.8,A846534,A846534,0,C886CE0F-7469-4785-B066-957A57BC72ED
7E282526-38AD-47C1-B6CB-610415E30CC6,0,32:50.8,32:50.8,A846534,A846534,0,C9F8C94B-37E2-4E84-B880-C3E38ACCE26B
1B5F7672-5889-4F34-8BD5-611EBCF2B4C2,0,12:31.9,12:31.9,A846534,A846534,0,233AE6C1-A795-49AF-B7BD-3EED88FC2C4B
0A9F1CC7-B405-42A1-ADC1-6122DA49A734,0,54:25.7,54:25.7,A846534,A846534,0,35702E32-CA18-40CD-A08E-87BC28B77D18
50BB3426-C57A-461C-B93F-61298FE4B4E9,0,15:21.1,15:21.1,AETH\N270372,AETH\N270372,NULL,0A35B806-BF17-4DD3-8C44-D82CDDA66A91
5296EF27-21D2-4218-88B6-6131F7B437F2,0,03:43.0,03:43.0,A846534,A846534,0,1792B2E9-014C-47A0-A25C-AB9AA4C6311A
88BFD2E0-2CD2-410E-8D0F-613EEA87AB2B,26,12:31.9,12:31.9,A846534,A846534,0,958047D9-858F-453D-84B7-8690DCB64294
E6CC697F-A6D4-458C-9F20-61449A75B89F,0,52:33.9,52:33.9,AETH\A393668,AETH\A393668,0,53D9BF9C-AE7F-4BD2-B4D9-7573DCBFF2A5
0F750522-927F-4D4B-93F2-615342CB452E,0,03:43.0,03:43.0,A846534,A846534,0,7A3DDDF3-AB1E-4DFD-B6A9-F2A636972AA5
B780AEA7-4609-460E-8FA3-6158F49D8604,0,54:25.7,54:25.7,A846534,A846534,0,4B71E626-4E79-4BDF-9F9D-F578AC71232C
A040B0E3-EA8E-42C2-9E47-61725931B755,0,03:43.0,03:43.0,A846534,A846534,0,7BEFC8F6-6C36-487B-94D2-47DD8C37602E
E20F68CD-202D-4002-B404-6184903A0F40,0,54:25.7,54:25.7,A846534,A846534,0,11003F5E-CE12-4726-9F3F-B43F68FB0C93
3FBB1DA9-B26C-4741-8EAF-6195C03BCFB9,0,32:50.8,32:50.8,A846534,A846534,0,74AFB1AC-B775-4544-B75C-60E378575D6B
B0BE8C77-90AF-4DA3-B0C5-61982DA7F31F,0,12:31.9,12:31.9,A846534,A846534,0,AE66D8CF-2363-43F2-8F7C-98CDE1039368
3FC2E141-1C0D-4C8A-BFA1-61A1648D4286,0,32:50.8,32:50.8,A846534,A846534,0,DE18E28E-5D99-440F-84E5-04B56EF97302
376C1F1D-3D0F-4481-A387-61B7C58C969D,59,56:58.0,56:58.0,AETH\A393668,AETH\A393668,0,2CCF43BF-B64C-46C8-87B8-98AC9ACF0258
61F74DE3-BC2F-4EE7-88A6-61C996A91E78,69.1,52:33.9,52:33.9,AETH\A393668,AETH\A393668,0,18F603FD-9501-4A59-AE0C-ED223897484B
1F0096A2-327D-4D9C-A973-61D4D3FD182C,0,56:58.0,56:58.0,AETH\A393668,AETH\A393668,0,66D772C5-7EAF-47FA-89B4-3197C434BE0C
9999107A-055C-4370-9F90-61DF84C935BB,0,15:21.1,15:21.1,AETH\N270372,AETH\N270372,NULL,370C187C-3D75-4FDE-9DA6-AAB3F3A8F029
DC94C0A7-9E1E-4545-9661-61ED8104E8CE,0,03:43.0,03:43.0,A846534,A846534,0,9A9C17E1-6FB9-4110-AA82-9F39F04B4872
3ADCE7DC-32EA-4804-9179-61F4056876C5,0,15:21.1,15:21.1,AETH\N270372,AETH\N270372,NULL,E6C04B8F-8239-4D16-89C8-E5609523C971
9440CF8C-2388-4577-BF2B-6206AAA24F5E,0,54:25.7,54:25.7,A846534,A846534,0,B5AD642B-9B44-459A-9EC4-61E8953E75EF
A0306CD1-DE74-4071-863D-6216384CFE67,0,54:25.7,54:25.7,A846534,A846534,0,BA594679-CBD7-422F-A7F0-E1484FAEE16C
EFF97CFC-957D-486F-BCFF-621EF4E6FD74,0,03:43.0,03:43.0,A846534,A846534,0,213DD119-F797-496C-A091-EBC1EB4A3CE0
2CF24EF3-9453-4C02-89F1-623B135E0872,88,15:21.1,15:21.1,AETH\N270372,AETH\N270372,NULL,40A427A4-2EC1-4637-AB70-186278BA0D4D
93EED811-2544-4311-86E0-62435EC6A8B4,29,12:31.9,12:31.9,A846534,A846534,0,86A706AF-14E3-420E-A745-DA1A9B29C227
DC26C4F3-6B0D-446E-A40E-624B8FAB384F,0,54:25.7,54:25.7,A846534,A846534,0,95E7DD99-FCAD-4D19-9420-3E5AB2C165E1
A2A220AB-79B7-46AB-AB1F-6618014B163C,84.1,15:21.1,15:21.1,AETH\N270372,AETH\N270372,NULL,B731F6DC-5ACF-4A3C-8A07-4D9BDCCB928F
9229E5B9-3128-4B49-A379-662574F382C4,57.1,15:21.1,15:21.1,AETH\N270372,AETH\N270372,NULL,14EAD1C0-436A-406D-AD16-F1A5F1AF4AB7
B86B9614-DEFA-48E5-805D-66361E9F62F6,0,03:43.0,03:43.0,A846534,A846534,0,D079CFA2-1AFD-4405-ADFF-D058E57CEFC9
522CDC24-A116-45DC-A257-66365E449F29,7.6,52:33.9,52:33.9,AETH\A393668,AETH\A393668,0,76114BDC-26AB-4BDB-8086-BCAFE9C660A3
2C39DC40-BD6C-416D-B570-6636CF9E044D,21.5,12:31.9,12:31.9,A846534,A846534,0,C7565532-C423-47D9-8DD7-F0ED3A9DCB1F
B7A7E6DB-0AD8-40E7-9D15-663ABC743735,0,56:58.0,56:58.0,AETH\A393668,AETH\A393668,0,90C3B715-14E1-46C1-B1DC-C1BD3DAF9F74
47824D69-2BE0-4629-9EA9-666C3A8D1CBF,0,52:33.9,52:33.9,AETH\A393668,AETH\A393668,0,BA34E940-F452-4108-9009-0CD6C9778711
0875391D-DC98-487A-A3EC-667F50A381A9,68,12:31.9,12:31.9,A846534,A846534,0,AF6AF273-3FAF-4DB9-9899-F2E3C4A779A1
91804810-EA33-44B2-B39B-668936F7EDB0,0,54:25.7,54:25.7,A846534,A846534,0,12423D79-359B-4E73-AAB8-B3D7B4358050
89EEB207-A966-4D47-8DAF-669A01434ADF,27,52:33.9,52:33.9,AETH\A393668,AETH\A393668,0,71825F1B-45DF-4552-B283-F492F0FDCC27
96107F15-F994-4EA3-8526-669C39C9A6DC,0,56:58.0,56:58.0,AETH\A393668,AETH\A393668,0,A9AD7504-1C17-4227-8240-0C2F8FD0787B
C749F9F7-9B87-4220-A903-66A392D5C586,0,52:33.9,52:33.9,AETH\A393668,AETH\A393668,0,9B00C7F7-78F3-4092-9D61-4C8CF37A61BF
5217530B-3017-4D7E-83F6-66A6258D95FD,0,03:43.0,03:43.0,A846534,A846534,0,B0FA05F1-E06D-466D-9D98-4F2987FAF424
E8083C4B-2C48-4E63-B134-66AAD3A176EE,0,56:58.0,56:58.0,AETH\A393668,AETH\A393668,0,064980CD-BF47-4913-8405-D90BACD8E55E
A2838260-355F-4524-B4C3-66B6373B8EF4,0,32:50.8,32:50.8,A846534,A846534,0,0DDEBBE7-C111-4DB6-B9D4-3A7127880F37
0E4F6381-5828-4BBD-B885-66C204BCC51E,0,52:33.9,52:33.9,AETH\A393668,AETH\A393668,0,CC8D96EF-DF7B-4F87-B978-EE50FBB9F4E3
C3DFFB81-D72E-4EA8-9675-66C5F2309F64,0,03:43.0,03:43.0,A846534,A846534,0,8B774634-E5EF-4469-BCA2-5F1BF11A75D7
8A47CC03-E2FD-43C7-8367-66D510C308F0,39,03:43.0,03:43.0,A846534,A846534,0,5706DA71-EC09-4EE0-B199-8556FC543814
E5A3FCAF-6C0A-41E1-A466-66D95D1DDA27,0,15:21.1,15:21.1,AETH\N270372,AETH\N270372,NULL,22FFC01F-9844-488D-8E1F-69757156F4DD
678596B8-FD70-4A5E-8A12-66EC440BE0DB,0,12:31.9,12:31.9,A846534,A846534,0,9E3F7D97-0F4D-430F-B312-13E436BF284D
B1EB1D28-6F76-4DCA-A6FA-670109A8851E,67,03:43.0,03:43.0,A846534,A846534,0,1884BB5E-73B6-41FC-97CC-22B0E786260B
8B8C17E6-BAC2-4E12-BEE9-67141528936A,0,15:21.1,15:21.1,AETH\N270372,AETH\N270372,NULL,EB2E4F5D-A0A3-4C2B-B367-06D51EB8DA64
E4419818-0D47-49D9-AE28-67231431AD98,0,03:43.0,03:43.0,A846534,A846534,0,BB583AED-CDC7-4053-8FC4-BCB41454A5E5
A6479852-ECF0-4014-A164-6740C9CADB0E,0,12:31.9,12:31.9,A846534,A846534,0,4F0C8577-44A1-4382-8909-0DEEFA2AE59C
6DB48474-48C3-407E-AFE3-67B6A99F9FAA,0,32:50.8,32:50.8,A846534,A846534,0,3EF4125C-2001-49C7-A70C-6257829B9A8B
8B2DE511-5132-4E3B-9EAD-67BBB7D347D6,0,32:50.8,32:50.8,A846534,A846534,0,2246CEDD-B449-4ACB-9770-E9D3779F0103
8EB103CA-1769-4253-AD93-67C0A190F9C8,50.6,12:31.9,12:31.9,A846534,A846534,0,D9D90661-3C77-4D46-9050-AF4108268E79
88DE06BC-E826-4171-BC1A-67D38E9B3728,0,54:25.7,54:25.7,A846534,A846534,0,C06550BA-8EF5-457B-B717-79EF85C66C6F
D048E1DB-6AED-4F9A-A475-67DE72A87CB5,0,54:25.7,54:25.7,A846534,A846534,0,19F973DF-9A54-4775-9F91-BD53830A1BF8
3E7FA55A-8253-40BF-8FA4-67E186686989,0,03:43.0,03:43.0,A846534,A846534,0,DB9CA577-DFE1-430F-A839-03B06B2EEDA5
DC960272-ED3B-4D6C-ABDD-67E767A6B2B4,0,12:31.9,12:31.9,A846534,A846534,0,B59F2C7D-85B4-46A7-B9AA-27042EDBE3B3
15B06862-E564-4DBC-BDC9-67F9DF9F4AC2,15,32:50.8,32:50.8,A846534,A846534,0,C5889214-5ABF-4587-8BA1-4E42913668F7
F717D9C6-2B14-432A-A426-680F76FF7801,27,03:43.0,03:43.0,A846534,A846534,0,C4F1A1CD-9408-48E0-8981-83C2CD42BD71
CFA423EB-5330-46E9-91AA-68161B7A3ED6,28,03:43.0,03:43.0,A846534,A846534,0,CA899F3F-5B9F-48C8-BF9B-1A758116A2AF
603F01FD-52EB-4151-A0F3-6819EFD3D046,0,54:25.7,54:25.7,A846534,A846534,0,FFAE359E-3717-4080-B10B-05420C89620F
FB81155D-248D-43B9-8066-6820E73B162D,0,15:21.1,15:21.1,AETH\N270372,AETH\N270372,NULL,0658988C-7D84-40A2-AD42-7547513B1ED4
12197960-86B7-4991-AEBD-682929BF6FDD,0,56:58.0,56:58.0,AETH\A393668,AETH\A393668,0,F12340DD-7C28-4332-851E-F0DF5BCB91A0
5BFD1F14-EC21-4FE9-A3A9-682CFC9141B8,0,32:50.8,32:50.8,A846534,A846534,0,06FBE9CD-07BA-42C9-9647-73E4D567CC55
B1C28CA6-5061-4843-86AB-682DA1AA4EAE,56.9,03:43.0,03:43.0,A846534,A846534,0,CC48CE2E-E906-4AA8-BB42-9AF47DBA2148
44B335D2-BB89-4D67-97D8-68322B73B93C,0,52:33.9,52:33.9,AETH\A393668,AETH\A393668,0,2CC239B4-121C-4D91-9F6B-B2C51D51C9E2
2453D98F-AB12-4D31-BE82-6835BEEAA575,0,03:43.0,03:43.0,A846534,A846534,0,F478C6B6-85E5-491A-8429-3E02E10FBD21
D59B4213-E497-4095-9B4D-685269E7FF30,0,32:50.8,32:50.8,A846534,A846534,0,5A7EC547-F2FA-4144-A54C-553DEAEFDC87
16BA3E9E-AEC3-42B0-AEAF-685B68BC0B1F,0,52:33.9,52:33.9,AETH\A393668,AETH\A393668,0,9F9CFFA8-6405-4475-B43F-0A07D5B4804A
FD8D7A0B-E900-43F0-861F-685BC69F4E5E,0,54:25.7,54:25.7,A846534,A846534,0,9DC1A8E9-FF63-481F-9795-F9A7C1A54CCE
7A8D922A-121C-477E-99DA-687669993CD4,0,12:31.9,12:31.9,A846534,A846534,0,B1AD43E3-730C-4AC4-A991-86093784F3F4
EEB1ECED-7209-4D20-83DC-6887CA74BCC6,0,52:33.9,52:33.9,AETH\A393668,AETH\A393668,0,752B168A-FA84-4B62-A897-B992FFD80072
0E25D96C-6A39-42C3-989B-6887F96ED63A,0,12:31.9,12:31.9,A846534,A846534,0,A50F6434-1A2B-458E-8D2B-865936C1308F
40D17420-55B6-4430-8987-688D31DC4D5B,0,32:50.8,32:50.8,A846534,A846534,0,841CD728-797E-48F3-9E6D-B9F28F698DD6
F4D7AE80-5C12-4C27-8EF4-6890EACB4E06,0,03:43.0,03:43.0,A846534,A846534,0,6A57437C-D4E8-48A9-A229-C5F163A1CF92
7FE731C6-23E1-4259-9DE0-68988E9A2507,17,52:33.9,52:33.9,AETH\A393668,AETH\A393668,0,DBDC36C9-1607-4CDA-8EBC-A68C9AAAE9FA
D41ABDBF-B311-464A-ACA0-689A748DB759,0,03:43.0,03:43.0,A846534,A846534,0,9941E144-8850-47D0-81BC-E299B4541A45
3D6EB0A0-2409-449C-958E-68A0A2639C6C,0,03:43.0,03:43.0,A846534,A846534,0,109CB604-B8BC-4D9B-BBDE-FF2E5DA2280C
4EF5C0CB-D952-4612-9E7A-68A87A92F3B2,0,54:25.7,54:25.7,A846534,A846534,0,903FFBF5-EAC1-4C2B-A661-7ECB4C04F706
894C70D2-DC50-470A-BBB0-68E5CE5AF57C,0,54:25.7,54:25.7,A846534,A846534,0,311F2CA8-313A-4BF5-A6A2-53D942843E87
4B71F650-816A-4A30-A423-68E5E3D09E3F,20,56:58.0,56:58.0,AETH\A393668,AETH\A393668,0,B8D3CE58-696F-4003-8EB1-E17127746B37
AF3527F2-3207-46AD-AC43-68F13F5B4F59,0,56:58.0,56:58.0,AETH\A393668,AETH\A393668,0,06F67B60-5EC4-4D89-8688-6C99EB46B389
61D3D673-5209-49ED-97DB-68FA34BFFA06,55.2,54:25.7,54:25.7,A846534,A846534,0,1E06CEAC-2CBF-4C85-8308-0122A32027C3
9453B232-A9FE-4067-9895-690C3A3FD9FB,0,32:50.8,32:50.8,A846534,A846534,0,65390E30-63E1-414D-BAA6-F87C578BA708
861E39ED-CFE9-40C2-92B4-690E6BCA7F52,0,12:31.9,12:31.9,A846534,A846534,0,E16733D2-3636-4897-A7AC-ACC645166F0E
159FEE2B-571F-4013-BFAF-6911A9C44D0D,0,54:25.7,54:25.7,A846534,A846534,0,B02E1D41-74FC-45AC-8FD6-1C1006A47846
2C96AC43-B039-49DD-86F2-691D2DA56FDB,0,12:31.9,12:31.9,A846534,A846534,0,59F90831-7F25-4D7A-8AD1-362D65A36D3E
E74CBFFD-8DF7-4C02-B5A3-692846FE902C,5.3,03:43.0,03:43.0,A846534,A846534,0,985E2269-0D79-426D-A4D0-2F26ACC1F6EC
A8B0F488-FB7A-4278-BD22-692B432C05B9,101.1,03:43.0,03:43.0,A846534,A846534,0,A825B462-2518-45E0-BE1A-AC3AFF9245CD
FB26FF2B-3D18-41D6-B13C-692BBDE7C439,37.6,54:25.7,54:25.7,A846534,A846534,0,F46B990C-7F73-4B40-8F12-34B9EFDB1133
3992EA5B-7602-4A40-A821-69339C6FC71A,40.9,03:43.0,03:43.0,A846534,A846534,0,EAF58938-9A73-4988-AFB3-307B6CC63857
AEDC929E-C90B-4F31-BC5E-69481262514C,0,52:33.9,52:33.9,AETH\A393668,AETH\A393668,0,96A22BD0-A847-4E20-BAE0-B9B72C5329B9
65E8C8B1-B076-4E88-8FE5-694F51402C0F,10,03:43.0,03:43.0,A846534,A846534,0,A37634F0-944C-429F-8A7A-EEAE7BA7C8D2
ACEF1C24-9AFB-4DEB-BE22-696DB676B88E,0,32:50.8,32:50.8,A846534,A846534,0,4573A7EB-0C88-4055-82D0-756B50D38190
FAA15B14-EFAB-40F6-AAF1-69755274077A,0,03:43.0,03:43.0,A846534,A846534,0,39E8C172-AF90-4C11-8253-7D5C003D4AA2
FE9CF38E-8DCE-4DDD-83C7-697E71F245AD,0,54:25.7,54:25.7,A846534,A846534,0,FA04E6A5-A66C-4924-9775-D051AA8684D8
B8500D43-FB0C-4E3E-951C-69E34858288A,31,32:50.8,32:50.8,A846534,A846534,0,9291327E-5E87-4C09-9908-69EB98756AB6
C6989E9E-249F-449F-9723-69E398E6A5B7,94,54:25.7,54:25.7,A846534,A846534,0,9849F291-F673-4FEB-9B31-38F8D10B1B65
FCB281AB-0C71-4876-A059-69E696388E76,0,32:50.8,32:50.8,A846534,A846534,0,85A4DD94-C0CE-4318-BA06-3BE66F24B2F1
AEE04057-C3E5-43F3-8B4C-69F62BD73920,0,56:58.0,56:58.0,AETH\A393668,AETH\A393668,0,888E54F0-0BBF-4241-934E-A9CA6C524A91
504CCF63-D5E0-47DE-B157-69FF9A65BD20,0,03:43.0,03:43.0,A846534,A846534,0,7028045C-82B7-407C-9921-78DD7755EDD5
EFD2BE5B-98D8-44B1-9008-6A0BF8A6C682,0,15:21.1,15:21.1,AETH\N270372,AETH\N270372,NULL,D66B3E0D-6F2A-46BE-8FE4-74469F957AEB
47FAF38A-678C-40B5-B99D-6A19258D7A22,0,15:21.1,15:21.1,AETH\N270372,AETH\N270372,NULL,A69CA8EC-7EAB-4457-B3BB-0310DC0547D9
4771F693-2898-49E2-808D-6A1F8CF0A8AF,0,12:31.9,12:31.9,A846534,A846534,0,AD59391E-18B9-45C9-89CA-967998CD3845
B3D6F918-02F5-4CC2-96AF-6A22EC495901,0,32:50.8,32:50.8,A846534,A846534,0,E7785913-E156-49EC-9257-0885D7C8A5BF
86E8200E-AD9F-4E82-B204-6A39BACEBCBC,79,12:31.9,12:31.9,A846534,A846534,0,1A1BFEBE-66A6-4D38-A226-8B5FEC2F4B3D
0287749D-E4CF-4F72-8C55-6A4DB9DF8C4A,0,15:21.1,15:21.1,AETH\N270372,AETH\N270372,NULL,C0A7B528-EF79-4C7B-B02E-9AECAA64915F
0274FC50-9FE1-4D9C-9A1D-6E1B65B0517A,0,52:33.9,52:33.9,AETH\A393668,AETH\A393668,0,E1C57A6A-A0C0-4E0D-BD8E-83FF61EFA886
BB30AE12-0157-4040-B207-6E26BAC65D2B,0,52:33.9,52:33.9,AETH\A393668,AETH\A393668,0,EBAC3A42-B08D-4AAE-A8F2-4C2977C4FAB2
2C16C329-359D-4F84-BB07-6E3A6E61595C,0,32:50.8,32:50.8,A846534,A846534,0,5796F08A-6B20-4C2F-8050-A792E754680E
05AE1C67-F762-4322-9AA1-6E46D4EF5FC5,35,03:43.0,03:43.0,A846534,A846534,0,0F211B3E-A386-46BC-8D29-33E2999EE54F
A77F8BA2-4034-4527-9ACB-6E6DC5266AA1,20.7,03:43.0,03:43.0,A846534,A846534,0,0ABA37DE-9A12-4872-BFC4-66E8F1F8B085
3D885B33-94B2-46D8-A5CE-6E705DA70CB7,25,56:58.0,56:58.0,AETH\A393668,AETH\A393668,0,AE29D554-E769-4B05-B188-23D742421015
9F28E420-1709-4CE3-A42F-6E795C55366C,0,32:50.8,32:50.8,A846534,A846534,0,9D3D51C7-BDED-4BAE-9D3B-87D09AE059EB
C5D58D6D-5E8A-4E65-877E-6EBAB2670F3F,0,56:58.0,56:58.0,AETH\A393668,AETH\A393668,0,E2099924-C040-4A7F-BA9B-FCEFCB3AC2AB
44905D2B-C2DE-4DCC-998B-6ECA478CB658,32.1,12:31.9,12:31.9,A846534,A846534,0,0308DC5A-5BBC-4B9A-B7CD-9F80B841F422
B74DCA4A-39E5-48D7-9712-6ECEF89E42EF,0,32:50.8,32:50.8,A846534,A846534,0,927313FF-8A97-478F-BD05-A879943FBBF5
6C39055B-1417-4151-A037-6EE658CC0D8B,21,15:21.2,15:21.2,AETH\N270372,AETH\N270372,NULL,B736F84D-5C87-4A5E-9BEC-B3424052F100
7CE98AAB-2E1A-4428-96F6-6F08DAC4AACE,7.6,52:33.9,52:33.9,AETH\A393668,AETH\A393668,0,F779E909-F3DA-42B5-9FC4-7A1CD9177684
6AFF8EFD-5EF4-4EEC-86F5-6F11CC6999E9,0,12:31.9,12:31.9,A846534,A846534,0,12773C25-AB7D-4B9B-88D7-97D726161556
D9549738-2944-4CD6-9CF4-6F195C6013ED,0,56:58.0,56:58.0,AETH\A393668,AETH\A393668,0,E25633DD-D30B-4C19-8A85-B8559CEF2595
45F4C7E8-5E30-47E5-9EF5-6F57DAA6B6A8,7.3,56:58.0,56:58.0,AETH\A393668,AETH\A393668,0,4FD6D511-F743-4E6D-B559-844A6406FE44
1622F112-2675-4AFA-9580-6F6388AC8587,49,56:58.0,56:58.0,AETH\A393668,AETH\A393668,0,E1C8A87C-2903-48A5-B00F-E4FE5621FD04
EC7AD315-6C47-470C-BA99-6F6E9C000D1A,0,32:50.8,32:50.8,A846534,A846534,0,27DBE0EA-5E2A-4AC6-8C1D-F22211FDED6E
673BD7EF-3057-4DB4-A005-6F78439E2998,7.3,15:21.2,15:21.2,AETH\N270372,AETH\N270372,NULL,AEC2B06B-A106-4B55-8B93-7782277E8D0E
46180233-392A-4FFA-A8A0-6F80A7F2ACF1,111,03:43.0,03:43.0,A846534,A846534,0,5BA29AD2-533D-4A64-8E95-E73E51674722
7D8040EC-37B8-4376-B387-6F83F148E93B,90.3,54:25.7,54:25.7,A846534,A846534,0,972F81F7-81FD-477B-ACF2-FB813CBE811C
AC15698B-2BDA-4595-9581-6F8F532124C0,0,03:43.0,03:43.0,A846534,A846534,0,A63E1BDD-AD31-4A4B-BCC8-BAAC80187CF9
600241FE-6D31-4FCF-951B-6F9C481D8634,40,32:50.8,32:50.8,A846534,A846534,0,52C31D24-609C-4CAB-BF19-45FA1AF78EEC
4654DB9B-7F69-4A95-9C98-6FA196B10C33,0,32:50.8,32:50.8,A846534,A846534,0,C4B38B90-6637-4E97-9677-9C31181AD30B
983A17C1-B29F-47D8-BFD4-6FC745DC00CC,0,54:25.7,54:25.7,A846534,A846534,0,66D1B9BE-6A7F-489B-8F79-8D11D937AB36
0F732C5F-DD65-44CA-902D-6FE02E22C108,77.4,56:58.0,56:58.0,AETH\A393668,AETH\A393668,0,0B272C4C-0E2A-4591-8AE8-6860FED6EE77
7FD77AE4-152C-48BD-9F00-6FEA297B5CB6,13,32:50.8,32:50.8,A846534,A846534,0,B33C3E20-B55C-43E6-B4A1-F5627FED707E
260F5A2D-CF26-4735-B434-700265E93407,0,52:33.9,52:33.9,AETH\A393668,AETH\A393668,0,B00E23F1-A8F3-41D1-AAB7-A3F302FB51C9
3F25BBAF-9551-4AFE-835C-7008EDC81C9E,0,52:33.9,52:33.9,AETH\A393668,AETH\A393668,0,241405FA-F6B0-4CE3-B058-8F4441C432B6
F90E22F7-6A95-4F24-8928-7010115DF8B9,27.5,56:58.0,56:58.0,AETH\A393668,AETH\A393668,0,274F31C7-F765-484C-8786-5884F68404E9
68D4E011-F794-466A-8636-7033E93862E8,0,52:33.9,52:33.9,AETH\A393668,AETH\A393668,0,BBCEB757-ADF7-4E6C-93EF-63BA9999C47D
C742B5F7-3897-477B-966F-703A4A0DFEAA,0,12:31.9,12:31.9,A846534,A846534,0,EAB1E886-00E1-400A-9B27-836D23092B1D
099AB949-4075-48A2-AB5B-706A0EB3F673,0,56:58.0,56:58.0,AETH\A393668,AETH\A393668,0,BF3A89AC-DEF2-40EB-8466-BA994A9B621F
C1E1CAE6-0300-4529-97B7-706DA68860EB,33.8,52:33.9,52:33.9,AETH\A393668,AETH\A393668,0,27591F2F-95C5-4D48-9953-5651518929DD
9606B42E-3FD6-4FAA-9227-7071C20C4C24,0,56:58.0,56:58.0,AETH\A393668,AETH\A393668,0,91EEA5F6-149D-45F2-8340-8A3559D048F4
1CF9CFEE-3441-48B8-9B37-7078182A24F7,0,32:50.8,32:50.8,A846534,A846534,0,00825C25-A9A4-4C07-A764-171139831F59
76621245-A6FE-41BD-A459-708B3F60AAA4,0,32:50.8,32:50.8,A846534,A846534,0,3C2359CA-DB4F-4FCE-9412-D87418505871
5873D28C-C8B1-4A50-9AC4-70985E988298,0,12:31.9,12:31.9,A846534,A846534,0,110E5499-5065-4600-9C1E-64E4760F88FE
B5912C5C-AB30-4C18-B2B0-70A12AB11B0D,9.9,03:43.0,03:43.0,A846534,A846534,0,1A05ACD4-E56E-4998-A489-6F412276364A
11966818-5989-42C2-83ED-70AE1657C2FA,69,12:31.9,12:31.9,A846534,A846534,0,859C04DE-17E9-49E6-992C-D0E9FF2F6D21
892F1B81-51BD-47D4-AB57-70BD5627AFA0,0,54:25.7,54:25.7,A846534,A846534,0,E774A538-3989-48A4-93F2-FE8BC43BFBE1
6FE4B39D-0CB4-42D1-8D34-70BEB8F26620,0,03:43.0,03:43.0,A846534,A846534,0,0B32DF3A-2EAC-4E48-87FB-A293B57B9055
D30E8060-D170-4A3F-896A-70CBF34F1D1A,0,03:43.0,03:43.0,A846534,A846534,0,9A1DFC2E-8B13-48F7-AE06-6013C978E282
BAA98591-1399-40EC-92DE-70E36802D078,0,15:21.2,15:21.2,AETH\N270372,AETH\N270372,NULL,0315D664-6B3C-45C8-97D0-4C154E9D2CA1
BA0FE149-A1AC-46F7-AD57-70E6B073C276,0,03:43.0,03:43.0,A846534,A846534,0,4425807D-48FD-422D-9E0D-39F1359D1354
1047196B-B1B4-4F9A-B991-70EF8FD4B288,244,32:50.8,32:50.8,A846534,A846534,0,48618B06-5C27-4A72-9A9A-18778D93038F
A413C073-17ED-4D25-B4F3-7106AB7A0075,19,56:58.0,56:58.0,AETH\A393668,AETH\A393668,0,86F3E292-79E0-4399-B41E-965FEB4FC282
11CA9080-D0B5-451E-913F-711103C3D411,0,32:50.8,32:50.8,A846534,A846534,0,D9D688D2-5C8F-46EE-A455-38B0DE7525D1
310B8307-7CE0-4F46-9DF3-7117708A65AD,0,03:43.0,03:43.0,A846534,A846534,0,D78FB3CA-3473-4136-AAFD-3F6ECF509987
0DE95199-6C8F-4389-A6F3-712644CB805C,0,12:31.9,12:31.9,A846534,A846534,0,C5B22193-869C-4D1B-94C1-B564548CC265
7238023C-0763-4301-BA51-7142FBB91252,29.5,15:21.2,15:21.2,AETH\N270372,AETH\N270372,NULL,733872ED-2C36-421D-B0EB-8A86832AC8C9
531E58F2-A50C-4088-9E60-716B6039573E,0,54:25.7,54:25.7,A846534,A846534,0,39D4E430-E43E-4A3D-9EFD-490CD6CD586E
6AE357BE-8F8B-4AA6-BFA6-7178DF5BB094,0,54:25.7,54:25.7,A846534,A846534,0,A487A117-B284-4DB6-904A-72F5CB72BEFE
9248B6A0-70A6-457F-A04F-718C02F84EE6,0,56:58.0,56:58.0,AETH\A393668,AETH\A393668,0,12C92893-E05C-4824-96D3-E085D1FDB909
EC0998B4-5C6F-4A49-985E-718EC79BAA0B,0,52:33.9,52:33.9,AETH\A393668,AETH\A393668,0,2B06486D-D423-4198-BB04-FD91BAB55002
2125EAC5-F76F-430C-B163-719D151D803C,24.3,15:21.2,15:21.2,AETH\N270372,AETH\N270372,NULL,098FE136-5BAA-442C-9616-B10F15084606
91E83AF1-9660-43FA-9C05-71B18980680A,0,54:25.7,54:25.7,A846534,A846534,0,F45E5DBD-2B00-4B01-A597-E7A61994794C
FBEA3B0C-258F-46B2-B059-71BF2B2160BD,0,52:33.9,52:33.9,AETH\A393668,AETH\A393668,0,33553562-D907-47E3-A2B3-B04D081EF671
E27D62A0-0170-4795-8517-71C80E67105C,0,15:21.2,15:21.2,AETH\N270372,AETH\N270372,NULL,48014BAA-36D9-48BC-96ED-9405D20714C6
6E6D0B19-DDEE-46BC-B8D5-71E768F0C274,40.3,32:50.8,32:50.8,A846534,A846534,0,AFBBFF04-5ED3-4BF4-B227-32AD65D8E38E
3F38A67B-FCAD-46DD-80C8-71E9E0C4F5E0,0,03:43.0,03:43.0,A846534,A846534,0,5622584C-5C3E-4B7E-848B-446F837A9076
B3B62CA0-511A-4214-8F24-71EC65B3BD38,0,03:43.0,03:43.0,A846534,A846534,0,25D4C474-38CE-4332-9DF2-5B071FEC0EF8
D244044F-E361-4918-870E-72021CD48638,0,03:43.0,03:43.0,A846534,A846534,0,0790BE41-485B-4730-ABA6-DADFEC7AB828
C29F7DB1-D5AB-4ED4-98BE-721A3910746B,0,15:21.2,15:21.2,AETH\N270372,AETH\N270372,NULL,FDFBD1A7-7DFD-4B8F-B0CF-9F0050554991
48585C8A-A6EB-43D5-858D-72259C9DA38E,0,52:33.9,52:33.9,AETH\A393668,AETH\A393668,0,4FC1DF58-26D4-44A1-A98B-2F404C2382F0
FE7B5C73-4123-4040-BF84-72355AB9FFF3,0,32:50.8,32:50.8,A846534,A846534,0,668D007D-0042-4E31-BA0E-789A3672DB70
C320BEDC-3C8C-4623-9316-7243AD76E150,0,03:43.0,03:43.0,A846534,A846534,0,336835D0-1B9B-4D21-9F77-1B026F9690B5
086C088E-5BD2-4124-A85D-72620086BF7C,0,32:50.8,32:50.8,A846534,A846534,0,2583E0E7-D19D-4E16-8619-8AD274563C19
3E29C8D0-C45B-4532-B4A2-726382AD56E5,0,15:21.2,15:21.2,AETH\N270372,AETH\N270372,NULL,1938CCB0-47A5-41F9-B316-5F5645410F8F
67E756C2-FACB-4D9B-80B0-72657D45C7E3,0,32:50.8,32:50.8,A846534,A846534,0,57FD414E-C7C9-4434-8AFE-63E3AE0A1D53
13CA5583-AE55-4535-9D31-726D8157681E,32.9,15:21.2,15:21.2,AETH\N270372,AETH\N270372,NULL,96D73DCD-7726-4BAC-9C4B-DD2B61147D98
F7ED2044-86C5-4603-93D9-7270D8E7C938,0,12:31.9,12:31.9,A846534,A846534,0,A115291E-C1F5-40AC-9988-C931CC018767
87559BF1-24C8-40EE-9C9B-7287398D2528,27,03:43.0,03:43.0,A846534,A846534,0,AD3A0162-9458-4CE0-98CE-FCD8BB268E4E
ACF9F7F3-7B05-4E2F-BC41-75E625D092D3,0,52:33.9,52:33.9,AETH\A393668,AETH\A393668,0,A8743552-BDF0-4A1F-9CAF-F331997FD58A
A6B0A245-170F-4B8C-A0EE-75F5FF3F961A,0,52:33.9,52:33.9,AETH\A393668,AETH\A393668,0,4AA117F4-31A6-48AE-8157-90A9C11E7F75
C479A3D4-A696-40A1-9DDE-75F8C2A9DC7F,0,12:31.9,12:31.9,A846534,A846534,0,1B6E4EA7-003E-47D6-9B84-F9D5B054F4C3
BFEFC235-F7F5-49FC-A26C-75FE16259E11,35,03:43.0,03:43.0,A846534,A846534,0,546989F9-0AA7-4957-BE46-EA2D1FD7FDC1
91D87D49-F6BC-42AB-91A3-7600CEB41BB2,0,12:31.9,12:31.9,A846534,A846534,0,310EB2A3-BC18-4ED7-9C07-59CDD61FF983
DCD0F567-504F-42EF-8658-760BE77BA399,4.8,54:25.7,54:25.7,A846534,A846534,0,A987B5F2-26C3-4107-B12B-A2F75D73AA3D
BDAD32C8-95DA-4E23-A812-7612E7DF25D4,0,56:58.0,56:58.0,AETH\A393668,AETH\A393668,0,5F0A726C-DAE4-47BB-AD13-645788B5107D
F856D169-BDC1-47FE-9DF1-76162FEDD1D0,0,54:25.7,54:25.7,A846534,A846534,0,D2FB05AE-2EEE-49F8-A237-2918475049D7
DE404C2D-50AC-4A15-A4CF-7618DDA4F213,0,32:50.8,32:50.8,A846534,A846534,0,8614F10D-1E15-47D4-AE19-EA663DB0FA42
4D535B2F-47C1-473C-B0C6-761BF9F5C25C,34,12:31.9,12:31.9,A846534,A846534,0,32E30BF2-2E33-46F7-BECB-28B1B398667E
ACA0AF28-B20D-4340-84AB-762C7D0A2443,27,56:58.0,56:58.0,AETH\A393668,AETH\A393668,0,1191F91D-E267-42A5-AB6E-8B46F5D8EE5C
D53D8409-5B76-4CEB-90B8-7631C8A37B84,0,54:25.7,54:25.7,A846534,A846534,0,B697F49B-3BAF-45BB-A5F1-9A961A6FA4EC
7EC49F72-5C94-4CF8-B6CA-763E1AAB1029,56,54:25.7,54:25.7,A846534,A846534,0,007AF86C-3CDD-4309-87B1-45E0940E4F37
F830345F-4208-4A77-890A-766A37276600,0,54:25.7,54:25.7,A846534,A846534,0,2D9B173C-6616-4189-93E7-27F972F1FFBC
886A5632-954A-4CC9-A95F-767B3E5968DE,38.3,32:50.8,32:50.8,A846534,A846534,0,FF42A1F5-6D64-4694-BAC3-6BDA0E375020
44D21534-FAD2-4B3D-ADDE-767E61D22822,0,32:50.8,32:50.8,A846534,A846534,0,A6399D30-45AC-419A-8F18-7B77DDA8481F
5E52E99F-8340-4DB7-BFC5-768491A9EFBC,47,52:33.9,52:33.9,AETH\A393668,AETH\A393668,0,B6BF8268-E09E-4C6A-9BD5-2FFE1BA7CC17
4ACB3993-E971-40B1-8D75-76879A8A5B4D,176,52:33.9,52:33.9,AETH\A393668,AETH\A393668,0,D9CE02EA-C44F-4127-AC3F-3DAF6E7E30A1
3385D09A-B654-4FB4-8902-768888FD46C3,15,15:21.2,15:21.2,AETH\N270372,AETH\N270372,NULL,7C61B70B-6EF8-4706-A01E-E1230EFDEA65
6A318AD7-AE0C-4D2F-8C00-7689DF3AF6F2,0,52:33.9,52:33.9,AETH\A393668,AETH\A393668,0,F90F3859-B3BB-4309-A503-E0966EB12B1D
A40CE632-AE28-493D-B650-769298EDB1E7,0,03:43.0,03:43.0,A846534,A846534,0,1446C2B2-E040-4195-92D8-733B98D6BCB7
3562C892-03B5-4331-BEBA-76A3F7743F43,18.3,32:50.8,32:50.8,A846534,A846534,0,05EDE062-A3F7-4EE5-9E62-003B87051380
5CC0249A-82B1-4B06-80CB-76B203933F09,0,52:33.9,52:33.9,AETH\A393668,AETH\A393668,0,B571E294-10C7-4FEC-85A7-4AFEC3A708B6
9C3E7100-6A4F-4EC3-8B12-76DE5E78EFB2,0,03:43.0,03:43.0,A846534,A846534,0,36BF01F9-EA0C-41E3-8A90-E914592CF287
E1C33122-49CE-4BD7-8253-76EEEE920144,25,32:50.8,32:50.8,A846534,A846534,0,83C23E9B-F347-480C-B499-D2B9A146F7E9
3023B487-A8DA-403A-8333-76F6CBADF6F4,18,52:33.9,52:33.9,AETH\A393668,AETH\A393668,0,FF7376B0-A674-4AEB-852F-EC400BC5AA8A
AE2A8958-3C60-44E6-9360-7722893D3E7C,0,12:31.9,12:31.9,A846534,A846534,0,5B00E4C6-FFFD-4CB9-B9C1-C0F43DFBD6A6
E65DE34F-74C9-4181-BD9C-77442A3FCDB4,0,03:43.0,03:43.0,A846534,A846534,0,B82FA91B-96F0-412F-8DD6-BA679A52D2C6
113ADFB9-CB10-4114-8BB1-7753D1C80434,0,03:43.0,03:43.0,A846534,A846534,0,F9D660E6-CE5B-4A86-BF7B-70FAE3094AEA
9178C059-1D53-49DC-B655-777187085540,0,54:25.7,54:25.7,A846534,A846534,0,C79196B2-F8A2-4804-A48C-D146D00E8D51
7C094434-C9F0-476B-AD0D-7774E843FA9A,0,32:50.8,32:50.8,A846534,A846534,0,469161E4-C080-4EBC-A852-4C3ABFF91103
D14A8C50-DCBD-4E66-9C64-778106DB5195,0,03:43.0,03:43.0,A846534,A846534,0,B77D89C9-8A37-4462-9679-BA1C240466CA
D1F25887-471E-4C8B-A3FF-77820573CCE8,0,54:25.7,54:25.7,A846534,A846534,0,316AB64A-FBA7-4DDC-A310-2243ADB7AF9E
8BEDAB8A-0C7C-400E-B4EF-77890851359C,37,03:43.0,03:43.0,A846534,A846534,0,5EAA85C0-A534-45A6-9223-D531530AAF91
B46EADDE-C138-4480-9DBE-77B48D3D95DD,0,54:25.7,54:25.7,A846534,A846534,0,8F069A26-CA61-49A6-BE35-A273F9CA8FEE
08C482D8-DC17-4535-A48B-77B605D2D96C,0,56:58.0,56:58.0,AETH\A393668,AETH\A393668,0,EE1887E1-2D0C-49EA-A1B2-026F63E7953F
A26196BE-D599-42AA-977C-77BBEC74DAA5,0,12:31.9,12:31.9,A846534,A846534,0,75054D72-A0DA-4B77-B051-F2B5FA0A18D6
E8526B10-7406-4550-BE08-77BC9E910C8B,0,32:50.8,32:50.8,A846534,A846534,0,9435E591-4A2B-46CB-8F93-1D8155F2C528
2083CD0D-743F-47DA-9950-77E70677A10D,106,54:25.7,54:25.7,A846534,A846534,0,2A55F075-B1BB-48B3-B77D-162F44CB0A31
F9D16B3A-4CB9-4FAD-A270-7805B77D4446,77,03:43.0,03:43.0,A846534,A846534,0,424681B1-A1CE-4A2F-9CC2-62B063DCA3CA
8EF35455-CCFE-4BB1-A34A-780A708312AE,0,54:25.7,54:25.7,A846534,A846534,0,FC555DA0-DACD-4E89-9DF2-8E1382E46BF8
A2A6DEE0-AD1A-419E-AD76-782D771C23D8,6.4,56:58.0,56:58.0,AETH\A393668,AETH\A393668,0,C17924FC-BF30-4E9C-B4FF-DA4B28C895EB
633029EF-34D7-43A6-9E67-783BDD629B29,7.3,15:21.2,15:21.2,AETH\N270372,AETH\N270372,NULL,13AF4B27-1676-4889-8BCD-0538BB7B3AE5
55DB3E2F-4A07-40DC-9027-783FA6B385B6,0,32:50.8,32:50.8,A846534,A846534,0,816299B7-3A5E-4C4D-911A-7546B67CB153
F3C476F5-AAAE-444A-AC88-784E27C0D866,0,52:33.9,52:33.9,AETH\A393668,AETH\A393668,0,AD82775F-DD95-4876-90F0-B4FDCC22FAC6
883F1387-6085-429F-966A-785A65300B8D,0,03:43.0,03:43.0,A846534,A846534,0,FF8BA571-3FC8-418B-ACB6-E7AAE0250B94
C446149F-A2ED-463E-B40B-7860B73E9FDB,0,12:31.9,12:31.9,A846534,A846534,0,C3771C0F-AF6F-412F-9D48-FD95F5657105
96C4D626-859C-4C29-B2CA-789178BFDD38,0,12:31.9,12:31.9,A846534,A846534,0,026F8D61-6507-479A-88C1-D455CE3E4B09
EA0C5805-4F77-41A4-A99F-78AB261A506E,39,56:58.0,56:58.0,AETH\A393668,AETH\A393668,0,3D5CBAD4-9289-4B6C-953D-0D671630620D
97D9508E-48B1-47AE-8B4D-78AEC159A1B7,0,03:43.0,03:43.0,A846534,A846534,0,7EC6F9DC-B92B-47B1-B6BD-6A9F29025CC1
F89E7010-1F89-4AA0-A4F6-78BCC2BA4CC0,0,32:50.8,32:50.8,A846534,A846534,0,84F16F24-B864-4271-9478-8BAD0D31B10A
6351FC7E-63FF-47AD-8A28-78C58B58F014,0,56:58.0,56:58.0,AETH\A393668,AETH\A393668,0,6994C23F-F7B6-446F-9866-66D1487CBF31
50530EFC-2FC4-4FB5-9675-78D87A499082,0,52:33.9,52:33.9,AETH\A393668,AETH\A393668,0,F258199B-B802-4FE3-B711-2540913A2E60
BB18EB32-11EF-4B18-B3DE-78D98EE95E64,0,32:50.8,32:50.8,A846534,A846534,0,CE6407A4-BFF9-452F-B1D6-84C03270F2BC
C46CCF58-C31E-4F83-BEE4-78DFEAF75D35,0,56:58.0,56:58.0,AETH\A393668,AETH\A393668,0,A97DA987-998E-4FFD-BB7E-9E3C4633D920
ABBAF3B3-73CE-44E3-8801-78E69F7F83EE,0,54:25.7,54:25.7,A846534,A846534,0,8832A29B-DE93-444E-9341-59B4F0AFB984
157F24F1-D861-4895-89FA-78F29EFD2568,0,03:43.0,03:43.0,A846534,A846534,0,71A4D8B3-ED28-4CEC-B771-2CC771A9AB9B
04FC862D-D3AC-40A5-80F3-78F35787A110,0,52:33.9,52:33.9,AETH\A393668,AETH\A393668,0,F2075A2E-EF05-4469-838C-06AB84339022
F2EF2FDE-BFE0-42E3-94C6-78FF00E13DA5,0,03:43.0,03:43.0,A846534,A846534,0,019813F9-E9A6-4227-976B-0C97BD2D0614
7333055D-8A96-4CF6-8E1E-790070475B3D,0,52:33.9,52:33.9,AETH\A393668,AETH\A393668,0,95D1B283-F09A-4428-9F0D-FCE91EC2E21A
A81C01C2-04BD-4C12-9290-791C9579D3B9,0,54:25.7,54:25.7,A846534,A846534,0,A7E2B6E1-9061-461B-B085-ACAEC607CC5B
AC8F5666-5ECF-4A66-AEE8-794E665B8C07,0,03:43.0,03:43.0,A846534,A846534,0,9B4D6750-5358-4ABB-86EF-6C2DB749FC5B
DE1C2072-7C6D-44DC-B991-795B43E6E66A,29,52:33.9,52:33.9,AETH\A393668,AETH\A393668,0,23345719-FF9B-4000-BEFB-0CE014EA2045
F510D749-4D3E-4414-88C0-7964B99885BA,0,52:33.9,52:33.9,AETH\A393668,AETH\A393668,0,320C18BB-4EA4-4703-A1E2-400175BC497B
1E7E5E3F-5FFE-4F27-97FD-796BA15D99DD,0,12:31.9,12:31.9,A846534,A846534,0,63167A4A-73A5-4BF8-B239-1975AF28CB80
E95D72C0-F197-46A5-A848-796E84FAE2CC,0,32:50.8,32:50.8,A846534,A846534,0,9BE3FB5F-B219-42F2-91E0-B59EEEC0FA4E
A87F252D-BCB6-4BA9-8202-797DEFA9A91F,23,52:33.9,52:33.9,AETH\A393668,AETH\A393668,0,BEE7B510-50BD-411F-9A3A-4161F3ECABA3
E7B92F91-CDAB-4481-AF93-798AFDF089F3,0,56:58.0,56:58.0,AETH\A393668,AETH\A393668,0,2F376A14-E1C2-4B88-893B-B2EB600BE31E
5589B3D2-894F-4E4B-BF68-79910594456C,0,52:33.9,52:33.9,AETH\A393668,AETH\A393668,0,984DA3D2-C2EE-4636-9959-9B928BFB44BF
48F1B896-4BC1-4DA2-BEE2-79A19E42B3EC,0,03:43.0,03:43.0,A846534,A846534,0,8A7C2F77-A9E0-47FF-83EB-5D0153D2E5F4
078756F3-B1D0-4884-96DC-79A4DFFC5803,35,03:43.0,03:43.0,A846534,A846534,0,DF156DBC-684B-4410-B9E8-BB0CA7A397B7
497DA501-B468-459F-A5BE-79A95DCE7E60,0,32:50.8,32:50.8,A846534,A846534,0,4699C79E-89FE-43FA-AE9D-F07E5A0480A5
011EF529-30B7-4187-902C-79B16E44FFD0,35.3,52:33.9,52:33.9,AETH\A393668,AETH\A393668,0,CE555EEA-19CD-41DC-AC1E-20A32088D5DE
5403A85F-9995-40B4-9899-79B71DFA0183,0,12:31.9,12:31.9,A846534,A846534,0,378C9BD4-9E32-4BEF-BF69-5292F21FCAF9
C8A7CAAA-F625-49B8-8849-79CD402E93EF,0,03:43.0,03:43.0,A846534,A846534,0,0E6557F3-43DB-4BA6-90A5-22820E79476C
F00BB540-1CE8-4CFA-814A-79DA1071DE27,74,54:25.7,54:25.7,A846534,A846534,0,AC5897C8-091D-4283-AAA8-10DFB5834419
A7067078-54E2-4883-BBCB-79E1CB480E0C,0,56:58.0,56:58.0,AETH\A393668,AETH\A393668,0,5A3E35BD-6794-4B1E-9D9D-C2DBD9D780E8
D788ABDC-891D-4288-A4E9-79EA9D1DA37A,0,03:43.0,03:43.0,A846534,A846534,0,64CB2A2F-45C5-4205-94F7-4BC5DCADA4A7
DA43C008-E34E-4DFF-BD54-79F2FD602875,0,32:50.8,32:50.8,A846534,A846534,0,BF29D58B-E30C-46BD-9766-0F84D76FD78B
C06D5E20-2BDB-4EEC-B56B-7A04F54EA0AE,0,32:50.8,32:50.8,A846534,A846534,0,157B5714-90C6-4ADA-B4E3-5CAE3BB95E86
E3517010-1E0B-469B-B80C-7A19B7513586,0,03:43.0,03:43.0,A846534,A846534,0,D5B3EDC2-09E0-43AE-BAFE-4CF11628F90F
BAF186A6-5BC9-400E-9E3A-7A19F9EB619E,13.8,12:31.9,12:31.9,A846534,A846534,0,467FCDA0-1E9A-43AB-AD4D-D6A5F4311F3A
CE4CE32D-3B55-49AB-94A0-7DD865C09CAE,98,15:21.2,15:21.2,AETH\N270372,AETH\N270372,NULL,B7AA275A-3CD0-4322-BCA3-AC25BB72DDC1
84CD99A2-7088-46D5-9A45-7DDBA5639588,0,32:50.8,32:50.8,A846534,A846534,0,7079A60A-DDBE-4F32-A2FE-E0A3F262079C
78F364F2-FE6D-42C7-AD1A-7DDC65EC5244,0,54:25.7,54:25.7,A846534,A846534,0,512C4386-014D-48C8-8B83-992B696C1BF2
C9300E93-E9F0-4919-A6D9-7DEA171CB52F,0,52:33.9,52:33.9,AETH\A393668,AETH\A393668,0,05797C09-722A-4D8E-90BE-EE6E15AF0FF4
74AF3E57-375F-4351-BBA4-7DF520A333FB,0,54:25.7,54:25.7,A846534,A846534,0,C4F5B9EF-A866-4914-A9E7-F834943E2783
11085EE3-586B-4D89-9646-7E019CF36448,0,12:31.9,12:31.9,A846534,A846534,0,C82D51FF-F442-4FC4-B169-B5A538920CF7
3DBCF5AC-EF38-4769-BAD2-7E13A28C9B8F,0,56:58.0,56:58.0,AETH\A393668,AETH\A393668,0,5182EBE3-9EB8-41F2-91F0-0808B1AD033D
C6F35498-4C6A-42C2-BD24-7E1743F74A88,0,54:25.7,54:25.7,A846534,A846534,0,562310C4-51B7-46F8-966B-C00BFCCE0254
DC15B8DE-92D5-46EB-809A-7E2C27B3FED5,0,54:25.7,54:25.7,A846534,A846534,0,75E56711-132D-4348-AAA0-F2C807779B03
BAC797D0-2386-4D47-883E-7E3E5E553A9E,0,32:50.8,32:50.8,A846534,A846534,0,5B952977-F24C-45A7-96C0-9AC45D19781C
312DBB7D-EF83-42D1-A546-7E3F863C8877,0,12:31.9,12:31.9,A846534,A846534,0,9321BF35-1FA6-47D1-A5B9-C3246F6B6680
6D370D59-6DC3-43E9-9533-7E40A2BF789A,0,52:33.9,52:33.9,AETH\A393668,AETH\A393668,0,0DC3795A-3703-4C05-BEC4-16626B991E61
04C09D52-1242-4D20-9979-7E43EB4ED877,29,56:58.0,56:58.0,AETH\A393668,AETH\A393668,0,4241EC31-CEDB-4AEF-9883-96868DF7D59A
5E0F6E24-8F84-448B-BF45-7E4D6D3BDE0A,0,12:31.9,12:31.9,A846534,A846534,0,A13549E0-D973-4261-BE95-F81BDFC18041
A2997786-5677-469E-B2DB-7E545D3CCBE3,0,52:33.9,52:33.9,AETH\A393668,AETH\A393668,0,D9D664BF-9158-499D-9388-2F0A463AA369
C558CF4B-ED5C-4672-BC0C-7E54763767D2,0,12:31.9,12:31.9,A846534,A846534,0,2DBF9BB0-55E3-4DD4-95D8-D037DE6431D4
44088997-22B2-482B-9860-7E5AF8EF87B2,0,03:43.0,03:43.0,A846534,A846534,0,14AB6331-7AAC-40D1-84D9-697E46DB25D0
517E3F4E-F080-4321-AB7A-7E61FBA102BB,0,32:50.8,32:50.8,A846534,A846534,0,3D122EEC-8BA3-47EE-B20F-93590FB17756
181BE390-1018-47E5-B4B2-7E63B12D45F1,65.9,15:21.2,15:21.2,AETH\N270372,AETH\N270372,NULL,3402B61F-26EC-43E8-8AAA-3BDE626CA488
6104B7A4-136A-4B7A-AA79-7E66A9F0ABB0,0,05:50.8,05:50.8,AETH\A393668,AETH\A393668,0,645EA767-187B-4AB3-89D6-F01E69F04819
075707FF-CC09-4342-AF41-7E7170EEDAA4,0,32:50.8,32:50.8,A846534,A846534,0,CF7BB1FE-60FC-4DCE-964C-CFB920BFB1D6
1EA59C92-97C4-4FB2-8BFC-7E71B0CCDD42,6.8,56:58.0,56:58.0,AETH\A393668,AETH\A393668,0,66A28F35-C005-4DB3-BAC3-C0BBE412AB3E
CD43F433-6FEF-4BE6-A404-7E71F256130E,0,56:58.0,56:58.0,AETH\A393668,AETH\A393668,0,5ED9F31D-22B3-4925-B5E5-646565EA603C
B40134D7-7877-4468-8EAC-7E7C2CCE29F8,19,32:50.8,32:50.8,A846534,A846534,0,616C7BCD-4AF6-4AAB-84DA-45058562E827
776850AA-EFFD-433D-845A-7E7D482ED0E5,18,12:31.9,12:31.9,A846534,A846534,0,23431561-8C09-4FB4-9E0C-2B21D3CE12E5
31EC0E27-EDF8-4883-A7EB-7E950B4CAC73,0,12:31.9,12:31.9,A846534,A846534,0,8872374A-4973-4E97-BC9B-480DB4D1D8FA
5DAFE6ED-997B-4691-9CAA-7EA42D1A151B,32.7,54:25.7,54:25.7,A846534,A846534,0,D3A4BAC6-1E8F-4894-9EB9-6FF28CF5F995
F35C178A-5AC3-48B1-B9A0-7EA48E137A4F,83.8,15:21.2,15:21.2,AETH\N270372,AETH\N270372,NULL,5054680F-2DB2-4BDF-9324-35932A65B74E
CCB787D0-53E5-41F2-A5EB-7EB150BFC8B6,0,32:50.8,32:50.8,A846534,A846534,0,90BF784C-4F37-48C7-9480-684CA1ED0602
73B3FCCB-7218-4E28-8D81-7ECADE30ED92,0,54:25.7,54:25.7,A846534,A846534,0,11D684A6-0AB8-4DA0-8EEB-55F301299667
B30B45C3-BBB1-4D22-BE15-7EE136C08191,0,56:58.0,56:58.0,AETH\A393668,AETH\A393668,0,FD1F13C5-1922-4407-B14B-3443D836103E
EA528E44-3A41-4355-83A8-7EE69F3927E1,51,15:21.3,15:21.3,AETH\N270372,AETH\N270372,NULL,98B09125-0ABC-47B1-AD17-AD577A7A84A6
D2EC621F-14C0-4397-876B-7EE8CF2DE610,0,52:33.9,52:33.9,AETH\A393668,AETH\A393668,0,C08044CD-082B-4B7E-A31C-B0BF004DBE9A
D7667801-D838-48A5-B2A3-7F1026ACD460,0,32:50.8,32:50.8,A846534,A846534,0,2D9AE2CF-6D8D-4069-BCD9-E2BF4E64CD8B
6860D164-896D-458B-8D45-7F193277C212,0,52:33.9,52:33.9,AETH\A393668,AETH\A393668,0,793E963C-24D7-48A1-B4A5-4D03A9ECAFEF
12F89441-08A4-4FAD-AD8A-7F1B626ACD1E,0,12:31.9,12:31.9,A846534,A846534,0,1F1A69EB-C33D-4B28-839C-80FF6707ABA8
9E51793F-090E-40C0-9303-7F1DC33C6F85,0,54:25.7,54:25.7,A846534,A846534,0,9ABA4B50-D42F-4F22-BA06-1C8375F3A336
7907C815-6D3C-4882-B3EF-7F4C3A76A5A3,19,32:50.8,32:50.8,A846534,A846534,0,BF7A6098-7636-4BFB-99AC-AA4BC23FBFC8
5E7DA68C-D8F8-4549-8F4B-7F5A39A96E9B,0,54:25.7,54:25.7,A846534,A846534,0,F6D85D98-1310-42BB-896C-EA98A4E2BF41
5EF491D2-8006-4F8F-810A-7F64A46A5298,68.2,56:58.0,56:58.0,AETH\A393668,AETH\A393668,0,859707AA-31EF-486A-870D-CFAD6FAB2FB9
124E2A5A-D4E6-4624-BC81-7F67FC2952D1,0,52:33.9,52:33.9,AETH\A393668,AETH\A393668,0,25313E0D-BC77-47D8-94BF-BF9A0C1C4906
3703D92F-D61A-48C6-8FB1-7F757AE2E404,0,56:58.0,56:58.0,AETH\A393668,AETH\A393668,0,A49794BD-5739-4C6D-8ED8-AD8E44F65DEF
E06880C8-78AF-41BE-82CF-7F9231E07F5E,48,12:31.9,12:31.9,A846534,A846534,0,9F9C2C46-C317-451C-8937-B17FF887E7D4
28167DEC-5551-4399-BA49-7FA2D508223C,0,03:43.0,03:43.0,A846534,A846534,0,73B00382-A57E-4F12-9027-C153A0215A00
E1AD891A-C240-4D3E-ACAD-7FAA9B11859B,0,54:25.7,54:25.7,A846534,A846534,0,EBB748AE-3F22-4677-8570-9AA615743E3D
DDBB1A53-2E23-4115-B190-7FB0A68C816C,41,52:33.9,52:33.9,AETH\A393668,AETH\A393668,0,155C307C-0491-4778-AB96-F601F6D2E286
13B42519-2471-43BE-9800-7FBB67136E0D,32.2,52:33.9,52:33.9,AETH\A393668,AETH\A393668,0,2B700E2A-7AAE-4299-8654-0273757D54D7
A28625DE-BFFA-41E4-9A95-7FC47242F148,0,12:31.9,12:31.9,A846534,A846534,0,293B854A-1371-432D-8EA1-65A270B52AE7
6606F645-C0F2-4AFE-948D-7FC631E90403,24.3,15:21.3,15:21.3,AETH\N270372,AETH\N270372,NULL,6D5DB650-DE26-409A-9D07-C1CB70A7E63C
F7B6E624-3448-4EFD-8998-7FDC40E39772,19,03:43.0,03:43.0,A846534,A846534,0,D0FE49CB-A792-4014-9FBA-445BF47CFC40
3FB35EF1-C053-4411-88A5-7FDD6D875464,38.1,32:50.8,32:50.8,A846534,A846534,0,EB701DF3-4506-44AA-B941-73B1B3C49CD8
BC31BE3E-15F0-4A3C-8816-7FE55A5DED7D,0,12:31.9,12:31.9,A846534,A846534,0,A88BEA0E-8BD1-422B-B577-ABCADB4C81E8
3FB056F1-21EF-4BA6-BE90-7FF4F0263E12,36,32:50.8,32:50.8,A846534,A846534,0,7BE99E95-0A2F-414C-9971-B7F4C363EC6A
843C3D79-E424-4075-A5DB-80058147FB16,0,56:58.0,56:58.0,AETH\A393668,AETH\A393668,0,EFC01BBB-41A9-420B-AA9A-F227643FB5DC
15E6035A-8702-4FE2-A75C-8007F562DA35,0,12:31.9,12:31.9,A846534,A846534,0,55305ADD-E047-4CD8-9E33-7357D61590BD
92C27F51-DD80-4E16-A651-801499D5E50C,0,03:43.0,03:43.0,A846534,A846534,0,D4040738-E466-4E50-8F14-CAA421B8CDFA
C2EB66B0-43A1-494C-B554-80458C0FE0C4,42.9,12:31.9,12:31.9,A846534,A846534,0,983855CA-E3CD-4AF5-A064-2523216558E8
42A36186-8F3B-463C-93B2-806C61C9681D,4.6,32:50.8,32:50.8,A846534,A846534,0,F0856EE5-EEA2-43D7-853F-BB32829CE4B2
6A221567-E229-4B7A-8E0E-80710E16C03F,97.3,54:25.7,54:25.7,A846534,A846534,0,C6F086BF-D3FD-46B1-B2D7-B4766A221228
5C79237A-666E-4848-8CEB-807E9927DC0C,20,15:21.3,15:21.3,AETH\N270372,AETH\N270372,NULL,43F16FC1-915E-4C24-9A66-CB6BFBFB7357
A9E936BB-CC62-4F7D-8BD7-80815F91495F,7.1,52:33.9,52:33.9,AETH\A393668,AETH\A393668,0,C1A7A182-AE8F-4B86-8BE8-5743CBD713FA
DB5A741E-FF13-4C48-8960-809283A775D0,0,56:58.0,56:58.0,AETH\A393668,AETH\A393668,0,4083A739-AFB4-42B1-B270-B06F74399594
284B05F1-560C-4837-AAFA-809D9C8207F2,0,12:31.9,12:31.9,A846534,A846534,0,447144EE-C0E7-48EF-A95C-7510D38ABD3E
CC2EE154-CF3B-47B2-BA30-80AFC4CC0C58,0,32:50.8,32:50.8,A846534,A846534,0,5DF8C522-7DDE-4214-AF51-B377078E2577
FCF3858A-CF02-4377-BEB5-80BA2F2E74EB,0,15:21.3,15:21.3,AETH\N270372,AETH\N270372,NULL,1AA21D19-3765-4B59-907B-BCB2F6C510B8
56ECA783-F969-493B-BFD9-80C4C2866684,0,56:58.0,56:58.0,AETH\A393668,AETH\A393668,0,C04518BA-2F79-449E-97D9-6FEA8E2BBB04
B2928FA3-9EB3-4C88-BC19-80CB4B52A0CA,0,03:43.0,03:43.0,A846534,A846534,0,F72C2972-4674-4421-9DE4-DFA9CE278881
AFA5F825-7AB7-4DDB-B661-80E2AEEDCDA4,150,03:43.0,03:43.0,A846534,A846534,0,641ABA0F-EC78-46A7-8462-450DC5D259F0
E7BD4BB3-3970-4FE4-A020-80E7B9095790,0,12:31.9,12:31.9,A846534,A846534,0,8510BAD0-522C-41B4-8C8F-23849E17A8CF
E9B785E0-0F0B-48F7-81D1-8100D66C572C,0,52:33.9,52:33.9,AETH\A393668,AETH\A393668,0,516F4DE0-4634-432F-B109-B24FCB82CF2D
E49561E5-97A5-48B1-B0B1-8109D2539F50,0,03:43.0,03:43.0,A846534,A846534,0,6089DFB2-262B-4A60-894F-72856A62B317
35540682-FFA4-4F9F-9AA2-811993B713C0,0,15:21.3,15:21.3,AETH\N270372,AETH\N270372,NULL,61B3C025-789B-4C5A-AA29-65BF396C49C6
901973DD-1159-41E4-9089-8119A13BC541,0,52:33.9,52:33.9,AETH\A393668,AETH\A393668,0,7E9D3109-D73F-4CC3-BE35-9A588EEAFD72
4AD60A8C-F137-46BC-AD03-81379D665439,0,54:25.7,54:25.7,A846534,A846534,0,779C2074-A822-42E2-B7D1-73833EB5A250
63AF6DF1-AA55-45EF-927D-8142DB541B34,0,32:50.8,32:50.8,A846534,A846534,0,7D36A6D6-1EF3-40DB-B6C6-DE2E84451252
B5209CD0-955A-4BE7-B13B-815186D9EECF,0,56:58.0,56:58.0,AETH\A393668,AETH\A393668,0,FD8F3EA2-53BE-4286-84F5-92542ADE672D
FAFEA92D-0397-4B16-BF3D-8156D806C296,0,03:43.0,03:43.0,A846534,A846534,0,22C26B4A-C744-4BD4-8BF9-17E793957C07
3850A7D2-3239-4B23-BC0B-8176EDEB3DF6,19,32:50.8,32:50.8,A846534,A846534,0,D5327339-C6DC-44A3-ADBA-BD8F8117CFE7
69183F38-5CDB-4B7E-B353-8182A8597A91,0,52:33.9,52:33.9,AETH\A393668,AETH\A393668,0,15CDB099-4A7E-4BCB-8ACD-A9C2B88AED5D
5DA15D4A-D538-4F77-BC47-8192E874BEB9,0,32:50.8,32:50.8,A846534,A846534,0,AF81EB1F-E81D-40E7-BDEC-B057B76A1260
FD86B790-4415-483F-AC67-81B1B8A33165,0,03:43.0,03:43.0,A846534,A846534,0,21D7E762-70CA-4384-883F-2AED7DD0A5F2
4F30EDFC-E19B-446B-820F-81C97A0B4DFC,97.4,54:25.7,54:25.7,A846534,A846534,0,123AD305-E324-426C-9AE7-A4F13D6349D4
1F1BD9CF-0C84-4CB5-8D46-81EEFC97421C,0,52:33.9,52:33.9,AETH\A393668,AETH\A393668,0,80715CBD-A25B-4113-AC16-5BEFCDAC4313
139E1B75-1E91-4979-B849-81EFC1698605,34.7,03:43.0,03:43.0,A846534,A846534,0,D149526E-82D3-4541-A2EC-284AF733E092
21F84260-10BB-4B2A-B576-81F0C57F5FD9,0,15:21.3,15:21.3,AETH\N270372,AETH\N270372,NULL,F415BCA2-DB12-4C91-8EBB-86D39E9E96F9
FB2A6C6B-8B26-4EE4-A608-858161A15092,0,56:58.0,56:58.0,AETH\A393668,AETH\A393668,0,333F58B6-17AD-4783-9C49-556DDBD90462
281FC302-F5D5-425B-A177-858B20C80FD3,0,32:50.8,32:50.8,A846534,A846534,0,C8B207BB-E1CD-4E3B-AE99-ECB87962D7DD
70E0A3AB-6C13-4236-B833-858E5B793D93,0,12:31.9,12:31.9,A846534,A846534,0,333D6DD5-02E9-4469-A687-4F5890BF060B
55B5E5A6-4C62-406D-9249-8599D023110B,0,15:21.3,15:21.3,AETH\N270372,AETH\N270372,NULL,6A355420-D839-4B92-BC01-17A64A60FC9B
8272ADBA-AEFD-449F-B3FE-85BD8AF0B5F5,0,52:33.9,52:33.9,AETH\A393668,AETH\A393668,0,A6AB743E-8920-4C2C-BB00-C0E1FAD6220A
77C5C014-60DD-447A-8FA9-85C264B0EDD5,0,15:21.3,15:21.3,AETH\N270372,AETH\N270372,NULL,476FC6B9-8B4E-4E9D-A3A8-5F7644139F77
571B276C-D55B-4880-BDAD-85DD06D8683C,37,52:33.9,52:33.9,AETH\A393668,AETH\A393668,0,0038AEC0-96A5-4BE7-89C5-58F3490F80FF
F4A86D98-627D-4C15-B2F6-85E08F95773A,160.9,12:31.9,12:31.9,A846534,A846534,0,BC9B46C7-C3E2-45A9-84D2-09F153687474
873909C9-03EC-49F4-BF8C-85FA77CF250F,0,03:43.0,03:43.0,A846534,A846534,0,A0382FD9-C2E9-4620-B1F8-1B299C5EC77B
4EF2A41E-B59E-4A88-8797-85FB61BDF9FB,0,12:31.9,12:31.9,A846534,A846534,0,A426ED57-B860-46FE-B4B4-56A3A68BE74C
A5623E52-7B2A-4B0B-B333-85FD1A47D0CE,0,12:31.9,12:31.9,A846534,A846534,0,B5D03F9E-1349-4A52-8E7A-7EE2B5E50FEE
F01F7CEB-EB35-45E8-8BB8-8602236EF8C7,17.2,54:25.7,54:25.7,A846534,A846534,0,0AA1933C-7092-4CA8-AA6D-BA76E42A2B33
AB0F63D2-E491-4758-BB88-860DA6757D21,0,32:50.8,32:50.8,A846534,A846534,0,A6727286-FA3C-473F-9D21-5526B48FB180
0556B910-A1DD-4B44-A9AD-86258EEBBAFE,0,32:50.8,32:50.8,A846534,A846534,0,AEA1DBFE-14EB-40D4-95E4-66DB9E054F6B
726A8BF1-8621-454B-ACF9-862611FC8AC1,73,03:43.0,03:43.0,A846534,A846534,0,9CB7167D-A1F9-4867-BC1D-A08809E8BAFF
C4D3C2B6-8C6E-4E19-BFC6-86282EBCE4C9,31.6,52:33.9,52:33.9,AETH\A393668,AETH\A393668,0,7104AF40-F43C-4E35-B731-F544C3A1D974
31A3A912-DF3E-41B8-9728-864351BF914A,0,32:50.8,32:50.8,A846534,A846534,0,9A9E7516-FC95-43B6-85CD-E830566A19C0
39E63665-5522-46B8-AF3A-8644EEC3F1BC,0,54:25.7,54:25.7,A846534,A846534,0,8ACC0A41-D893-435B-AB97-DB5A86DE8424
B2D38F72-9E1F-411D-89DE-864C6A20C4FD,0,56:58.0,56:58.0,AETH\A393668,AETH\A393668,0,C031D58F-6E8F-4A45-BF2D-6B6E0EE5D3AE
B0147C0B-0589-43AE-BF22-8668A1341014,0,52:33.9,52:33.9,AETH\A393668,AETH\A393668,0,61F24D27-3076-41BE-A8F5-D9787432E58E
6362D806-7D2C-45CD-8B3B-866970322329,0,32:50.8,32:50.8,A846534,A846534,0,6F711F15-560A-4A5D-8F85-7D2FF143E90F
A43A498D-0E0E-4E55-92B8-866E514D9C5B,137,03:43.0,03:43.0,A846534,A846534,0,320086DB-648B-4D2A-A9C5-8D6E763BA421
B974BE79-37D1-462C-8857-866EAB8462F8,0,12:31.9,12:31.9,A846534,A846534,0,3C83F000-27A2-4D4D-909E-4AA82B9B2242
BB3518C0-B751-4A12-ABAC-869B506EBAE4,6.6,56:58.0,56:58.0,AETH\A393668,AETH\A393668,0,1D6B99C4-4A10-46B0-8DA1-57E163E97532
40E31D07-54B7-4D3B-A986-86AA0E98AF56,0,12:31.9,12:31.9,A846534,A846534,0,F1D0C6D9-F795-423C-A439-26692DB27D98
105C3DA5-40B3-4B6F-BB90-86B31182E832,0,12:31.9,12:31.9,A846534,A846534,0,759C8CE3-1517-4722-88C0-ECDB2E965C7E
51DF8153-0A9D-408C-9FEC-86C919159324,0,56:58.0,56:58.0,AETH\A393668,AETH\A393668,0,B7585492-9460-43CB-A61C-38A34C3B54FB
3CD462DD-866B-43DD-AB01-86EA60588FFC,24,54:25.7,54:25.7,A846534,A846534,0,429FED19-DC65-40C5-8895-D1BEE523251C
65A31486-CD28-4741-BE27-86EB9D1D0A4F,0,12:31.9,12:31.9,A846534,A846534,0,23D3AD16-59BA-4DAD-9BA4-95D983DDD6FE
AE39D378-E9C3-4000-B10A-870757FBD432,85.9,12:31.9,12:31.9,A846534,A846534,0,206C4F47-FC6F-4DDB-A0F9-4D77B60D3162
3861C551-1FD4-4CB2-8B36-871218A045D8,0,03:43.0,03:43.0,A846534,A846534,0,AE13851B-6FAE-4402-9730-2C3C4F80CF46
CDDACB42-1EA2-4FA8-A83D-87165EA7399B,41,54:25.7,54:25.7,A846534,A846534,0,B6B5D3BF-391D-41D5-8BDD-700FB7CC6CC0
F642D203-D164-4DC5-B603-87177BD77286,19,03:43.0,03:43.0,A846534,A846534,0,EE1F0564-07AE-4A29-B0F2-129BBB7192E1
F3AE920A-28DA-45A0-BE6F-871D5CB92A99,0,12:31.9,12:31.9,A846534,A846534,0,EC81AEC1-7DFD-4E57-9587-8FDFD2365535
8C52E19B-B52D-4812-A2B1-8727D3B854A6,166.2,12:31.9,12:31.9,A846534,A846534,0,8A341B55-74CD-409D-AFF6-D43F01C49A9C
B5A87C4F-E0EA-4139-A0FE-873F4BEF47A1,0,54:25.7,54:25.7,A846534,A846534,0,73C93C81-401B-48E9-A53D-0181F235D980
3C4BA6BE-68ED-4B1B-ABA3-876E094B3962,0,32:50.8,32:50.8,A846534,A846534,0,B852BAB4-1964-4957-B044-72FCFADC9135
96F9061C-108C-4D6C-80D8-877334FD0A56,0,03:43.0,03:43.0,A846534,A846534,0,1353029B-6ABF-4276-AFF5-D475E97BEF6F
E8D20DB7-F0E3-45D7-8C75-8774AB0E36C1,0,03:43.0,03:43.0,A846534,A846534,0,B55CA32D-A6B4-4483-B3D3-7918454BB946
ACE6AAF2-2BF5-4EEE-A0F7-87949A19167D,8.5,32:50.8,32:50.8,A846534,A846534,0,BC5F5E72-91FC-4375-82F9-14BAB65B8A00
304F9E95-8281-4E37-94A6-879A3A30EA91,0,56:58.0,56:58.0,AETH\A393668,AETH\A393668,0,E76F3705-B8B9-4ABB-966D-DE8AD1A57113
0A867FBB-1D08-4F7E-9065-879D0A4F37C6,0,12:31.9,12:31.9,A846534,A846534,0,C16DDA87-BD48-4823-8BFA-E4945C951FBA
EFC79E09-3FEC-4F95-89B2-87A7A861ABD1,0,12:31.9,12:31.9,A846534,A846534,0,C2BF9001-74E6-442E-81E7-493D3C1BB30E
FE8AD988-11DE-42C6-AE06-87BC21F271B9,0,03:43.0,03:43.0,A846534,A846534,0,A40B0707-AE24-4977-A076-7E282E401302
C29914A9-BF9A-44AB-B57B-87BDB6A5CA58,47,32:50.8,32:50.8,A846534,A846534,0,99714EEC-0936-463F-A272-E6EB8C536CEF
0627E554-036C-4C5C-A2FD-87E3252C5CB1,0,54:25.7,54:25.7,A846534,A846534,0,496707F6-0C4E-4959-BC76-F2FC2E7A283C
C34C7F03-E36A-4BA6-A82C-87F794CD1C07,13.4,03:43.0,03:43.0,A846534,A846534,0,A1A4348E-F111-4AFA-AE8B-AEB0AFA9F8BE
F6BFC262-8EC9-4D94-A565-87FC0EEAF0EF,152,56:58.0,56:58.0,AETH\A393668,AETH\A393668,0,825C06E4-7E8F-4C40-B4FF-CB3AD6C24293
E00EF2B5-8B28-4DE4-BBFD-8800B7C1987E,82.4,15:21.3,15:21.3,AETH\N270372,AETH\N270372,NULL,EDE7F46E-4F69-480A-AD8F-EB20DA53762C
B1AB0B3F-56C8-4B31-80FF-88064DA49315,0,15:21.3,15:21.3,AETH\N270372,AETH\N270372,NULL,89ED0B43-D7F4-429E-A31D-B02FD210CA1A
F498D1D7-0F21-4F66-876F-88120556C009,0,15:21.3,15:21.3,AETH\N270372,AETH\N270372,NULL,8355901E-E60B-46FC-9B9C-5B04F29433B8
86060034-2651-4227-9EE3-8814E4E5480F,0,15:21.3,15:21.3,AETH\N270372,AETH\N270372,NULL,F158CD94-7562-423A-AFEF-95ECA6BC3966
60B9B1A4-3158-493F-A859-8821A1B20AA4,0,54:25.7,54:25.7,A846534,A846534,0,F8E6FA44-6B1D-4F85-9B2F-36B87CFD95A6
D1123B55-DF95-40AA-B989-8839E2D83926,0,12:31.9,12:31.9,A846534,A846534,0,8DD4C706-5DC6-4062-836C-43D42F81ED5E
D392057B-4981-4CFD-A952-883B9838583B,0,15:21.3,15:21.3,AETH\N270372,AETH\N270372,NULL,6D7F26B0-2BDB-4BE0-96E8-00775E84639E
FDB9E51D-D5BE-4E3C-A250-8840A8B016AB,20,56:58.0,56:58.0,AETH\A393668,AETH\A393668,0,FB1CC3E0-6675-4455-AAAB-939F80FE814B
5673EF25-9890-4D83-9753-8843885CA1C7,6.9,56:58.0,56:58.0,AETH\A393668,AETH\A393668,0,7E8C76C6-126F-4E3F-8873-5D52316D415D
7EFFAD71-FC4F-4629-BFDE-886A2EFBCD64,0,54:25.7,54:25.7,A846534,A846534,0,DAB0436B-DEC0-4E3E-ADB5-459C5B5D7B1F
77885E7D-9E2C-4ADE-9468-886F08EFE9C7,0,52:33.9,52:33.9,AETH\A393668,AETH\A393668,0,F16E9259-FB12-449C-9E21-24F981CDE566
C7139B32-DA0F-4F55-AF7B-88706D84739D,0,15:21.3,15:21.3,AETH\N270372,AETH\N270372,NULL,B9B057BC-088D-499E-B20B-BD98F4288BAB
40C4864B-BF64-4E19-B7A4-88713EA05BD8,28.3,12:31.9,12:31.9,A846534,A846534,0,CE38A401-37C0-4008-97AF-EABBAC9489E7
0E8FAC70-EFBA-4276-9F2B-8876D1094473,0,54:25.7,54:25.7,A846534,A846534,0,18B50E75-98BD-44A7-B9C8-0A4A6A487DDC
24930CAC-A807-4F6B-A501-887BECA18866,16,56:58.0,56:58.0,AETH\A393668,AETH\A393668,0,A9763A60-D95D-4FCC-9CF6-AEAC6875D93A
AD270791-16C9-441C-BB53-8881B6EE7F53,0,15:21.3,15:21.3,AETH\N270372,AETH\N270372,NULL,A354DA21-6D15-4816-AB54-8199570DDDDD
FA212275-1F72-45A4-897F-8895DC6FF752,41.6,03:43.0,03:43.0,A846534,A846534,0,6FBC34E0-074E-41DC-A2A5-E9BD257B5CD4
D13F86D3-1803-4F9F-AD7C-88B074849104,0,54:25.7,54:25.7,A846534,A846534,0,47522937-E4BE-4A95-91A5-485BFDEB90DD
E16279DA-1C69-4DBC-8AC4-88D6826524FF,25,03:43.0,03:43.0,A846534,A846534,0,36A8F74F-7F69-4BA9-B403-BED5BAF38EA9
E3FCE7E7-8CC2-4896-BF95-88D710064B0B,0,56:58.0,56:58.0,AETH\A393668,AETH\A393668,0,A99BE7B5-4A5B-47B1-A640-743208962519
11A702B7-75DC-4C29-800F-88E6688D1C25,0,52:33.9,52:33.9,AETH\A393668,AETH\A393668,0,41108AB6-5EF7-44B3-884F-7945C086572E
DC88BD7E-929B-459A-8A4A-88E7B6423DEF,0,03:43.0,03:43.0,A846534,A846534,0,14B290E7-2C56-4587-85B1-0A40A332E7F4
6C36D048-0E7B-4A68-985A-88E875811AE6,34,54:25.7,54:25.7,A846534,A846534,0,3A990CC4-14FF-4964-8502-E4E736C90C49
9CA0C7A8-5199-4884-90CC-88EA31E2751D,0,54:25.7,54:25.7,A846534,A846534,0,D31E214A-B038-4D59-8319-47973C5FC4AC
27CCF14E-3E53-40EF-B80D-88EB269523E6,0,32:50.8,32:50.8,A846534,A846534,0,BDE15A2B-CCA9-4EA5-BD87-DF69AB2B58F7
718BDA10-B30A-47AF-9ED4-88ED34CCA0F4,99,15:21.3,15:21.3,AETH\N270372,AETH\N270372,NULL,90C780EA-A1EE-47CC-8BD3-627069F1A4BF
4ED29131-93B3-4F80-B1DD-8914A2667695,20,12:31.9,12:31.9,A846534,A846534,0,F0526C11-822F-45CB-90CD-A94F57918DEB
46B07EF9-8733-4DB1-A24E-8921D9CEECED,149,56:58.0,56:58.0,AETH\A393668,AETH\A393668,0,2AECE790-C3D7-4E63-8D36-6639D267CF2E
FF878964-2E17-4B42-8A0A-892E18805BCE,0,56:58.0,56:58.0,AETH\A393668,AETH\A393668,0,22551B4D-7836-49AA-BEE4-C25E2B331FF6
F2512C8C-3883-4F88-BD2C-8936F3312C39,35,15:21.3,15:21.3,AETH\N270372,AETH\N270372,NULL,F80FF116-DB9D-418E-B1F6-1A9845F68FEE
C7F1E560-B472-4375-84A2-893E21C02EB9,0,32:50.8,32:50.8,A846534,A846534,0,ED5F25CA-4F54-43CA-AF70-0529105C292C
13F14644-AEB1-4088-A8D5-893F6BF0039E,0,12:31.9,12:31.9,A846534,A846534,0,268A166E-BF5E-48AD-96DF-0A439978045F
2D816D2D-49FD-4282-A026-89447C7DD890,0,52:33.9,52:33.9,AETH\A393668,AETH\A393668,0,DD73F705-BC29-4467-AB7A-A6EE6BD20CA7
FC495374-DCB8-406F-83A1-895195B6AD36,0,56:58.0,56:58.0,AETH\A393668,AETH\A393668,0,57FFF174-4A0E-40DB-A845-2EA07A5E1B57
72898105-8D5D-43B3-BAA0-895333A39ED3,0,54:25.7,54:25.7,A846534,A846534,0,14A2DA94-70C7-4969-88F9-C3C61C0EC468
16F50D5C-A894-403F-BDCF-895E4FE3833D,0,32:50.8,32:50.8,A846534,A846534,0,54087E43-29B0-479D-8DD7-141D1EBBCF9A
7E7319C6-D606-48AA-BC34-89697AD7D668,0,52:33.9,52:33.9,AETH\A393668,AETH\A393668,0,B88F162D-B02B-4C8A-8BC5-F5290184CCE8
6732AD2F-D891-44FB-B504-896F883B42FA,0,12:31.9,12:31.9,A846534,A846534,0,D2F3F916-DFD9-457B-881B-BF0EF31044B3
AE62AF0B-5191-4777-86CD-898E1B862115,0,12:31.9,12:31.9,A846534,A846534,0,6D6FA9A9-9AC2-435E-8BFD-123042411E0B
6FF15F6D-3AF3-4799-B620-8D83EFB27657,0,03:43.0,03:43.0,A846534,A846534,0,1FCE6605-9237-4ED4-9A81-195573CB0E1F
F7533B47-782E-41C2-88D7-8D844A06DA6A,0,15:21.3,15:21.3,AETH\N270372,AETH\N270372,NULL,73891356-307A-4A0A-AA33-009619D3F8AA
9B599FD0-65AA-4695-9FA4-8D89B4923ECC,27.8,52:33.9,52:33.9,AETH\A393668,AETH\A393668,0,F8F2BE8A-3ECD-43AD-9F2A-F6FC75B7A8C9
BF35367F-91A9-4024-9420-8D8FC3B3FD02,37,15:21.4,15:21.4,AETH\N270372,AETH\N270372,NULL,90EDC9BD-CA62-4A3C-B4D4-AAD203AF80A8
A62ABBD8-A00B-4C78-B4A8-8D97F080162F,0,54:25.7,54:25.7,A846534,A846534,0,B79A276F-D532-4672-9B23-74A508752BAB
0B6E711E-72A8-4F2A-8EBB-8DB09D35178A,0,52:33.9,52:33.9,AETH\A393668,AETH\A393668,0,65468DB2-98AD-4BF9-85E1-D4E9FAA90259
A7B0ED97-36E7-4838-979F-8DB44BBDEA45,0,52:33.9,52:33.9,AETH\A393668,AETH\A393668,0,599AE178-E660-432B-B84C-1F314730323B
4D23BD2A-138F-4DE0-9D75-8DC215760D46,0,12:31.9,12:31.9,A846534,A846534,0,F53A951D-9984-402A-A50A-77779430A8C0
22D13E59-0FD0-4171-9A5D-8DC3D6661DE0,60,54:25.7,54:25.7,A846534,A846534,0,D0A4ADD6-0D54-4620-B4FB-AAA5CFA024B3
B8626E24-51C2-4AD0-A0A5-8DC436C9421E,47,52:33.9,52:33.9,AETH\A393668,AETH\A393668,0,5E3FF7C8-F971-4502-827C-C8870851E0CB
6226AAC0-1ED8-4A86-95A1-8DD36532F4F7,84.7,56:58.0,56:58.0,AETH\A393668,AETH\A393668,0,5223AF2F-F65A-4992-A250-EF950A022C2E
B338297A-6767-4BC3-9C06-8DD719595F46,108,54:25.7,54:25.7,A846534,A846534,0,F05183A9-1BC4-4314-8DC6-E01D5AC4F69B
8F7CDFEA-814F-4008-BB5A-8DECFB590B93,0,15:21.4,15:21.4,AETH\N270372,AETH\N270372,NULL,8EFF37A4-514C-4B69-AD13-6F028F01A885
3944D78A-AD3D-459D-9C6D-8DF38811B0AA,27,54:25.7,54:25.7,A846534,A846534,0,A47456D9-7958-4931-99A0-C2BE994681FC
DAB814DE-4BCC-4F8A-88AE-8DF93FE388DA,0,52:33.9,52:33.9,AETH\A393668,AETH\A393668,0,AD6E63ED-6C3C-44FB-A7E6-04B53BD7508C
B4DC0004-B0FF-4558-AD54-8DFBA0142747,87,52:33.9,52:33.9,AETH\A393668,AETH\A393668,0,5658C0BB-354E-452A-8885-A2649A4777CF
7756E93E-7000-49FC-BB6E-8E02D56A8404,0,32:50.8,32:50.8,A846534,A846534,0,43BA9446-E7D5-4835-9766-CD54C9701969
5CDA7CED-7035-484C-8C90-8E0DB05BA4BC,0,15:21.4,15:21.4,AETH\N270372,AETH\N270372,NULL,65D72C1E-EE6E-482F-9DA8-C7816BDBBD4E
08103BE6-F8CA-426F-A9D4-8E1D16DAAFA2,3.2,32:50.8,32:50.8,A846534,A846534,0,4E04B404-240B-47ED-8ED5-F5D36FF21295
8BE6C9C7-1F65-4C77-8667-8E2C4503570C,0,03:43.0,03:43.0,A846534,A846534,0,E0F01FD7-E6B6-414F-8B3A-FA0AD7AE1D39
14BE19D5-5959-41FF-ADF9-8E2DAB178C10,0,15:21.4,15:21.4,AETH\N270372,AETH\N270372,NULL,47BC7D99-0057-48F8-9CBF-DE526367F27E
C3F859A2-EA19-46EB-A42D-8E3650BDF9FB,50.1,12:31.9,12:31.9,A846534,A846534,0,67F3F60E-4C3D-4861-9DDD-6CE34B0EC2CC
28440E0F-DB0D-451A-AC75-8E3B54F81A7F,0,56:58.0,56:58.0,AETH\A393668,AETH\A393668,0,0F5FC8AF-3513-40C3-AD66-ED827BEB05C7
E34F7BE7-51AA-4E1A-9805-8E502BBDFB3D,0,52:33.9,52:33.9,AETH\A393668,AETH\A393668,0,5C9B1C41-DCE7-4169-8B72-3B3B7E73C264
6CFB8AF0-A9B1-4ADA-872B-8E5226EDDF0A,46,56:58.0,56:58.0,AETH\A393668,AETH\A393668,0,7D0B015B-06C0-4243-99D5-118079F48F16
DE369A46-4676-43B1-BD96-8E59331CEA2C,0,32:50.8,32:50.8,A846534,A846534,0,B78B9E33-1323-4EB2-A1A1-588D8205B391
F4BA269D-6C70-4C1D-9C71-8E5A16806351,0,56:58.0,56:58.0,AETH\A393668,AETH\A393668,0,9CD0E0DD-D1D8-48CA-9C2E-67A185ABE4B2
9684E053-B713-4436-BB95-8E5FE8202444,0,54:25.7,54:25.7,A846534,A846534,0,73607258-E6EF-4E6F-A364-EC52132A0ABA
3D763DBB-11C9-4590-90F1-8E88F19D2714,58,54:25.7,54:25.7,A846534,A846534,0,8070B383-33F1-43A9-9559-3779EE37A4CD
B913B40F-2288-4DD9-97A6-8E90044F1AB4,0,56:58.0,56:58.0,AETH\A393668,AETH\A393668,0,9F5E864B-51B4-4554-8885-31571DE67C69
DCA82FFE-3BAC-45F6-9DF4-8E9ED4CC3D5F,0,03:43.0,03:43.0,A846534,A846534,0,C9754F40-F098-4F35-A24C-37F69AE4BD56
528D99D4-D528-4BA0-97C4-8EC12031605B,0,15:21.4,15:21.4,AETH\N270372,AETH\N270372,NULL,90D2A9AD-A119-4239-A2AA-630DC39A1D73
8DE07944-BE38-40BD-963D-8ECF6E967B4E,0,54:25.7,54:25.7,A846534,A846534,0,160E6CEE-0317-444C-B156-D16FB9275AB2
9FE40B26-E0C9-4791-A9BB-8ED0A5C1ED83,28,32:50.8,32:50.8,A846534,A846534,0,FA8FB247-DD6B-4FFD-AD7D-B6343A538644
FE7E6D45-52E1-4B71-B63A-8EEBE3CD0E1C,0,56:58.0,56:58.0,AETH\A393668,AETH\A393668,0,56A4635E-3337-41AB-9279-639DDA23398F
06C51042-833B-4A45-BC05-8EECF0EB53BC,30,12:31.9,12:31.9,A846534,A846534,0,82339097-1B6F-4ADF-8520-D535028B15C4
E00ED663-4151-4121-9752-8F0CA0901AC2,57,52:33.9,52:33.9,AETH\A393668,AETH\A393668,0,88BAEBD2-728B-404C-AB32-2B4006782104
8ADC4D44-B0F1-4528-8700-8F1404E93C50,0,52:33.9,52:33.9,AETH\A393668,AETH\A393668,0,0C6953E1-DFD8-46AE-9310-0E9087E6055E
F8E620EA-C9BC-4BC7-BE67-8F242FE3E56E,99,15:21.4,15:21.4,AETH\N270372,AETH\N270372,NULL,67E3CBCA-60AD-4B5A-8022-AE91581F3478
FB70DC54-4CAC-4CDB-A1C9-8F3ABC33329D,9,12:31.9,12:31.9,A846534,A846534,0,944F9D90-D635-45BA-B7E6-C7E8467E5E96
75AE2139-FC58-4045-A228-8F4746E8146D,0,03:43.0,03:43.0,A846534,A846534,0,E5B29556-F4AF-4AF1-9711-5AC212B954EC
B44187DD-08B9-46C4-B397-8F514D7A0E93,52.2,15:21.4,15:21.4,AETH\N270372,AETH\N270372,NULL,44DE1598-7E71-4745-9DF1-BE803D10B982
FD4E3771-B0DC-4442-86D7-8F5EE55AEBD2,0,12:31.9,12:31.9,A846534,A846534,0,A8C860A8-271B-4418-A1CE-C6E036AE43D3
549885F0-0B87-4C84-BFD5-8F61BAFCF032,130.9,12:31.9,12:31.9,A846534,A846534,0,0CB07E28-12FD-4B76-B5E3-6545BEA3E764
CF4ABA7B-7C53-4F9F-88AF-8F688D7E2C70,0,56:58.0,56:58.0,AETH\A393668,AETH\A393668,0,6FD41130-C998-47B0-A264-CC76E90E2A18
D8CE6581-2BA4-42A2-A3F1-8F68BC0BC0E9,0,56:58.0,56:58.0,AETH\A393668,AETH\A393668,0,76478184-F728-4C2B-9166-E5FEA3ABACBF
4585181A-3786-45E8-94B6-8F6C59DBD9A7,0,52:33.9,52:33.9,AETH\A393668,AETH\A393668,0,CEDC3278-555D-484E-9068-A35001719438
175AAB45-2A93-4C45-B595-8F6F3229542C,0,03:43.0,03:43.0,A846534,A846534,0,FEA53C55-0604-44F1-B882-8C68C1459C03
272BF594-8746-4443-B45B-8F70F3BD616C,0,52:33.9,52:33.9,AETH\A393668,AETH\A393668,0,F1605074-6ED8-4329-96A6-F89BFFD599EA
CF6E9AC0-019F-47F6-94A9-8F722074AF7F,11,03:43.0,03:43.0,A846534,A846534,0,ADB28183-4FD0-470A-AD5E-FCACC52DCFE0
6C8D47C1-E559-4A3A-9093-8FAB156C9FA7,0,56:58.0,56:58.0,AETH\A393668,AETH\A393668,0,5B7BE098-0863-45C0-B3CC-EF1624177720
AF79706E-957A-4A66-87BF-8FD9516FE5D2,0,56:58.0,56:58.0,AETH\A393668,AETH\A393668,0,DD943EDC-742D-43AF-9A95-277F94E10FAC
B751FC60-A78C-4621-9C7A-8FDF042731C4,0,54:25.7,54:25.7,A846534,A846534,0,1EEF4F70-96FD-46A2-B8C0-3F547B05E65B
F7FB0013-BB17-4CA2-B915-8FED192C8C8C,0,54:25.7,54:25.7,A846534,A846534,0,C24E20DD-1102-4E5D-8DAA-8502B20734EF
2B858054-D617-4E9E-8857-900A1F4AD694,0,52:33.9,52:33.9,AETH\A393668,AETH\A393668,0,DB34B71E-71E0-40E1-88E4-C2FB3472C806
F725DA47-4856-4107-B06C-900B5E5872B9,0,32:50.8,32:50.8,A846534,A846534,0,5A1DDA8C-BBB9-40CA-BE07-7B6D4FCFF658
D385DF97-7992-4DA7-B034-900B68899F90,0,32:50.8,32:50.8,A846534,A846534,0,D786024F-3A66-48CF-B6D5-7A77F4554368
08DE9D7B-125F-42DC-913C-903E97876F51,19,56:58.0,56:58.0,AETH\A393668,AETH\A393668,0,0ED8827E-2FCC-4304-A419-28C03AB2E266
51C7486C-0F8D-4B77-95DF-90409A749DA8,0,52:33.9,52:33.9,AETH\A393668,AETH\A393668,0,896689F1-EE65-49C1-B6F1-502C81606C66
64718C44-51B8-440F-ABC9-904C1FC67C6C,0,12:31.9,12:31.9,A846534,A846534,0,10CD40A2-7BC4-4668-9653-F43CF7BE3D02
5DC61A6D-94E7-4A15-B59A-904E3725D066,23.8,03:43.0,03:43.0,A846534,A846534,0,E7CD34D7-EB6F-46AB-A9E2-F8221F2733CC
9B6CAD77-13CF-4147-A64B-904E8CF2766E,0,32:50.8,32:50.8,A846534,A846534,0,792BDA3F-A92C-4BCA-B8FF-FF10A27D113C
BB1D1AF5-A0B7-4A57-BC18-9083BBF288E1,0,52:33.9,52:33.9,AETH\A393668,AETH\A393668,0,01DF6932-86A9-4D6B-8A24-ADB283527FE1
143ECF61-D2F3-4633-8F21-908CA7CE4BE8,0,03:43.0,03:43.0,A846534,A846534,0,86A18CCD-2E0C-4BFA-9ED9-F7BF7FADD25C
50C297D1-F7D0-4819-BB60-9093A305117F,0,52:33.9,52:33.9,AETH\A393668,AETH\A393668,0,6F5AD057-1C95-4C85-8614-CD2B8E0718C9
C3D6E295-A0CE-47FF-BF9A-909555808201,0,56:58.0,56:58.0,AETH\A393668,AETH\A393668,0,91191C68-82C0-4F95-B6D2-47D09B7FBC9C
343CF3B7-C1B0-4CE1-9780-9099A8D03AC7,10,12:31.9,12:31.9,A846534,A846534,0,69E947FD-95D6-43C8-ABB1-627C0269E1CE
2CCB4A13-E099-42A8-A85B-90A28316FF03,0,15:21.4,15:21.4,AETH\N270372,AETH\N270372,NULL,2BC9F824-9532-41E8-9724-4384B4CCD954
A0657D0D-98F3-4D14-97C0-93E8385A60AE,0,56:58.0,56:58.0,AETH\A393668,AETH\A393668,0,C08E2BEA-7C0A-427F-B681-DDD699D1205D
E71A231C-A1ED-4101-9775-93E91F15A221,46,32:50.8,32:50.8,A846534,A846534,0,0F1C56E4-69E4-40D5-BFC7-742CBE278FAD
BFCBE938-19BC-456C-8B96-941024B8EB22,61.6,15:21.4,15:21.4,AETH\N270372,AETH\N270372,NULL,143221D7-1D9E-455B-81A5-E06ECA6F4832
5463FC1B-36BE-4BF7-A84D-941081D9862D,0,32:50.8,32:50.8,A846534,A846534,0,AA3BC90E-9B85-4040-AE3B-512648BC5FF3
464BF72F-0664-4B32-908A-942910D424DE,0,12:31.9,12:31.9,A846534,A846534,0,FF5EF35B-AC37-46A4-9EE9-B0F8C86E7B8A
500F570A-4EFA-4E94-ABDC-942C98BDAF81,0,56:58.0,56:58.0,AETH\A393668,AETH\A393668,0,324742AD-1095-4AF2-BB73-6E786913A174
D5742E68-F73C-4AB4-A90E-9434743F5FDD,50,52:33.9,52:33.9,AETH\A393668,AETH\A393668,0,D3D379DF-F5AC-450C-9CC2-EBC543B82984
FC604150-B086-4D74-91E4-947B59F15D72,0,32:50.8,32:50.8,A846534,A846534,0,0664ED89-CC5E-46BD-8747-4C56F23014DE
C1003B2B-576A-402E-A6E2-9498DB60A131,19,03:43.0,03:43.0,A846534,A846534,0,A13FAC14-0231-4650-A016-511DE640C61C
F1E65368-E3BF-43E6-96CE-94A6DD698F37,23,52:33.9,52:33.9,AETH\A393668,AETH\A393668,0,400D8919-FBDF-448D-B6EB-88B65EBC9A2E
546CFC61-83B2-4F06-9755-94ABA95861DB,33.6,15:21.4,15:21.4,AETH\N270372,AETH\N270372,NULL,DF390A91-4B16-44A0-B40F-8355A7707A83
E756EA0A-052A-4783-83BA-94AD1536482A,27.1,56:58.0,56:58.0,AETH\A393668,AETH\A393668,0,86530249-3203-4AEF-B369-1A47FBBF2FBE
9FBAD2B5-80F6-4BAA-9102-94AF7D00EF08,0,03:43.0,03:43.0,A846534,A846534,0,5248150B-5B55-49C9-BD79-F1248B7C225E
836FE6A2-E44B-4CBF-A905-94BB61B3F43D,34.1,56:58.0,56:58.0,AETH\A393668,AETH\A393668,0,3D5E781F-A326-4A65-BCF3-CEBF02197B4D
114E752A-A62F-4AD4-A386-94EFC555BBBB,0,54:25.7,54:25.7,A846534,A846534,0,1760A6C3-A838-426B-A4EE-06274A7E5BBD
90F461A6-6D40-4874-8DC1-94F0414F84E3,0,15:21.4,15:21.4,AETH\N270372,AETH\N270372,NULL,969E4388-8DA4-44BB-AEBE-CF0DBEF8F99B
C8AF5C6D-775B-4FD4-AC56-94F910B60C07,0,03:43.0,03:43.0,A846534,A846534,0,748CA832-5A23-4AFD-B230-A8E75BAC44A3
38965708-D737-45CB-B19F-950169892AE4,45.1,32:50.8,32:50.8,A846534,A846534,0,D0B44DD2-2EA4-4247-B891-D599A54B1E64
4A307707-F49A-4346-9BBB-950B33DB2251,0,03:43.0,03:43.0,A846534,A846534,0,E4658862-2BF0-43A1-ACEE-A243F4CB428B
CF00EABF-D119-468F-B02C-950B4980FF77,0,03:43.0,03:43.0,A846534,A846534,0,BBB75DFB-4496-46FE-B75C-89F040F5512F
4A292B50-C51D-4C9E-8283-950C3DBD86E0,0,56:58.0,56:58.0,AETH\A393668,AETH\A393668,0,D8A6D7AD-AE3D-4C6C-BEA1-8FD3A0CC5C04
5D59FD75-1D45-4788-864E-9512ABAE5AB3,0,32:50.8,32:50.8,A846534,A846534,0,D5610503-3E1B-4218-8FC5-1E39ECC0CAB4
81EB0A3E-4D3C-498B-91AE-951910E01739,0,15:21.4,15:21.4,AETH\N270372,AETH\N270372,NULL,B4028BBB-BE63-4A21-AB83-E5B5A213DC7F
8D32AFD2-A2C7-4468-A198-951C2059A60A,0,56:58.0,56:58.0,AETH\A393668,AETH\A393668,0,7707481F-7952-4D0C-8107-BB158238660F
418E3A4E-71B2-4FBF-8F1C-9530A782C7BD,0,32:50.8,32:50.8,A846534,A846534,0,B585F955-0C9D-4DE4-8C63-94F90031C738
B6FEBED6-5F4B-4018-88A3-9537A7F6D1C2,57,32:50.8,32:50.8,A846534,A846534,0,8A1C0028-6091-409B-A374-D6542F4A1765
160A23B7-6ECB-4015-B605-9542CE14DE39,0,15:21.4,15:21.4,AETH\N270372,AETH\N270372,NULL,79B4164F-8AE9-4937-87CF-84F1415C0BD5
C75189BB-9090-411A-B612-956498CF2FFE,0,54:25.7,54:25.7,A846534,A846534,0,450526B5-F844-46C5-9469-5D2725C5D53F
0971353D-8406-4313-804D-95690811E2BF,0,54:25.7,54:25.7,A846534,A846534,0,B7877907-A833-4700-93B8-1C70C4E35971
791F81B8-5CFF-4C53-904F-957502D42F57,0,56:58.0,56:58.0,AETH\A393668,AETH\A393668,0,D06D45D6-3E7C-4623-886A-BF9841EFB6DA
E9117874-7926-4231-A68A-95866D48615C,19,03:43.0,03:43.0,A846534,A846534,0,D886E923-675D-4410-8F12-CBA2A9E13F8C
7C6383EB-892E-4AD1-B703-95A677F72D04,104,15:21.4,15:21.4,AETH\N270372,AETH\N270372,NULL,15E8B8FF-90CD-4587-95B9-45A3D641E6CE
6C5B7B09-977B-4A19-A997-95BBA48ACFA3,0,32:50.8,32:50.8,A846534,A846534,0,84157D10-5525-4DB1-8F6E-B35CCECAB1D3
DDA75775-B0E2-4AF5-95F8-95CCE2FA573B,26,56:58.0,56:58.0,AETH\A393668,AETH\A393668,0,792DFFB8-84CF-4DEE-B16A-D79BE200EDBF
C3C8D4B6-230D-44E2-BDEB-95D7BF84B2A4,0,03:43.0,03:43.0,A846534,A846534,0,B4C59A33-292D-4082-8020-90118A79E867
AEBEBB49-BEC7-474F-8EAB-95ECBAE5BA85,2.5,12:31.9,12:31.9,A846534,A846534,0,84D25520-2BCB-4E03-A79F-B6F0411857EF
38B5118C-E594-4E1A-BA14-95F1094D1307,0,52:33.9,52:33.9,AETH\A393668,AETH\A393668,0,01AFF0E1-51D1-423F-A6EE-1D92C46DB077
4D3DB388-0212-4BEC-BADF-96017BDB428F,69,15:21.4,15:21.4,AETH\N270372,AETH\N270372,NULL,86C2D9A4-5F2B-448A-81FC-E1C9BBCF5341
D66BC414-2372-41AF-8D7C-960F702868C7,0,32:50.8,32:50.8,A846534,A846534,0,629B72E1-D851-48CC-9C99-EE3554BD5680
28642D25-2285-4950-BD0F-9624941483D6,0,15:21.4,15:21.4,AETH\N270372,AETH\N270372,NULL,A1B74C56-7E06-4676-945F-ACCFCDDFF275
980FF830-A427-40C2-9988-962D2053A7BF,0,54:25.7,54:25.7,A846534,A846534,0,D306B55F-3C83-4CAF-A032-9DD9D98A48BB
D3F68724-BA60-4EC4-B2C0-963B6694E691,0,52:33.9,52:33.9,AETH\A393668,AETH\A393668,0,9731E87A-8BEC-44F6-A33E-12ECFE321923
05A30FD5-F502-4E19-A542-963CA2717F4B,0,54:25.7,54:25.7,A846534,A846534,0,4314443A-5237-4FCB-931C-4094637262AB
4ED9A863-CD2D-4DD2-AD1E-965E5ED69DE5,0,32:50.8,32:50.8,A846534,A846534,0,73591FB4-3A97-4148-B106-5DF8FEF8E679
AC40B82E-5A20-4AB0-809C-968E477D0472,0,56:58.0,56:58.0,AETH\A393668,AETH\A393668,0,98AB7A80-D73C-463F-87D9-2B46B40E02B0
C8A03D4B-3351-4091-91A4-969D019F843D,0,15:21.4,15:21.4,AETH\N270372,AETH\N270372,NULL,BC74018D-8D37-4021-8AF4-D39307EA6C1D
46865468-110E-4670-B761-96A25E6F76AC,0,32:50.8,32:50.8,A846534,A846534,0,5FECFDB8-1E86-4509-8042-282B15D614C1
730EB233-D18A-4ECE-B0D7-96A5AD069D12,0,12:31.9,12:31.9,A846534,A846534,0,D9557726-92B0-4D59-B638-5BE06F42CAA8
D18D25E8-BE73-4D00-9B83-96A99B541848,0,54:25.7,54:25.7,A846534,A846534,0,32F9CF74-5CDE-4697-9F30-F57EEF3069E5
BEF1BEFD-93AA-4D6C-9635-96AE724CF129,0,52:33.9,52:33.9,AETH\A393668,AETH\A393668,0,8E0C598C-B5D5-4B01-8FE8-F4F6B58972C9
5B1130E2-B8FF-415C-815C-96B22310F799,0,32:50.8,32:50.8,A846534,A846534,0,B3ACBB93-D7A5-428E-A56D-BEC9ED4E34BE
3AF59D74-BA6B-4FE3-8F39-96B4E8EDC1D7,0,12:31.9,12:31.9,A846534,A846534,0,8CDF37E0-3B8B-4CCA-B92C-DD659C55FCEB
9F710465-812B-4994-AB3F-96E3B689F9A7,0,32:50.8,32:50.8,A846534,A846534,0,E65472C1-66B3-4829-9B87-EC71629F21CA
E0A7EF4A-6AF0-4CE4-A0A0-96E438C11DCC,0,54:25.7,54:25.7,A846534,A846534,0,76828487-42EF-4657-990D-85835A242F0F
705FDEF1-8FCF-4F6A-BEF6-96FEE9F62356,0,52:33.9,52:33.9,AETH\A393668,AETH\A393668,0,F7894E95-9B33-4D4F-8823-4F243235B7A5
BC844862-692A-4697-AA58-97004235D57D,0,12:31.9,12:31.9,A846534,A846534,0,BB231A64-3F20-44C3-9132-B41132A639B7
04969A72-5D8C-4DCD-88BF-97169F8DD283,13,03:43.0,03:43.0,A846534,A846534,0,0906D267-714B-4F60-AE90-65A884443731
80CB0ABE-E425-4CAD-A535-9719D9132DF0,0,52:33.9,52:33.9,AETH\A393668,AETH\A393668,0,2A3720FD-D4CD-44B7-BF7D-C3676A815C1C
3F8FEFD4-008B-4A38-95E9-972784B8BD75,0,03:43.0,03:43.0,A846534,A846534,0,32AD9FC4-9CCF-414E-9F73-DDDF73BE3023
CF34C9F8-1CCA-4B8C-9AD3-97312EE1C4D0,0,15:21.4,15:21.4,AETH\N270372,AETH\N270372,NULL,E4B3453D-92A1-46AE-8AEA-B7C781084311
FB7C5655-65EC-4EC8-A3B1-973962DE779F,0,03:43.0,03:43.0,A846534,A846534,0,D2796403-A5EA-4AA3-AE0F-D92C566F223F
9D3EF3D4-EB1B-4A42-893C-974921A420B4,26,03:43.0,03:43.0,A846534,A846534,0,E101DCEA-1109-4A8E-8933-6B3FA2C9A8BC
B25C5263-2211-48E1-BED3-97791D898C4C,0,32:50.8,32:50.8,A846534,A846534,0,17525154-FE40-4FED-B47C-AD8FB0122D29
392752DB-106A-4321-8ABC-9780E4EFC965,32,56:58.0,56:58.0,AETH\A393668,AETH\A393668,0,D2E78250-4E59-451F-B008-C2AAE6D07E79
2EBC8A55-966D-4BF9-B387-97829B1F3998,35,03:43.0,03:43.0,A846534,A846534,0,4ACFF5D6-31BB-4BEE-A9BA-6F16FC298EAC
06919968-0965-4932-BEB9-97896BD7F8E0,0,03:43.0,03:43.0,A846534,A846534,0,BEFFF205-DAE0-41F0-9502-DDBA481CA692
8FCFA039-C540-4C73-B375-9799B360E659,22.6,03:43.0,03:43.0,A846534,A846534,0,D66A0E51-8151-4510-9A45-90C203BA8F81
8427352B-431E-4269-9504-97AE04C80B1C,24,56:58.0,56:58.0,AETH\A393668,AETH\A393668,0,663E8247-9D06-4B4C-A525-F4EE0EC1E6E2
B36F584C-550A-4970-A0C7-97B1F171A724,0,56:58.0,56:58.0,AETH\A393668,AETH\A393668,0,01CB7870-17D3-4230-9235-8896B9CF4DFC
48040EC3-729E-4717-BA84-97B6C20516DF,0,52:33.9,52:33.9,AETH\A393668,AETH\A393668,0,353FDBCD-664A-4EC6-B9A0-8F34F9E8F38E
07D4371F-F0DB-463A-9FEE-97B743529E5D,39,12:31.9,12:31.9,A846534,A846534,0,E6412F44-29FB-41D2-8AD0-CEF0E1D02080
4EF6DDCA-D842-430D-B24B-97B79105E11A,0,12:31.9,12:31.9,A846534,A846534,0,75CE1F9F-C038-41A3-9B3F-7A5623E2521F
C2E70A62-4DEF-45A5-B52C-97D3C6AE0AFD,0,03:43.0,03:43.0,A846534,A846534,0,6E45B0FD-0AEC-4D5D-8E47-6491D478A9F9
353B3ACB-22F6-4528-848E-9B4FD13E3BFD,0,52:33.9,52:33.9,AETH\A393668,AETH\A393668,0,3BDD7506-47F3-45BD-BFD5-A1DCD01EA1E4
30062540-51D0-42E1-85B8-9B6903C74AF1,0,56:58.0,56:58.0,AETH\A393668,AETH\A393668,0,42BD1C1D-17E4-4977-8089-6FFDABF6F2C2
E91C8C0D-BF10-4F1A-BCDA-9B8F609CEBE9,0,32:50.8,32:50.8,A846534,A846534,0,B47C0C16-D187-48ED-8BD0-6D042FF006E4
95B039E5-5449-425A-8610-9BA60941577D,0,32:50.8,32:50.8,A846534,A846534,0,561D5173-E4B4-4D44-B61F-C05F9204D88F
999512E0-8943-4745-A90D-9BAE0D49C32F,105,12:31.9,12:31.9,A846534,A846534,0,AFF5A54C-B04B-46AD-844F-499BE0025326
A3E2CB70-B32D-4EC3-AE64-9BB631294A6D,86,32:50.8,32:50.8,A846534,A846534,0,8F455185-9855-44CE-A5D4-B681D2FB7D56
D7B1B512-6D22-4A30-8D1F-9BBA7803D524,0,03:43.0,03:43.0,A846534,A846534,0,A5732151-6F5E-4248-814E-3A6F0A65CFB7
5ED36DAB-9F45-493A-BFE3-9BCB1A6C8DC8,0,56:58.0,56:58.0,AETH\A393668,AETH\A393668,0,51358E07-3D9A-4E03-8B2B-B5CD8021DF68
FD7283B9-5A4F-4852-94E6-9BD1B93C6D0E,0,03:43.0,03:43.0,A846534,A846534,0,A9DCB3E3-A7BA-4992-902E-04D62F3CE877
F81CA533-B518-4BEC-AB06-9BD21BD52487,0,52:33.9,52:33.9,AETH\A393668,AETH\A393668,0,93905A4F-5EBF-446E-A675-13601B8607C1
C10EBA42-6FCF-4907-BAA4-9BE81AE0767A,0,52:33.9,52:33.9,AETH\A393668,AETH\A393668,0,7C9BE235-C985-4DB6-913F-A3E53B1F4939
EAFA2E5B-A7A5-46DC-A326-9BEA99953583,0,56:58.0,56:58.0,AETH\A393668,AETH\A393668,0,61871356-AEA0-4415-8950-58D318F331E7
0E902A2F-213B-4ED5-A43D-9BEFAFD618B6,0,03:43.0,03:43.0,A846534,A846534,0,C7E52D76-7761-4A0F-838B-47B9009EC400
507F6D17-8246-42CC-B144-9C0BACF0A579,0,03:43.0,03:43.0,A846534,A846534,0,35A8863D-857B-4434-8044-6544F67F051D
6C6A5254-E062-40FA-BC1F-9C1CA4435463,0,03:43.0,03:43.0,A846534,A846534,0,4D3EC505-CBE4-4CD3-8A4E-260BAC64A2BD
53DD61D7-166D-44C4-A847-9C27FAADABD0,0,32:50.8,32:50.8,A846534,A846534,0,B19D9DA5-0663-4FA7-A739-2407F75F900D
B9A65E30-ED3D-4A46-B836-9C3A85A796FB,0,52:33.9,52:33.9,AETH\A393668,AETH\A393668,0,4EE8649C-3627-4F97-A83F-21FAEB4D10B9
E37A13B0-ABC5-4A73-88FC-9C4280B91574,0,32:50.8,32:50.8,A846534,A846534,0,1DBDDCF2-B68C-49E8-876D-590EAD0E4673
6396E68D-54E9-44C5-813C-9C4615CAA5B3,0,56:58.0,56:58.0,AETH\A393668,AETH\A393668,0,FA203808-659C-489F-9EA4-0474794B91D2
B47A77C1-3C2D-4C1E-8379-9C4F809E5717,0,56:58.0,56:58.0,AETH\A393668,AETH\A393668,0,5AF06507-C311-4A81-A1D2-0151E95149ED
B5248613-CE2A-4BD1-953F-9C634C289D9A,0,03:43.0,03:43.0,A846534,A846534,0,F5F414B6-F356-4CFD-A534-019E1B48FB4E
E49F4C97-FECB-4B39-8BC6-9C6A8FAE7223,0,32:50.8,32:50.8,A846534,A846534,0,E30C3165-B9C4-4CB3-AD48-71498207057A
C88A23D3-AFAD-4D4D-8B27-9C7313FE9A08,11,32:50.8,32:50.8,A846534,A846534,0,55F41E03-BC07-4BCE-87C5-1C0644738FB8
38F63B53-590A-46CC-A9FD-9C78CDCD2275,0,15:21.4,15:21.4,AETH\N270372,AETH\N270372,NULL,35E3FE7A-EDF6-4939-8EA3-74AEF17CFA95
BB893094-AAD0-49D5-820A-9C95387B0BF4,0,12:31.9,12:31.9,A846534,A846534,0,B7C5339B-6DE7-4ADE-BC0E-83CC74D7A6E9
4F14B395-698E-409A-A61A-9C9D1E78A348,0,12:31.9,12:31.9,A846534,A846534,0,9124DC3B-877C-4AF1-8466-DFD17A7337F2
9BCC228F-7FC2-4C6C-83B1-9CBAB8E94DD4,0,52:33.9,52:33.9,AETH\A393668,AETH\A393668,0,4B89B4CF-E2B0-4EF9-A43C-16AEE48D921E
23EC3DCD-530C-459E-826F-9CBCEE8A0761,44,03:43.0,03:43.0,A846534,A846534,0,4D6A2E41-85ED-4E80-B053-49B3F9AE2E96
C63E62CF-81CD-4FC4-951E-9CC01BD9909B,0,32:50.8,32:50.8,A846534,A846534,0,12CDD8C6-5421-4573-B7E5-2E8CA4777993
39CC4DBF-BD56-447E-A524-9CC1756740A8,88.6,15:21.4,15:21.4,AETH\N270372,AETH\N270372,NULL,E472F466-2AE8-4926-A2B4-1F86805B5C11
3422B9C0-2FF5-4F61-8650-9CC227B9FAE8,0,54:25.7,54:25.7,A846534,A846534,0,178BB6D1-ED6B-4ACF-8DCC-0003240AC8DD
3440F534-E9C2-4D1E-A684-9CDE75CFA92B,0,52:33.9,52:33.9,AETH\A393668,AETH\A393668,0,411321DF-0FA8-4702-9E7E-399E602B6DAB
C9FBABC9-DD71-4958-94EC-9CE0B4348C8A,0,56:58.0,56:58.0,AETH\A393668,AETH\A393668,0,513D10F3-D758-4739-A030-F08B19469114
6EBA516C-948E-4286-B3C3-9CE342CEF039,169,15:21.4,15:21.4,AETH\N270372,AETH\N270372,NULL,38A2D1D4-3A58-4E97-B5AA-FBF3228FCA26
4C8AADF0-732D-420D-8071-9CF28286684C,0,03:43.0,03:43.0,A846534,A846534,0,6DB5E222-ADA5-4BAF-8A1D-8CA9977A094F
E0C14FC6-1076-4FE1-9C22-9CFF94CA215B,87,52:33.9,52:33.9,AETH\A393668,AETH\A393668,0,42E36DC9-CC05-46AD-B9B6-96BEDAA20690
70B93306-DE4B-4B39-8AF7-9D1BCC94198B,53,15:21.4,15:21.4,AETH\N270372,AETH\N270372,NULL,001D149C-01B6-4AFD-B0BB-4D28CD062A9C
801C40C1-A642-4EC9-9858-9D327E46814E,0,52:33.9,52:33.9,AETH\A393668,AETH\A393668,0,9F24AF83-CC7A-4E69-B1A3-77646431C28E
E3207BB9-AAF1-4A10-A136-9D3FD5411F8D,0,12:31.9,12:31.9,A846534,A846534,0,E3FC6E03-0611-4027-884B-38984A485E21
A25537C5-4A9D-4E36-B366-9D45780C981D,0,56:58.0,56:58.0,AETH\A393668,AETH\A393668,0,DEA8AB44-F85F-44D2-9888-336F17A836A8
42D9207C-5019-42C1-81C0-9D4600319E49,0,52:33.9,52:33.9,AETH\A393668,AETH\A393668,0,D7224DF9-AD87-4A2B-81E3-78E566B6B013
40392368-25A0-4F9F-8B82-9D4AFCD29BBB,0,03:43.0,03:43.0,A846534,A846534,0,0074020E-B1A5-4B52-B959-5C4F10E178FA
390E5D43-E352-40E9-BC6C-9D513B7E5549,0,54:25.7,54:25.7,A846534,A846534,0,79AE672F-F65F-4ED6-831A-665BDC6F92AB
19367999-DECF-4FAC-AD7C-9D5D53A15083,9,12:31.9,12:31.9,A846534,A846534,0,9E843542-1C72-4819-B135-2F6E7D4887CD
A0EF1D5C-7A00-464E-8C29-9D5F1F95ED91,0,56:58.0,56:58.0,AETH\A393668,AETH\A393668,0,0E830441-55D0-4590-A2CA-2411BC0EE913
3D0E57FA-B681-477B-8EAA-9D77271A1AEA,0,15:21.4,15:21.4,AETH\N270372,AETH\N270372,NULL,E7CB4799-66A6-4B10-B7B7-5D95E84A4320
A609C783-F007-4D9B-914E-9D81CBD10F1A,0,52:33.9,52:33.9,AETH\A393668,AETH\A393668,0,5862F242-6C30-42AA-B716-FAD1D2CE9F38
A472674C-244B-435B-B783-9D837301802A,26,56:58.0,56:58.0,AETH\A393668,AETH\A393668,0,ED5F352C-2446-4EFE-A0C9-7909F871D404
9C7CC8DC-298A-4BAA-ADB7-9D8839B063DF,36,54:25.7,54:25.7,A846534,A846534,0,0E5D44CE-CD5E-49C6-BA18-90443BA24925
001000BF-A5A5-4E1E-98A6-9DA4953FCE7F,0,12:31.9,12:31.9,A846534,A846534,0,1584A56E-7C25-413C-A18D-7E8BBFEDEAD6
BB08E3DC-9121-4330-B7A6-9DC245D3D89C,47.3,32:50.8,32:50.8,A846534,A846534,0,E169C029-7644-4925-BCF6-74F422B462BC
F2749264-C427-4BB1-8F65-9DC433133295,20,12:31.9,12:31.9,A846534,A846534,0,831892E8-2FB1-44D7-8F7D-94C0C574298A
B95C35FF-5842-4C1E-BB22-9DCCC497D11B,28.6,54:25.7,54:25.7,A846534,A846534,0,C1BF51AA-75C2-40D5-8F05-43712536768B
E440D296-AEB2-469E-B0C7-9DD6991D5844,0,12:31.9,12:31.9,A846534,A846534,0,96E5636C-F485-4D7C-93E5-76A88F1FD6CC
E2C5982A-0B6B-4EE5-846C-9DDB2486B136,0,03:43.0,03:43.0,A846534,A846534,0,B39394C7-FC62-412A-AE91-48D52A9201AF
09B468AA-7213-4A15-BE9C-9DDEC19A22E9,0,56:58.0,56:58.0,AETH\A393668,AETH\A393668,0,21447450-3F0E-4BB7-8D33-D2AB935284AE
C014C2CC-BCDB-4739-9581-9DE0FA1BCAA8,35,03:43.0,03:43.0,A846534,A846534,0,EE7EFFA3-FC3F-4462-BC17-DD64833834CB
E04F0499-F1D4-4411-AAA4-9DE5B8B327C3,0,15:21.4,15:21.4,AETH\N270372,AETH\N270372,NULL,03E160D3-F580-44A3-8E73-3921E6F77FEF
F1EB2073-A214-4B63-A8C9-9DE8899B1263,14,03:43.0,03:43.0,A846534,A846534,0,42EFFB25-69D5-4E08-929D-5142070428E7
988484FB-6174-421B-BC0A-9E2DBCD661DD,51,32:50.8,32:50.8,A846534,A846534,0,8E506157-5A88-4EDC-B9F8-EF936C94C603
4BA4AD7E-C0BC-4045-843E-9E2F901373D8,0,52:33.9,52:33.9,AETH\A393668,AETH\A393668,0,A59473D9-111D-404C-885B-3E90C1BCCC68
989F8514-512D-4A25-9C62-9E4BCFF34AD6,0,03:43.0,03:43.0,A846534,A846534,0,48B0A831-8CFB-46BD-9A4D-E0A2DF2A0B6E
9418727F-7616-46F9-8E25-9E6274B006DA,28,03:43.0,03:43.0,A846534,A846534,0,0CB1A374-0E4D-4304-9573-A482879421E8
31FA8905-FF95-42D9-ACC1-9E6A32625257,34.8,56:58.0,56:58.0,AETH\A393668,AETH\A393668,0,EE20597E-D0CC-43DD-BCD4-A5032583C5D2
C39EB246-C28A-46E3-9F79-9E6A4E0FC4B1,0,54:25.7,54:25.7,A846534,A846534,0,16919A94-9E18-4C95-A406-C6C1206D459D
339FE4BC-E240-4F2E-B252-9E6B56D00A2F,0,15:21.4,15:21.4,AETH\N270372,AETH\N270372,NULL,8BF31555-557D-4A5F-B374-B28A7A4A0DFF
7EF42A91-9E10-4780-911E-9E789FECBB1F,15.7,03:43.0,03:43.0,A846534,A846534,0,E3B128A3-84A1-440F-A24E-EC9FE394B19B
B620987C-96C4-47BB-B3FF-A202147BE3AF,0,03:43.0,03:43.0,A846534,A846534,0,08CECEC5-D891-4B2B-9121-9D588E28B289
C035FB69-08E6-4CB5-84A7-A20BF012FB62,32.3,12:31.9,12:31.9,A846534,A846534,0,4A7C2759-96E7-400F-86A4-13D69CEB77B5
C8E9526E-3BBD-42A8-A017-A20F52F92A28,57,03:43.0,03:43.0,A846534,A846534,0,5C8FBCCB-8DB2-48AD-B81B-CBC680B0A464
DEC72338-EE3D-4610-BFB4-A21F5A4B982B,0,52:33.9,52:33.9,AETH\A393668,AETH\A393668,0,29A09F24-7420-41D7-9340-AAC143CAA6C4
286F44A4-6B22-4B02-BB23-A224D46D9C3E,40,54:25.7,54:25.7,A846534,A846534,0,4DDB0958-D336-4085-BE94-4EE912EA98CA
FB10773F-AEBF-4B89-9B19-A230429E1310,0,56:58.0,56:58.0,AETH\A393668,AETH\A393668,0,953734C7-9F2E-43A6-B400-5515008E4392
42B03AB1-D890-4091-980D-A24551FC4690,0,56:58.0,56:58.0,AETH\A393668,AETH\A393668,0,09404201-CDE9-4193-A8F3-D22857D35103
4206D029-4EE2-4963-BA8A-A25831BF23EB,0,12:31.9,12:31.9,A846534,A846534,0,B47EAD9E-860E-4903-B787-C4D074F25281
C75D6076-F750-4274-B24D-A25856E8FE83,0,56:58.0,56:58.0,AETH\A393668,AETH\A393668,0,1932AB70-4C30-4271-9962-DCC9511CD4B5
AAEA9D4D-DE42-403A-BF35-A27D8A739FC8,0,32:50.8,32:50.8,A846534,A846534,0,CA51F2A2-F268-49FD-A847-4A74FCFC0B7B
681F84F0-571D-41BF-A3E0-A2877BF7F4E6,105.2,52:33.9,52:33.9,AETH\A393668,AETH\A393668,0,FB9CECD1-1066-4467-B053-161462330A90
66D3DF9B-6B7C-4183-9DCF-A29E6D38671F,0,56:58.0,56:58.0,AETH\A393668,AETH\A393668,0,32BABCA1-A768-40B3-9DF5-0DFAA0F4EBE7
E0D784C8-A8FA-40E1-ACA9-A2A60DECF3C7,42.5,03:43.0,03:43.0,A846534,A846534,0,9F650A63-10AF-44E9-BE09-B4C94DFA094B
9D2FE632-0576-44D2-9E3A-A2ACB621F634,0,12:31.9,12:31.9,A846534,A846534,0,01D31D5E-140D-4A7E-B701-AA4DB59CDD40
6B917FBD-6C4D-4D1D-8B1E-A2B397FF75D3,0,12:31.9,12:31.9,A846534,A846534,0,D9DC61CE-E112-4811-B882-596A08B22E90
15C41565-5C73-4E72-BA13-A2CE70646A39,0,15:21.5,15:21.5,AETH\N270372,AETH\N270372,NULL,102087D9-ACE6-4BDA-B596-8295B8B5EE1B
4F85186A-3E67-4691-9EFD-A2D334F9933D,31,15:21.5,15:21.5,AETH\N270372,AETH\N270372,NULL,FB0B575C-26AE-49F7-8586-903FC3CD1F96
B326844D-B5C4-45F5-8687-A30441AE2A9D,0,56:58.0,56:58.0,AETH\A393668,AETH\A393668,0,C8C30C39-99D3-4E60-96DE-63675842180A
1D0E08EF-41A0-42DB-ABD2-A3108B353DE8,0,52:33.9,52:33.9,AETH\A393668,AETH\A393668,0,FC0E5C32-7300-4B33-882B-2DE977CABAA8
4B0A8D6F-E679-4A42-9AA7-A3187863BA12,0,52:33.9,52:33.9,AETH\A393668,AETH\A393668,0,80EB17EC-3730-44F6-94AC-2713A16A2A79
79FAE982-B96B-4773-ACFD-A31AECD11187,0,54:25.7,54:25.7,A846534,A846534,0,CB8255DC-B235-4F11-8858-696912811BD8
5F0B8623-1486-4C57-B54D-A31D393724EC,0,54:25.7,54:25.7,A846534,A846534,0,6CA0F594-C183-499B-A602-12F58388391F
61328EDF-2E91-4628-B7A2-A333E5EBADF6,90,56:58.0,56:58.0,AETH\A393668,AETH\A393668,0,D2E4FADC-54C9-48EE-A377-766301A0E7F8
242D31EE-D301-4E67-902C-A336476E325C,19,03:43.0,03:43.0,A846534,A846534,0,8EE71A34-3B08-42BA-8686-C043A872BBAA
01E71B3C-2F48-43BA-998C-A337F7C9173D,0,15:21.5,15:21.5,AETH\N270372,AETH\N270372,NULL,46A88835-A883-4194-89CD-693AA156DCC1
FFA41ADE-F1C1-4F7E-8656-A350DAD5856E,77,52:33.9,52:33.9,AETH\A393668,AETH\A393668,0,C63F1D90-EF25-479F-BE70-4B4BD5F7621A
CBFAB854-7B4A-4EE8-8FAD-A3703694FF29,0,12:31.9,12:31.9,A846534,A846534,0,7CB7C7D4-CC56-4F3B-8774-82EAFEA9160C
09E5EDB1-D680-416A-99C2-A3730BD3B8C2,0,54:25.7,54:25.7,A846534,A846534,0,CD39771B-D5F0-43C1-A606-3AE185EEF853
6F199A7E-1F92-47FF-B116-A375369C772F,0,03:43.0,03:43.0,A846534,A846534,0,612A3A0D-9175-4EB0-A08A-FCCAB18A5000
92C95EAC-0E12-4838-BD19-A392C202A253,0,32:50.8,32:50.8,A846534,A846534,0,09A2DC9D-4C3A-4B69-B0E0-54C397385EB9
2B949A6B-F4DC-4602-A575-A3BADC72DF84,22,32:50.8,32:50.8,A846534,A846534,0,E5C2CAF9-7694-475B-8314-C287C7F3E71F
D14B9284-F2BF-450B-8A4D-A3E2DD190B48,0,03:43.0,03:43.0,A846534,A846534,0,729EBEA4-1933-4FDF-8639-476E6B876775
8C8EE65F-C7FF-4AC1-ACFE-A3F61D11AD62,0,03:43.0,03:43.0,A846534,A846534,0,7E5D8B21-B0BB-4052-859C-FFE6051797AA
78CB28B7-D95A-4CB7-8124-A3F81C52A1C3,0,03:43.0,03:43.0,A846534,A846534,0,FBD4FAF7-55AD-4A04-9C1E-CB15EDAAD26E
5F23DE31-28CA-498A-9740-A401A94930E2,0,54:25.7,54:25.7,A846534,A846534,0,0CA31C1E-6F6C-43B5-825B-8DDEE41ED23B
D1B66EE0-6674-4B9E-80FD-A41CD7B2B766,0,12:31.9,12:31.9,A846534,A846534,0,876FAE6E-63DD-4147-8831-6BEA5DF35B37
5D9280CA-8E38-4A01-9847-A422FA9F7B2A,29,54:25.7,54:25.7,A846534,A846534,0,A52789E4-4245-45A3-9F07-DA65613CF18F
810B1D2A-88CD-452D-946E-A45255EA6AA9,0,56:58.0,56:58.0,AETH\A393668,AETH\A393668,0,B7D2718F-75F8-4598-BA74-37782365A781
FCB4A285-C79A-42F8-8449-A4582DB61944,0,03:43.0,03:43.0,A846534,A846534,0,AE880826-B412-4FB8-90D1-D6A570CE6567
368D7B72-7597-4752-8EB8-A46590A43143,0,56:58.0,56:58.0,AETH\A393668,AETH\A393668,0,754D426D-C41D-49DE-A2AF-4005EBC47BD8
A3334B51-C1B1-4EFB-A873-A47AB2703936,0,54:25.7,54:25.7,A846534,A846534,0,04FB9E9B-1F12-4550-B735-9A0EFC83CB8E
65F15E42-D51C-4740-8223-A4CE87E999E4,0,32:50.8,32:50.8,A846534,A846534,0,13865826-B5DA-415A-9BF5-A40A9D4A6742
E1A7C6D4-96E0-4131-8F72-A4E862DB5B41,91,54:25.7,54:25.7,A846534,A846534,0,F4D4177E-A9F7-45CF-AAC9-14685AE335F5
F6DCDCAA-4ACA-43BB-B868-A4FBA41AA58F,7.6,56:58.0,56:58.0,AETH\A393668,AETH\A393668,0,97723C3D-55CF-4B28-9F94-FE7226DC3F5C
EDE3FF0F-C424-4E9C-9FE1-A5080816ACD7,58.9,12:31.9,12:31.9,A846534,A846534,0,8A01C069-5BAB-47E1-833B-19FA1FF4F451
851B4634-2054-466D-91B9-A5091C492780,65,56:58.0,56:58.0,AETH\A393668,AETH\A393668,0,29034CC1-FD0D-4AA5-A010-FF1E62FB1A1E
2EFDD87E-0924-47DD-9F89-A52673F3229D,0,12:31.9,12:31.9,A846534,A846534,0,F0D35227-33DF-476E-98DC-F4D6DB2B0DE1
4F6EBDE5-F124-4F83-A53B-A53A55B2B2A5,0,15:21.5,15:21.5,AETH\N270372,AETH\N270372,NULL,0645FD74-282C-4D26-86A1-D993AF5B2E40
E10372A2-17C9-493F-ABFC-A54934112923,0,03:43.0,03:43.0,A846534,A846534,0,7C3BF044-96E9-4CC3-8E1B-1847357E48E8
337DC41E-6BF7-40B2-A47C-A566045A5BF5,99,56:58.0,56:58.0,AETH\A393668,AETH\A393668,0,0B887BBD-B83D-43E7-B828-6528F797DF70
867AFA46-A698-4D54-92DA-A570D6117DF2,0,54:25.7,54:25.7,A846534,A846534,0,4E69E182-2CBF-4A92-B8C6-904EF82D757D
D0401BDA-AE61-4C25-B9D9-A585723FC89F,0,54:25.7,54:25.7,A846534,A846534,0,67FCB5F9-4E5C-4D77-91EB-1BA73310855C
DE2BF209-7A30-4F2E-BD39-A5A9A1E57F5F,0,03:43.0,03:43.0,A846534,A846534,0,084A662A-22DE-4FFC-8C58-9879BD1904C7
1DD2CA59-5B8E-440C-AE13-A5C27ECA4C9A,0,52:33.9,52:33.9,AETH\A393668,AETH\A393668,0,BE14575D-F4B2-45A9-BF7F-1E4EAB1D64D3
54AB992B-7B02-4914-A81A-A5D5757005EB,0,03:43.0,03:43.0,A846534,A846534,0,E90326E8-F156-4A44-8A6B-15072FF69509
C307D831-68EE-4045-9E58-A5D79B7E2C51,0,32:50.8,32:50.8,A846534,A846534,0,3B21BFA6-3929-4896-86F4-AC3A82B85239
ECDEC32A-4D27-42B3-B203-A5E79186DF69,19,15:21.5,15:21.5,AETH\N270372,AETH\N270372,NULL,B74AE170-637A-490D-AEB8-92232AB03CEE
C6F159A3-F6D7-45C2-9642-A5E99D2A5675,14,56:58.0,56:58.0,AETH\A393668,AETH\A393668,0,35BA649B-40A2-4EE4-85F5-DDF8DD436640
7A2E277D-2F09-4F3C-8F52-A5ED572B6129,59,56:58.0,56:58.0,AETH\A393668,AETH\A393668,0,B8A96557-04CC-4D64-A77C-E3BB7FA8B518
E11096CE-F0D5-4452-9C46-A5EE3F244927,0,03:43.0,03:43.0,A846534,A846534,0,6B2956DE-A69B-47B8-A5E8-F0F007FE4B6B
7AF93B9E-1BE4-4BA2-A98A-A605AA2C2B0D,0,54:25.7,54:25.7,A846534,A846534,0,B7DD9440-A739-4640-98F7-B3ECCE3C946E
A998B8D9-9654-4C9E-A4FE-A6194B43CB4A,0,32:50.8,32:50.8,A846534,A846534,0,71B6047A-9DD4-4B88-AE30-C72B35F9663E
E82EF4D6-61E7-41BF-88E6-A61B8FE67A4C,6.8,56:58.0,56:58.0,AETH\A393668,AETH\A393668,0,4EC680A3-5B39-4EF0-8A51-7439A366A3E1
384AB39F-56E2-4D7E-8B02-A62BB70675FC,0,15:21.5,15:21.5,AETH\N270372,AETH\N270372,NULL,06973B09-7569-4C81-8129-C9D70F9BC237
0CABDDEF-838D-4697-BDC3-A643E6C6B0F2,13.3,03:43.0,03:43.0,A846534,A846534,0,6CB5A435-9EBF-4299-84C3-9AFEA699C54D
B44C5A35-762F-4308-911C-A65F61758C3E,39,15:21.5,15:21.5,AETH\N270372,AETH\N270372,NULL,5CDA75C1-DBCF-46C2-A8F6-2AB6380FE1DB
2A56D094-CE57-4118-81FF-A66A75128418,0,15:21.5,15:21.5,AETH\N270372,AETH\N270372,NULL,45DAF6FE-D120-4339-9551-974256FD398B
A02F3CB5-A606-4395-958A-A676F80E3FE1,0,32:50.8,32:50.8,A846534,A846534,0,83A67C3D-FBD4-4F60-82EE-0DCCF0598864
BE065C41-CCE0-4B35-A00A-A686CE0CFB60,0,32:50.8,32:50.8,A846534,A846534,0,9D5DD704-2C80-4F63-8F3E-9A5D1F1985C3
F0F1FD87-BACC-4765-B8CE-A6962B648D3D,0,32:50.8,32:50.8,A846534,A846534,0,E83160A2-44D2-4CB7-8981-C9D5A09C32AE
17E54ED4-F6A2-4850-99FC-A69BC56E8AA7,0,12:31.9,12:31.9,A846534,A846534,0,6318A157-1CBC-467D-B157-A04CFEFCD5AE
CCE88DCD-CB21-4D0A-BF49-A69FF7318CED,0,52:33.9,52:33.9,AETH\A393668,AETH\A393668,0,BEC97DFA-6B6A-4E09-A48F-9431F227B916
EF294ABD-D3F7-4C24-A8F9-A6A5A7C63CCB,0,52:33.9,52:33.9,AETH\A393668,AETH\A393668,0,5174C0EF-ADA2-4EF9-A9B8-8A821699845F
02B01EC9-61E0-41F3-B4F2-AB34F1A02A73,3.3,03:43.0,03:43.0,A846534,A846534,0,7B95946C-9244-4533-8352-0BF8CEEB2095
F91B7085-30BA-4E3F-B1A2-AB367D8910FD,0,56:58.0,56:58.0,AETH\A393668,AETH\A393668,0,F5162DA6-A313-4F2A-A719-ADAA1292FEEB
89A9E806-A739-4F49-9A94-AB5F50D277BA,97,52:33.9,52:33.9,AETH\A393668,AETH\A393668,0,7FF800ED-CA44-4B18-842A-6925A58B66F3
3CB1C846-8EEB-42B9-B6FA-AB6220859057,0,03:43.0,03:43.0,A846534,A846534,0,35361368-B72D-4812-BBAD-33CCD0150DA3
3324EA30-6B57-4CFE-A3CD-AB6F8B2FD699,0,15:21.5,15:21.5,AETH\N270372,AETH\N270372,NULL,84AF8507-A105-442F-8169-56E41BA8CBFC
708F4CFE-4230-41C4-B73D-AB9265DBDD29,19,52:33.9,52:33.9,AETH\A393668,AETH\A393668,0,B9D1966C-8741-485F-8487-8D91E9DAD315
0613F6BF-A897-4279-B656-ABAD0675EC13,0,03:43.0,03:43.0,A846534,A846534,0,F95AB057-7F88-4342-AF98-8FB42ACE9351
0CD4B49E-9C4E-4CD6-9774-ABBCDE54155B,0,03:43.0,03:43.0,A846534,A846534,0,E07C6192-8626-4EDD-84D4-4CC1F90F8A57
B07AE48A-A62D-43D6-B6C5-ABC6A59D5092,87,03:43.0,03:43.0,A846534,A846534,0,1F10756A-B92C-494C-A547-043DFAA3488D
9D527D61-BF35-4358-A77C-ABCCD5613BCE,0,54:25.7,54:25.7,A846534,A846534,0,F5B75254-4016-4DC7-A5DF-A9A8DBEADF66
0BFDDE4B-1645-4508-9F46-ABCD21484450,0,54:25.7,54:25.7,A846534,A846534,0,73E59F22-4955-4507-BAF0-FFD0333C019A
E580E5AC-C7B6-4D32-9615-ABDAC65F0E3D,0,32:50.8,32:50.8,A846534,A846534,0,5B4E8FB1-4928-4F51-B371-AA58C356C6AF
54957360-49B1-40CD-9FE1-ABE05A105CCE,0,03:43.0,03:43.0,A846534,A846534,0,77020B5B-2B19-479A-A257-C01A3C08A6EE
332174AE-3218-4C8A-9DB1-AC5426F0C9B1,0,56:58.0,56:58.0,AETH\A393668,AETH\A393668,0,8AE186AE-DB18-4943-BCA8-834D042F69D6
631A2DDE-0DAD-45B3-A044-AC6051F0B2B0,0,56:58.0,56:58.0,AETH\A393668,AETH\A393668,0,604365C5-3E45-4B59-957D-64043650A198
A187C7EE-E3AF-469C-BDF6-AC6CFF3E3B21,47,15:21.5,15:21.5,AETH\N270372,AETH\N270372,NULL,6B36A3D1-0540-4190-BAC1-C1CA4B367EB6
C63AB707-AFBA-4F30-8EF1-AC899385583B,0,56:58.0,56:58.0,AETH\A393668,AETH\A393668,0,821827E1-9339-4B86-BD03-A8F5F28054D7
02D19CDF-10AA-45D1-840E-ACA07540815E,29,15:21.5,15:21.5,AETH\N270372,AETH\N270372,NULL,111DE44B-DAE4-4DD5-AC4D-F976C5AF5187
E7E3D935-A0BF-4B14-BDC0-ACB3FE4F4D79,0,12:31.9,12:31.9,A846534,A846534,0,0319C81E-6D28-44D7-8355-148A1F103EFC
93599548-AE04-45C1-AA2A-ACB959BE7D1B,0,32:50.8,32:50.8,A846534,A846534,0,7E097EC6-B522-40DC-A2CD-DA9F628105CA
1084A0B9-4A10-4426-A2A4-ACC16282D52B,0,32:50.8,32:50.8,A846534,A846534,0,8B5C7610-081E-4DF6-BEF7-E2B94BE08219
8BEA62E6-49C4-4963-8923-ACC2A6ECB7E6,0,12:31.9,12:31.9,A846534,A846534,0,3C492C73-DC4F-4BAA-9092-49661D92C404
39BA0CFB-B8B9-4FA1-8ED3-ACE1AD194FAD,0,52:33.9,52:33.9,AETH\A393668,AETH\A393668,0,18D727ED-226F-44A9-BC6B-A89847B2C842
386300C6-A71F-44BF-80B9-ACE416CB8672,99,15:21.5,15:21.5,AETH\N270372,AETH\N270372,NULL,A7DAA5F0-1702-45D5-9CDE-8B2D94337351
50FDE1D3-0B2D-481D-985C-ACECE80B9285,16,56:58.0,56:58.0,AETH\A393668,AETH\A393668,0,1605312F-77B8-4FE2-B7A0-2BEC37D8550C
91EBF4A4-4BB8-49D8-AF29-AD0A7B694260,0,54:25.7,54:25.7,A846534,A846534,0,5562892E-7BAE-47B3-9AFF-3B8587F98950
B6841136-CBCD-49B5-8F71-AD24F1FA158B,0,52:33.9,52:33.9,AETH\A393668,AETH\A393668,0,EFBFD0D7-CF3E-486E-A8D5-EBEF756D730F
9ED43FA8-A512-490D-AAB6-AD28EC973BB5,5.3,54:25.7,54:25.7,A846534,A846534,0,E8E7BB35-4A20-482C-8FDD-542F68C76E0B
21B275D2-5867-4964-9809-AD299E9DBA4C,0,12:31.9,12:31.9,A846534,A846534,0,A56B0B46-2C5C-46AF-87A6-3A5E132B6145
207A1BA6-D43A-4971-A7B2-AD2DA1118DDF,21,03:43.0,03:43.0,A846534,A846534,0,58986FD8-536A-4BCE-AEAF-F5DB9E0AD3FA
6CEE4D01-38F1-4AD8-B297-AD30D3A4FEC9,0,12:31.9,12:31.9,A846534,A846534,0,5684DE26-E4EC-4581-A8F8-156528AC11CC
FBF1AAB7-74E1-4595-9332-AD4DFDE0676A,0,56:58.0,56:58.0,AETH\A393668,AETH\A393668,0,07FF3F77-8A15-4AC2-BC8A-15FA08D37A00
8359F24D-0C5E-4170-AB1C-AD57E4759326,75,03:43.0,03:43.0,A846534,A846534,0,41FA4D23-08D2-44A9-8683-AAE4009D5771
91719F63-2F44-43A0-B3AF-AD58D3339187,0,15:21.6,15:21.6,AETH\N270372,AETH\N270372,NULL,8EA0543C-9024-4A52-A23B-9177B0C7D3F2
9C421A6F-18FA-4850-AF70-AD5A6F55D9E4,0,03:43.0,03:43.0,A846534,A846534,0,3CE84F05-D118-45B7-879B-3AA0EBF66F23
FBBC56DF-0DB1-4115-9075-AD7D356F9F69,30.1,56:58.0,56:58.0,AETH\A393668,AETH\A393668,0,18F2D799-2491-4658-B5A2-F3DB1079B22E
0C0A33AA-7D10-434C-9606-AD8B83CA031E,0,15:21.6,15:21.6,AETH\N270372,AETH\N270372,NULL,422F1065-F6ED-4BA8-8E19-FF58748F126E
AD6796D6-1DD3-426D-BFA6-AD9C4BAAB4D2,0,52:33.9,52:33.9,AETH\A393668,AETH\A393668,0,70AA7FAF-00B8-415A-8A05-A2001F618601
4A69C71F-BA22-4491-886C-AD9D382E7394,0,52:33.9,52:33.9,AETH\A393668,AETH\A393668,0,676EA719-F3EF-4544-83B0-F0B2BE15FD3D
2A750B18-B37B-4E92-980D-ADA0AD3F843E,0,32:50.8,32:50.8,A846534,A846534,0,A6433A5B-587B-4150-91D6-412700AF38D6
8BAFAF1A-3899-49E7-B5AD-ADA414C6C1C1,99.6,03:43.0,03:43.0,A846534,A846534,0,462DEF93-CEFD-4DBB-AD37-299CD523188F
0A8FC3A6-F908-49ED-A73C-ADB26356ADB2,23,03:43.0,03:43.0,A846534,A846534,0,BF7D69FE-C416-411E-9210-2DE552A66DF9
4DE7FE7F-5ED7-465A-BF99-ADDD3243D524,0,32:50.8,32:50.8,A846534,A846534,0,F4457C18-789F-4642-BEE5-0A502C5F52A3
DFFF7691-6D24-4553-8926-ADECD49C81E2,0,12:31.9,12:31.9,A846534,A846534,0,91B41260-BB44-4A23-B6AE-B0B44723EF49
0AED177A-0D04-45D5-8448-ADEE04BB9E42,19,15:21.6,15:21.6,AETH\N270372,AETH\N270372,NULL,330E903B-4792-4AA7-97F8-3D251A0A431C
E0BF55BD-D496-49D5-A9B4-ADF706CC0910,87,52:33.9,52:33.9,AETH\A393668,AETH\A393668,0,1815F7D3-837A-4EA3-A05C-B874D9A08829
5F21C0C5-D949-4E74-95CF-ADFAF8C9162C,0,03:43.0,03:43.0,A846534,A846534,0,2655ECD3-12D0-472C-AF68-8046F2F5E25F
7212BB3E-14B3-4CF6-80B8-AE06E2A11979,0,54:25.7,54:25.7,A846534,A846534,0,8CB160F1-54B8-48B1-B7DA-54CC8DCE44CE
16CDFB70-FF33-4946-AA37-AE09A06EBC4A,46,32:50.8,32:50.8,A846534,A846534,0,FE8B9BEE-871D-4BB6-8E02-A4E776CADB10
7E3A0844-52E3-4712-9EFA-AE0D4950BF92,28.2,54:25.7,54:25.7,A846534,A846534,0,49FC1668-F6E0-431B-9441-EB68F49CD604
8BF2C370-AADD-4BE2-B785-AE169C03E946,0,54:25.7,54:25.7,A846534,A846534,0,F751BAC2-5B18-4FC2-9CB9-DAB2E26F1431
BC977717-4EFE-47E1-B4C3-AE269C52FCE9,74,54:25.7,54:25.7,A846534,A846534,0,99E9BF52-2B8B-49D5-97C6-C648EEDBEF93
55B2F45C-5FB5-4768-BC19-AE286B582DCF,0,56:58.0,56:58.0,AETH\A393668,AETH\A393668,0,598ED14C-4A57-4B2D-8492-CE35669730E3
C540B69D-2AAA-4070-84F3-AE2C2E0A35B4,0,52:33.9,52:33.9,AETH\A393668,AETH\A393668,0,117AB8F9-5664-4254-A401-589393C93452
EE0C17CF-7829-42E3-AC45-AE2DB87FD738,0,54:25.7,54:25.7,A846534,A846534,0,2DE64A64-8C33-4D62-BFD7-74131DAF4F18
397B186C-8215-41AA-B27A-AE2E76DE50B0,0,54:25.7,54:25.7,A846534,A846534,0,2179D981-13FE-462D-9549-2150FC458908
8B3CF141-4CA9-45DA-B46D-AE514DDA9224,0,54:25.7,54:25.7,A846534,A846534,0,48139EBE-1E93-4278-A06C-EA2E5CF18A79
27F78EC5-FAD9-446B-8C19-AE5254B1D217,0,52:33.9,52:33.9,AETH\A393668,AETH\A393668,0,E26B6009-EF7A-465D-B27A-D4E3550BC18C
9DAE17DF-5ABE-4F1F-848D-AE5A9CA73666,0,56:58.0,56:58.0,AETH\A393668,AETH\A393668,0,03554AC0-EB42-40B4-B879-BA7BBE36C18A
E8293D20-5EE2-4650-9BFC-AE5B3B944610,0,56:58.0,56:58.0,AETH\A393668,AETH\A393668,0,74DFC6CA-D18B-48C7-8428-D78E1C67290A
05AACF32-6F7A-4748-A6D4-AE5E048873D7,0,03:43.0,03:43.0,A846534,A846534,0,3E2BD62C-F00F-4E04-87BB-6E87FDAB7F79
3599FDB9-AACD-4F95-A312-AE62288DBBAD,1.3,12:31.9,12:31.9,A846534,A846534,0,0299BCEA-FCB1-49F0-B880-0C11D8AEB1ED
C919B4BF-D525-4B54-8B88-AE644D24608C,44.9,32:50.8,32:50.8,A846534,A846534,0,1FD0FEBB-D3AF-4EB4-80B4-BE750DB4429F
AA02B4DB-F0D5-4823-88A8-AE6942176E39,0,54:25.7,54:25.7,A846534,A846534,0,B228E9C6-F563-41F3-860F-5B60DC3F5137
80942821-3CA3-4604-844D-AE8181D7CF04,52.3,03:43.0,03:43.0,A846534,A846534,0,A7304C57-8731-4689-8424-792728B4AB2A
56231416-6894-4BC2-B454-AE841D92CBC9,20,54:25.7,54:25.7,A846534,A846534,0,4792DA76-E056-4182-9431-2711B80187F8
115DA5E3-A5BA-4030-8E37-AEACA7586851,92,03:43.0,03:43.0,A846534,A846534,0,3E550F69-E303-4EEC-B739-D043D63418AD
7749378B-AA21-4A52-9401-AEC9CE7B48FB,0,12:31.9,12:31.9,A846534,A846534,0,BAA55933-97E3-4488-9454-631B61F6B0CC
A126B872-9BCC-4363-ABBD-AEFA4F379C29,27,32:50.8,32:50.8,A846534,A846534,0,37FEC831-85AF-4AAC-8B40-69558B196FB1
7EFFD6D1-C6E6-4139-81BD-AF2139728757,0,32:50.8,32:50.8,A846534,A846534,0,FEE9D74B-86A3-41C3-A53E-64CA0F3427A7
9660CE09-DB11-479A-9C41-AF40850EE629,0,54:25.7,54:25.7,A846534,A846534,0,05E4E319-04C1-45EC-B08A-A3CC26E0DC45
E48F5632-0F43-46FF-987A-AF505D17A6B8,0,52:33.9,52:33.9,AETH\A393668,AETH\A393668,0,CD8A8A0D-D66B-4C85-9650-BF3A421A79B8
8493F545-298D-4171-B935-AF6BF604BFD3,0,32:50.8,32:50.8,A846534,A846534,0,88F05AEF-256E-40F0-AEB9-5FE2420E4C69
AABA093D-DC1E-49DC-9FE9-AF6DB8B6784F,69,15:21.6,15:21.6,AETH\N270372,AETH\N270372,NULL,3EA2BDCC-7004-4443-875D-6978D0313A1F
DA39F261-3649-4B67-9E8C-AF6F78819959,0,52:33.9,52:33.9,AETH\A393668,AETH\A393668,0,22B1FAB3-4586-4001-894F-F8DC8C06E466
2840F95A-62BA-4576-B566-B32FD9499EED,0,52:33.9,52:33.9,AETH\A393668,AETH\A393668,0,0573AC02-C45B-4B03-B7A6-FCF1FEADEF42
34CAB689-9B3A-4694-B273-B338DA8B5ECA,12,54:25.7,54:25.7,A846534,A846534,0,8CA3F02C-D8A2-4D4B-B56E-352286D9C3DB
6DEEE16A-4FCF-42E6-8405-B3396454148D,34,56:58.0,56:58.0,AETH\A393668,AETH\A393668,0,376DC17D-B126-429D-9BC6-FE3136A85429
C9F45E05-983A-4FF2-8A5A-B33E9467E95D,0,54:25.7,54:25.7,A846534,A846534,0,7BF50983-D32D-4638-A801-D25A2D0FC80B
1B9B32FD-A5C2-4863-BB0F-B35D9CC8A19E,0,03:43.0,03:43.0,A846534,A846534,0,FED40709-785C-4D57-8849-F240745A300A
64662051-68B5-4CB0-AFE9-B3708A8C5EF9,0,54:25.7,54:25.7,A846534,A846534,0,38F18833-7E7C-47B7-9FC2-4F7D8DC992B4
BEBD8982-1D3B-4EDC-BC2F-B371E2FB28FF,0,03:43.0,03:43.0,A846534,A846534,0,BD354D6E-42E5-4857-81CC-7330791AA74F
BD1666FA-E601-4987-A841-B38ED8D43E57,0,03:43.0,03:43.0,A846534,A846534,0,F6FB1A4F-1855-4CFF-94D3-D62B1BC2D126
D047997B-23DC-4082-B6A2-B3BD53929AAC,6.6,52:33.9,52:33.9,AETH\A393668,AETH\A393668,0,1097EE7F-0AE5-439E-B5C4-64CAA8BBE5E9
EA2AD78F-C9B2-46B4-AD95-B3C2E283E11D,0,32:50.8,32:50.8,A846534,A846534,0,EB660B0E-0B85-4CC9-8D47-55C4FACCF217
E11A6019-6DFA-40A1-BB94-B3CE847FD660,0,52:33.9,52:33.9,AETH\A393668,AETH\A393668,0,7BFD4B99-C4A3-4770-B4EA-A9F142102F12
9428D872-69C9-470A-8D87-B3D56B3EDDA8,55,32:50.8,32:50.8,A846534,A846534,0,4201010A-45E2-4EDB-A0F6-371F80AF60F7
630FF873-E4E3-478A-9D73-B3DAFADD02E6,0,32:50.8,32:50.8,A846534,A846534,0,4AE6AC37-451A-419D-9000-84D129EB42BE
9AA36237-BA3F-4C89-ABF8-B3E406237F9F,0,03:43.0,03:43.0,A846534,A846534,0,E5ED7435-C324-48DF-918F-34E2891797AF
84910F94-BE31-4F0C-AFF2-B3FD40E5D65D,0,32:50.8,32:50.8,A846534,A846534,0,5C8B4B06-3995-4D84-91B3-E67FE3B10FFA
4203EF87-60AF-41B5-95A5-B3FE38CB0AA3,0,03:43.0,03:43.0,A846534,A846534,0,188DC753-D431-4191-986E-75B4D3C8EB2E
8184E388-A548-4BA2-8A32-B41EF5FF93F9,0,03:43.0,03:43.0,A846534,A846534,0,4160A6C1-E637-4432-A331-717E77B71B28
38215E0A-5630-47BF-85C2-B421D0853F7C,0,52:33.9,52:33.9,AETH\A393668,AETH\A393668,0,087F6CD8-DA29-41BE-89D1-E05EE199EB44
3FDDAF4F-F79F-48B1-869F-B42AAD28D994,0,52:33.9,52:33.9,AETH\A393668,AETH\A393668,0,FC6BF6FC-85DA-4641-9D82-E661B3B62787
B2B67866-EA9A-4262-A170-B42C0A891BA1,0,32:50.8,32:50.8,A846534,A846534,0,F233EAB8-6E4F-417F-95DC-5036C8E23F8B
B8EAAC0C-DE72-40A3-9FC5-B430F7AFA284,0,15:21.6,15:21.6,AETH\N270372,AETH\N270372,NULL,6099D3FB-69F8-4A29-95EF-B2264B9D2553
D5C8128C-5B59-43D7-B0A3-B4490616E19F,0,03:43.0,03:43.0,A846534,A846534,0,9821ED4F-DCF1-406C-86CE-DBEB5035D213
CBFFB7FB-F738-4302-A01A-B466370C1B19,0,54:25.7,54:25.7,A846534,A846534,0,4BC00ADD-FC16-4700-8239-A2C6CE622D2D
185448F5-13B3-49E4-8A31-B474DCC91C8E,0,03:43.0,03:43.0,A846534,A846534,0,15B255A9-6F2F-43A7-A06D-EDBF513F3E33
C01CE99A-B66C-4FEA-8675-B48879985F75,0,56:58.0,56:58.0,AETH\A393668,AETH\A393668,0,5EDBC369-11A3-4C23-83DD-FFDF3CB5BF92
4D4FCC52-0981-4B96-8D1D-B489909332E4,0,32:50.8,32:50.8,A846534,A846534,0,62569FB9-38B0-4F20-A689-178FDB36DB47
D8C072BA-B050-417F-9DD2-B48F025D3F92,59,15:21.6,15:21.6,AETH\N270372,AETH\N270372,NULL,2B40EC00-9D24-4EC3-AFED-EDB185DAD5EC
177629BB-ED90-4408-A17A-B4956A777717,35,03:43.0,03:43.0,A846534,A846534,0,F5C963B5-D37D-4F0B-881D-C821B677204A
FDEDC374-C4BE-43D4-9FA7-B4A21257001F,44.9,32:50.8,32:50.8,A846534,A846534,0,D70D81DB-6E7B-45B8-95E9-BDB51790AA31
15D49C0D-C4CB-4414-91D0-B4A237D54426,0,12:31.9,12:31.9,A846534,A846534,0,A367434A-8B40-485E-9E67-4FC3D4A80B79
B578D731-3725-4A0B-A91B-B4A9D68ED370,43,12:31.9,12:31.9,A846534,A846534,0,831CD707-7629-46A9-A26D-AAD119505718
FDFEAAEF-E70D-4C58-985B-B4B1638AC13F,0,03:43.0,03:43.0,A846534,A846534,0,F541E821-42E1-4ED5-839A-E7D5A1DCF493
221D253B-13C4-4A71-A8BE-B4BAE7F52205,0,12:31.9,12:31.9,A846534,A846534,0,1FEF985A-AF6D-4C23-BE2E-DFF4C6543A79
2F57EA78-4075-48E6-A181-B4C5CF0D6B80,0,03:43.0,03:43.0,A846534,A846534,0,0277D963-4871-4FAC-99D1-43EA8C292F09
F0E44C67-6714-4484-AECC-B4CC1693E87C,59,15:21.6,15:21.6,AETH\N270372,AETH\N270372,NULL,F163267A-570D-480F-B450-D8495EA1D6B6
1CB5A6D9-0919-41ED-AB15-B4F40EC8F9C8,0,54:25.7,54:25.7,A846534,A846534,0,E4BF5690-0FA0-4F48-B7AF-B6B4E3C2E2E3
66FD3DA1-FDC6-4C6A-8077-B504C1E4B1FC,0,54:25.7,54:25.7,A846534,A846534,0,6C454765-34DF-4927-9189-1ACD5E84F5C9
0D43732D-8DD3-47EE-A558-B52173F9B025,0,03:43.0,03:43.0,A846534,A846534,0,5426A810-F86B-4BFE-A8FC-75BE94F711F0
AC0EC139-5321-4919-9A98-B527D8FC5FF8,39,32:50.8,32:50.8,A846534,A846534,0,23BCAB80-89BB-4727-AD5D-FA78369D67BD
9EF728AB-9CB5-4A6A-9DF8-B54E04931CD1,29,03:43.0,03:43.0,A846534,A846534,0,793F7CF4-5287-4D2D-8B6C-7479B66E47FA
1CC15799-6081-4D0F-BF83-B55D2131EF71,38.2,03:43.0,03:43.0,A846534,A846534,0,5FA51A48-429D-4824-8EAB-00C4A3F44CA3
002BBBAC-1802-41D5-89BE-B5738FCA91CA,29.7,54:25.7,54:25.7,A846534,A846534,0,544F97C5-0690-4446-A067-464C3522290F
4016E1AA-30B5-47B7-AD79-B591F77B600D,67,52:33.9,52:33.9,AETH\A393668,AETH\A393668,0,4945EB36-55F5-49F7-A21A-DE86BAF4F7D8
D2A48397-B887-4595-B6D5-B5A0C3278388,0,32:50.8,32:50.8,A846534,A846534,0,1E502361-52DD-4302-BB7C-DCE2D9EE8A30
89701F6D-8EBF-4BB5-8DCD-B5DC84A33EEE,0,54:25.7,54:25.7,A846534,A846534,0,92667FBE-FF53-4E7F-A116-C0866F94D9EF
4EB7829F-1167-41E0-A752-B5E1F55F1B75,0,56:58.0,56:58.0,AETH\A393668,AETH\A393668,0,99F9C83C-7D32-47CC-85E7-99ECA54C1E5E
FEADBB24-17CF-4BB4-9236-B5F0A951307A,0,03:43.0,03:43.0,A846534,A846534,0,C596B72F-66E9-41AC-B48C-E56AF52D3BCD
1C946A70-653B-471C-B108-B5FDBE10C1DA,0,15:21.6,15:21.6,AETH\N270372,AETH\N270372,NULL,1362E387-5FA7-4796-8E91-01A099091E5C
17C7615F-C635-42CE-95F9-B6019DB274D6,36,15:21.6,15:21.6,AETH\N270372,AETH\N270372,NULL,1E3CA49D-198E-49F2-A4AA-AFD530CFFB6B
CFB9FCCF-8918-4EAC-8816-B60499D83A5D,25.4,54:25.7,54:25.7,A846534,A846534,0,7DE4C4B9-0B13-48BA-9DE2-FECD0073AF74
CDD0D4DE-F0A1-49C0-A51C-B608A06D9B23,187,52:33.9,52:33.9,AETH\A393668,AETH\A393668,0,CFEF4105-CC88-4B68-AD29-8F24F98C9010
22118B54-D4DB-49F7-B868-B60C39770D45,38.4,54:25.7,54:25.7,A846534,A846534,0,99245C17-F707-4EAD-BC84-392F392CA837
C6C69E79-8BBD-4669-AD75-B63F77C8C3BC,0,15:21.6,15:21.6,AETH\N270372,AETH\N270372,NULL,C875307E-F9FD-4221-A5F8-A674E992C98C
163D0AB3-CDEF-49BB-9B11-B64A3506B253,0,32:50.8,32:50.8,A846534,A846534,0,D3825DA4-6F47-4B92-9E89-32BD3D333E27
A9E56BBC-C7B7-449A-B164-B6568FC841ED,0,12:31.9,12:31.9,A846534,A846534,0,66D3B537-F3FF-42FA-949C-946F6271AB52
682A1155-FB85-45D4-BDA5-B66AC4D12631,0,32:50.8,32:50.8,A846534,A846534,0,4A0EAF1A-7B45-4624-9E95-8AB87B68C91F
440823B0-AF8B-404A-8794-B684435FB511,0,32:50.8,32:50.8,A846534,A846534,0,7D382444-92F9-433B-8DC8-4142D460F4E5
0E3FB053-E6E7-4CED-A2AA-B68F85C0BDFD,36,52:33.9,52:33.9,AETH\A393668,AETH\A393668,0,4C34DB6E-DCA0-4B11-8949-D690B10F2092
2B05F5FD-6A98-43B1-B4D9-B69164107B92,29,12:31.9,12:31.9,A846534,A846534,0,0238C7EE-9633-4376-B87B-DF277E73FF41
879E2A10-5E91-4E89-8020-B6A03C0CAB4C,15,15:21.6,15:21.6,AETH\N270372,AETH\N270372,NULL,3F001BCB-CCD1-4965-B5A5-280AA751D3A9
40D26FA5-0F6A-45F2-A5F0-B6AC8DBFFFBD,0,54:25.7,54:25.7,A846534,A846534,0,2B0B4321-0756-4018-B476-FC0A834439BF
6B72778A-C33E-4941-98A2-B6B7032614EB,163.1,12:31.9,12:31.9,A846534,A846534,0,A6DA6EE6-E120-4AE1-AFF4-707923A9FA8E
A47ECA1D-1F54-46C1-B78E-B6B7B56D5A9B,0,12:31.9,12:31.9,A846534,A846534,0,32A71F9B-628C-4EC0-B2E1-5CF76F66C50B
D0E4E94D-4035-4E9E-89B8-B6C6EF2D7B1C,0,15:21.6,15:21.6,AETH\N270372,AETH\N270372,NULL,0F290FD2-11E5-4227-8B51-1C5F385DA93C
BB4F7DC5-96FF-4005-B5C1-B6D0821858B2,0,15:21.6,15:21.6,AETH\N270372,AETH\N270372,NULL,655F7D46-DC6D-422C-A077-B9A73594680C
154C4DD3-2B0A-4D14-8CD1-B6E4115C41EB,0,54:25.7,54:25.7,A846534,A846534,0,7CB4695D-C352-4624-9800-A3A9B9DD3D37
9AA7F5FF-A617-4927-A2A3-B6F11FF7D7FE,5.3,03:43.0,03:43.0,A846534,A846534,0,453DB873-2FC8-41B0-A609-A6E8B383EF5C
E1F2080D-C0B8-4BAF-9336-B6FC33C198C1,0,03:43.0,03:43.0,A846534,A846534,0,40E7FB76-BF5F-4E8A-A6A9-9A97BEDBA9DA
67E3058E-391B-4553-9515-B707B5DD0A43,0,54:25.7,54:25.7,A846534,A846534,0,8538D392-EAEB-4D9C-B46F-B2A2DB56C71C
062BD0C6-FA6E-495A-A992-B70AAF2BFF08,0,03:43.0,03:43.0,A846534,A846534,0,64CE7F48-1A44-4660-A83B-846E497DEE73
242A8C0D-9483-44C4-91E3-B70FF96ABFC6,0,56:58.0,56:58.0,AETH\A393668,AETH\A393668,0,402A7FD3-2574-496E-A9D7-B6071FB52508
14125AB6-E38E-46D2-92F1-B7200C804B31,29,15:21.6,15:21.6,AETH\N270372,AETH\N270372,NULL,21B5A61B-97E4-47D6-AF3A-78C6AF32B1FA
9A787F86-F7A0-4612-A027-B725B33D14CD,0,32:50.8,32:50.8,A846534,A846534,0,FCA0A3C4-BDF3-4B6D-9654-33B719D2027A
84766650-BF7B-42F2-A151-B72629FAC1C4,0,12:31.9,12:31.9,A846534,A846534,0,AE86AACD-7DE0-4198-94DA-D8F70F7DB8BF
3376A169-49CB-4612-9990-B72CDC6E83C7,99.4,03:43.0,03:43.0,A846534,A846534,0,D6EE11EF-48E5-4BA9-A33F-3D9B8683A583
7161CE24-F01A-4D63-87EE-B72E625E03F0,0,03:43.0,03:43.0,A846534,A846534,0,FF77A9F7-E48A-43C5-BAA7-5B7F8357C216
D7244DB4-DD3B-4FF9-9304-B73F4D2A749F,32.9,54:25.7,54:25.7,A846534,A846534,0,CA052C4D-3E38-46C8-B6F2-70DB9E738B47
EB811475-C03B-449E-8CB0-B754C891433F,45,54:25.7,54:25.7,A846534,A846534,0,DF71E857-D789-4296-A18A-D350BBD8C752
2F752CA8-D509-4766-A1F3-B75763B18AED,0,32:50.8,32:50.8,A846534,A846534,0,2F4377CE-298C-4060-87E1-A4DA0DCE7296
6B4D5968-6CAA-4764-AFD7-B758AA6C053D,0,15:21.6,15:21.6,AETH\N270372,AETH\N270372,NULL,BE976A9F-EA1B-4F73-859A-C1E79BB247A9
6F5773A6-9BF3-41EF-BC44-B7797A28AF48,13.7,03:43.0,03:43.0,A846534,A846534,0,BF4B4CDA-B5B4-4598-B54D-735621523BBA
06460B8C-F45B-49EA-A063-B7A938C3CB36,39,32:50.8,32:50.8,A846534,A846534,0,EC1B66F9-8562-41D3-94A4-A55B202A9C8C
3586C696-752A-48C1-B7F9-B7B2E888480F,28.3,32:50.8,32:50.8,A846534,A846534,0,300D52F6-913F-4BAB-8921-B58BD7618F41
906110F5-C040-41B2-8BA7-B7B471206C9B,89,15:21.6,15:21.6,AETH\N270372,AETH\N270372,NULL,336D9A76-47F3-45D7-82F3-02227634F90A
A6D322ED-0778-45B0-98FF-BB84F9539920,0,56:58.0,56:58.0,AETH\A393668,AETH\A393668,0,A3BE6B3C-4097-4E31-A768-F2B22FD03EDB
9EEAE11D-1A8C-4174-A2D6-BB960B33BC2C,0,52:33.9,52:33.9,AETH\A393668,AETH\A393668,0,949B8AB5-1541-4096-939A-DFF5A2759405
B3FFA6BE-4E80-4555-8FB7-BB968065C259,0,52:33.9,52:33.9,AETH\A393668,AETH\A393668,0,1F99F44B-6B4A-42CD-8EDF-12B026EE8331
78F88143-9AB7-4A02-9D1F-BBECA42EA2DD,27,52:33.9,52:33.9,AETH\A393668,AETH\A393668,0,B5444218-0DCC-4041-9BD0-2E61338BCC73
B4491D22-71FC-4261-AC7C-BC1A33E8476C,21,03:43.0,03:43.0,A846534,A846534,0,0B5056D4-FEE3-4459-9186-1AF03AB922ED
32A67768-563E-4860-942A-BC21903ADBB2,26,54:25.7,54:25.7,A846534,A846534,0,0559D97A-1735-4016-9A73-2167002BF2C0
BA63091C-FE61-4F7F-980C-BC2397CC0CCA,0,54:25.7,54:25.7,A846534,A846534,0,D8AC6A7B-B31C-4347-95F8-7CC339820DD1
C1AF7A0F-1170-4F7F-902B-BC2848826684,0,12:31.9,12:31.9,A846534,A846534,0,7C2139B3-F1F2-4D44-A543-9BCB779CA298
5F9E8637-896F-4B74-99EE-BC30538C8A22,0,56:58.0,56:58.0,AETH\A393668,AETH\A393668,0,53794247-668C-447A-81BD-A0A173A8970F
ECEAEBFF-FA52-46EA-B2DC-BC45210E2A86,0,52:33.9,52:33.9,AETH\A393668,AETH\A393668,0,22817BD2-F1B3-4836-A71E-277E1DE85B43
AC3DF66F-6634-4181-A965-BC685263F9B4,0,52:33.9,52:33.9,AETH\A393668,AETH\A393668,0,663A4921-09F8-43E9-8A76-51A8AE36F6C7
ED7FC05C-4B39-4062-B6A1-BC7A49D5E9B1,0,56:58.0,56:58.0,AETH\A393668,AETH\A393668,0,2956504E-7A03-4898-BBCF-88BA28D1FD0D
E5D47D86-C481-46BC-8C8B-BC85921A0270,98.7,03:43.0,03:43.0,A846534,A846534,0,A94BB66A-7372-4BC4-B3BC-8B03A5B1165E
E3F5A39E-3367-408C-98AC-BC8C4E21F22B,0,52:33.9,52:33.9,AETH\A393668,AETH\A393668,0,9E9297BD-F567-4C70-A713-48E35766EDC4
480A35BF-A332-454C-A387-BC8C86CBF22D,0,54:25.7,54:25.7,A846534,A846534,0,2C76AFD9-9892-4B50-BEA8-152DF32D7C4F
8B3E47DF-23F4-4217-B22C-BC94B0183738,21,15:21.6,15:21.6,AETH\N270372,AETH\N270372,NULL,71AE5D36-330E-4FA2-AA3B-EEC95BD0D858
B25A10BF-AF0C-43F7-8C8A-BC9E22D5C796,0,32:50.8,32:50.8,A846534,A846534,0,EB443114-E285-4555-A785-79DBDAD47EDB
E4FB27A8-DD0B-4EC4-B8F7-BC9EA799D11A,18,52:33.9,52:33.9,AETH\A393668,AETH\A393668,0,5C27023A-9AF8-48E2-BA2C-C98ABAB19A55
8230B7D3-5E20-4D58-AD26-BCAAF1ABC8FA,0,32:50.8,32:50.8,A846534,A846534,0,D9D016F6-13D2-4B43-B0D4-11AA1C41BB96
B750ED7B-A65A-41C1-ADED-BCAE4AE79416,0,52:33.9,52:33.9,AETH\A393668,AETH\A393668,0,8FE12BD2-FAE8-4EB3-B11A-4014065DA774
2B6EED46-4CD2-4791-B74A-BCB01887A1CD,0,56:58.0,56:58.0,AETH\A393668,AETH\A393668,0,910E8205-1115-4369-A91E-04C31FFD9FC6
52836A86-3CDD-42DF-9EE1-BCBE57773115,0,15:21.6,15:21.6,AETH\N270372,AETH\N270372,NULL,CC8364A2-449F-4B14-A2F5-66DCB94C0201
E4362136-579A-4715-A8CA-BCC1553C64F5,0,52:33.9,52:33.9,AETH\A393668,AETH\A393668,0,1255494D-F061-4E09-A352-3E31BCF45314
AB4BCF0D-69BD-4F11-9860-BCC1CBAEC7B1,0,32:50.8,32:50.8,A846534,A846534,0,A4BF7746-E93B-4C06-B984-1CD906EF6B63
F79263A6-6747-4AFF-AEC7-BCC5B16B7737,0,12:31.9,12:31.9,A846534,A846534,0,8989B73C-3CC2-47FF-8EC7-5250359C5CBB
14839DA6-D8D1-49B0-ABF2-BCD3479C9795,0,15:21.6,15:21.6,AETH\N270372,AETH\N270372,NULL,2EB3C53C-FF40-4905-90B5-ACC94A070112
7949F7AD-89FD-4702-8110-BCDA32B5616E,0,12:31.9,12:31.9,A846534,A846534,0,1E85533E-B68C-4BA1-9804-A7ACABE7FCE3
CD0068A0-6BAF-4F4C-9784-BCDA576A844F,0,03:43.0,03:43.0,A846534,A846534,0,F4377130-1EFB-4D4B-A50D-70F3377DBD67
262AFE36-4CDC-495C-8245-BCF2E66A7BCB,0,54:25.7,54:25.7,A846534,A846534,0,B5A76A0D-3303-43F8-81FB-1A5DF95E9AA9
D518201B-D799-4E45-98F5-BCFCAC5C4C55,19,15:21.7,15:21.7,AETH\N270372,AETH\N270372,NULL,AE7C6E54-3ACD-44D5-B66F-1B190B26D5B0
E0B92E2F-B984-49B3-AD61-BD01811C92EF,0,52:33.9,52:33.9,AETH\A393668,AETH\A393668,0,BB2C2410-FFDB-4E41-8061-36D503290A57
302FAD00-B1EE-4B90-91F2-BD02F940744E,0,12:31.9,12:31.9,A846534,A846534,0,41B50470-95B8-4D08-AB97-677DC6273520
A55534F9-BDD2-4DF2-82E8-BD08C0B76B42,0,03:43.0,03:43.0,A846534,A846534,0,295B6507-F73B-422C-9764-35952DBC9E59
DB55B99C-D0B0-4F1C-A872-BD0DE9ABBD6F,0,32:50.8,32:50.8,A846534,A846534,0,60F15F21-A8A4-4C86-8D8B-225895CEC8FC
F7194171-EE5E-44E6-BC80-BD16A3A9D85B,0,32:50.8,32:50.8,A846534,A846534,0,5F0B854A-4967-4293-9985-6232D3F16F05
99BA32E0-FD94-4CB0-B1C8-BD216261C04A,35,32:50.8,32:50.8,A846534,A846534,0,967D093F-C3D7-4044-A942-BA9BEA33A061
E9E0F49D-88FD-45CB-8E90-BD30592BF213,0,54:25.7,54:25.7,A846534,A846534,0,1FBB792B-F220-48C3-8313-0CED61813335
EFB413E4-D782-4B32-BA52-BD3F52274D4B,73.3,56:58.0,56:58.0,AETH\A393668,AETH\A393668,0,27712B71-2DB4-4489-92BA-1D20E1F1742C
D510AC10-E606-459B-B23C-BD3FC2C1AF59,38.4,54:25.7,54:25.7,A846534,A846534,0,0B3B0E6C-F310-4D4F-9303-9115EF20D6CE
F548DD91-2EEC-44B3-98AE-BD42BAE53E83,33.6,56:58.0,56:58.0,AETH\A393668,AETH\A393668,0,DBC44609-9895-4692-8E46-D42D26228440
12D5D345-AE33-4A85-82AA-BD4B8BDF5AB5,0,32:50.8,32:50.8,A846534,A846534,0,74F786EA-32FC-418C-BA7C-176F7637C5F7
1C539733-810F-4100-83B6-BD534A509364,0,56:58.0,56:58.0,AETH\A393668,AETH\A393668,0,F5F4C869-9986-4E92-9129-C55DF671B803
58DED2CD-A2E6-47C1-AC59-BD6748C2B952,52.6,03:43.0,03:43.0,A846534,A846534,0,CF7B70A6-45D4-40E8-A695-B77ACA33145C
D2E1BB28-4E80-4D66-92FF-BD6A6AA4D1F8,0,52:33.9,52:33.9,AETH\A393668,AETH\A393668,0,3A7CA8F2-EB27-4C27-A058-D2984696BC63
859D223E-59E1-4DD5-BFFF-BD7D0AC472F7,0,15:21.7,15:21.7,AETH\N270372,AETH\N270372,NULL,8A7AEB1D-6FF0-4910-85E7-8521F87F9609
EF641D47-0905-49DE-B7B9-BD855EEB4CC0,0,32:50.8,32:50.8,A846534,A846534,0,5614C729-5F46-4589-ACA0-559D473A1A58
AFFA2A88-E2F1-4845-84CC-BD9C2E645F71,0,52:33.9,52:33.9,AETH\A393668,AETH\A393668,0,801B7104-D664-4659-B2AA-6A15162C5F3D
8A848242-B3DE-492B-9557-BDAF3A703064,0,15:21.7,15:21.7,AETH\N270372,AETH\N270372,NULL,3AADDAB1-0DFB-4197-8EB1-84D70288B3C6
4244C979-AD14-47D0-85EB-BDB5B28EDAC7,0,54:25.7,54:25.7,A846534,A846534,0,EEDE807C-202C-4874-BABA-4513A3281102
F6707546-0B1F-4AC8-8B28-BDC6FF5C4416,0,03:43.0,03:43.0,A846534,A846534,0,6CD3C8F0-4C92-4AA8-BED4-FC03AF1B6249
1459EE23-54F7-4A3A-A849-BDCAE8AE0B82,0,03:43.0,03:43.0,A846534,A846534,0,AC2706CE-9396-4782-AFB3-BCA9E428EDF8
D8627B2B-1605-4FE6-BF81-BDE76AAFB168,0,12:31.9,12:31.9,A846534,A846534,0,9FD960DB-69B7-4B6C-A35D-AD26571DCCDA
2C0E26AE-4D50-4711-BB97-BDFD782CF6C2,0,03:43.0,03:43.0,A846534,A846534,0,3712086B-C6B0-40B7-A6F0-F78BC4403466
2506DEA6-AF64-4CAC-886C-BE0CFE4FCCFA,0,56:58.0,56:58.0,AETH\A393668,AETH\A393668,0,9CC55B22-15A7-4F87-ADCF-3E3F810CA272
3927FCB7-0A17-47FF-868E-BE25B7A49834,0,32:50.8,32:50.8,A846534,A846534,0,78498FD1-9273-4D6E-8BBE-7D68440E4B34
47AC4B69-B2AD-4064-B826-BE313658F787,0,32:50.8,32:50.8,A846534,A846534,0,FEEECB33-3212-4977-B39F-13FEA287B2AD
965FC289-C103-497B-877A-BE350B76D32D,0,15:21.7,15:21.7,AETH\N270372,AETH\N270372,NULL,FD64D99C-12B0-475E-A469-CAE872883EA9
48FB7E56-20FD-4BF0-B8F0-BE6EAE9E511B,0,52:33.9,52:33.9,AETH\A393668,AETH\A393668,0,357B65C0-8B74-4793-8B74-B51F0E6436C4
F6EDF5DF-46E9-4FFD-8AA4-BE705C9CFF95,0,12:31.9,12:31.9,A846534,A846534,0,D1A8CADA-4E5B-4A43-87B0-EA9A20E2958F
E974A06D-90F9-4309-AD72-BE75D7D7A40F,0,15:21.7,15:21.7,AETH\N270372,AETH\N270372,NULL,8517B58D-2812-4097-AADF-8EB9EE14C0AE
A6113F6B-2B00-4FC5-9773-BE7B9B6BBDAE,0,54:25.7,54:25.7,A846534,A846534,0,05F91B27-E29A-4043-A6D9-E4ED87C467D5
949A4514-A990-4FB1-9643-BE7D3DBC28BF,0,03:43.0,03:43.0,A846534,A846534,0,C5996B7E-A93B-4CC8-A5FF-4300BF7E9E4F
DAC83569-1C26-4EAB-978F-BEAD17DA70F8,0,03:43.0,03:43.0,A846534,A846534,0,836997C5-8C38-48FC-ABF4-3D84BCF3F700
0BD0BBF6-1642-499A-B38E-BEB470C0A8C5,0,03:43.0,03:43.0,A846534,A846534,0,1EBE0674-4E27-4245-8F04-67C6AF4DA19B
C06B5F0C-0145-4BD3-8C5F-BEBDC7B8E014,0,32:50.8,32:50.8,A846534,A846534,0,32763716-FA8B-4C5F-96FB-AABFDDA2A229
AA65A292-D237-4930-AC5C-BED1C2CA4910,0,54:25.7,54:25.7,A846534,A846534,0,25C87C2E-EF38-49E8-BFA6-5FFCA30891B1
74E1E4A4-0235-4416-A0C8-BED43354E052,0,15:21.7,15:21.7,AETH\N270372,AETH\N270372,NULL,37C37BCA-7831-4B56-9524-8843504FC558
BC251929-221D-4A6D-B472-BED526A12BCD,16,52:33.9,52:33.9,AETH\A393668,AETH\A393668,0,6BF0F200-E47C-4A48-91F5-D95570EB4141
BA62D4A5-A6A4-4F8E-BBDA-BED82C400897,0,54:25.7,54:25.7,A846534,A846534,0,882FD7B9-0CC1-43D0-89D9-97E7EB50CFF3
9400F0BA-7829-43ED-804C-BEDFBF0D129C,32.4,56:58.0,56:58.0,AETH\A393668,AETH\A393668,0,68C6B66A-6085-42B8-A4DD-6C2382F4F6BD
8F92E519-6CB1-4182-A801-BEDFD6661631,0,32:50.8,32:50.8,A846534,A846534,0,A28EFA11-9210-4F26-A744-8C9DC216EC2D
95A0CAD5-F4FD-4972-A8ED-BEE82EA49504,0,52:33.9,52:33.9,AETH\A393668,AETH\A393668,0,93A0C664-52DA-493D-BF20-40411D0C77DA
9B2077A4-A60F-4EDC-8CF0-C2C279DC1504,3.2,52:33.9,52:33.9,AETH\A393668,AETH\A393668,0,B35685B7-2AA7-4506-91E7-10E5F510A9D6
53A9895F-4031-4BBF-BA92-C2F80D922CC1,32,03:43.0,03:43.0,A846534,A846534,0,E8918260-8E67-4277-8D24-0AB52205ACB4
05AFB123-E3B6-4EAF-9C33-C312B2EA7B20,0,56:58.0,56:58.0,AETH\A393668,AETH\A393668,0,F3B8CBA6-8984-4816-AC8A-3A538FDB47C2
ED556E33-F076-428C-85E9-C31D684CC483,0,54:25.7,54:25.7,A846534,A846534,0,0B5EFED8-8397-490C-8810-C23645D7BD47
938987DC-E906-448C-8907-C32474ED2893,62.9,15:21.7,15:21.7,AETH\N270372,AETH\N270372,NULL,0D4259B4-8CBE-4710-A614-372BC11144BF
B76CB1FE-009E-4331-89D5-C3317FDB05F2,0,03:43.0,03:43.0,A846534,A846534,0,6A033776-5BA8-439E-8BD7-75C14F75D7C6
FB48768C-3D95-4689-BFC1-C34557BD0744,0,52:33.9,52:33.9,AETH\A393668,AETH\A393668,0,6C9E3FC5-28E6-4D8E-B51B-0F171424E14A
F19803ED-19B9-471E-9DA8-C3652FE68503,0,56:58.0,56:58.0,AETH\A393668,AETH\A393668,0,CA69B54C-0AD2-4562-81D3-5FB53237C005
650C9CFD-EFFC-49A4-9D86-C36BB1D488BE,0,52:33.9,52:33.9,AETH\A393668,AETH\A393668,0,715B609F-A2B9-407C-96FA-3F907C385BED
02AD4286-512F-4546-81E9-C3A9962D9336,46,54:25.7,54:25.7,A846534,A846534,0,7A68642F-E127-4510-B36D-B95574BA53E5
3A989149-05CD-4F88-A3FD-C3BC102BD23E,25,56:58.0,56:58.0,AETH\A393668,AETH\A393668,0,0928E58C-5B18-4698-A4F6-0AC240D9F546
768FE7D5-D285-4A4C-BD68-C3BD07EF9DFD,0,52:33.9,52:33.9,AETH\A393668,AETH\A393668,0,0BB0A373-36DE-44F6-937F-1E0158BED9F2
88591C46-3DF2-478B-BF2E-C3BF7E6E4022,0,56:58.0,56:58.0,AETH\A393668,AETH\A393668,0,209C15A7-2D75-49B8-A67D-FEA01A931532
D5CAB618-1835-4E5F-9F07-C3BF8975F08A,0,15:21.7,15:21.7,AETH\N270372,AETH\N270372,NULL,5C3D1720-0765-4E7E-A143-8B7DE9074B70
0D547291-4F89-4D6B-8A7E-C3C2ED7F41CA,0,12:31.9,12:31.9,A846534,A846534,0,73DC463F-6EC3-4A4E-A64F-A5D1B74EAB2B
DCF95441-AC32-4B9A-BEDF-C3C71A4F7340,0,03:43.0,03:43.0,A846534,A846534,0,ADAA4098-A36B-420C-8D6C-AFEA34ABFA1B
50693FB6-B94A-413B-8C3C-C3CECF6A5914,116.4,12:31.9,12:31.9,A846534,A846534,0,37C1F5CF-62E7-4058-AE8D-4761E2126B4B
1654E0F0-46C0-4744-BD3A-C3D44CB238D9,25,12:31.9,12:31.9,A846534,A846534,0,A1C5F9A8-3525-4FC0-AE08-0546236097C9
D9DD493A-2E43-407D-B666-C3F8A1E5F41C,0,54:25.7,54:25.7,A846534,A846534,0,F867AB17-40F3-411B-8CF6-22A93F039AAA
3079C4C3-FF37-43FA-B153-C406A32D1FEB,0,56:58.0,56:58.0,AETH\A393668,AETH\A393668,0,3D7645D4-DC1D-46D1-952A-5989BD31572F
98A4EDFC-84A6-4E8B-B21F-C412C97DCDEA,0,15:21.7,15:21.7,AETH\N270372,AETH\N270372,NULL,7AB79778-51BE-4053-BC51-7DD926439643
9B851D15-585E-4D96-8243-C425E6C91D76,94.9,54:25.7,54:25.7,A846534,A846534,0,4E8C317C-8CA2-4452-8AB4-5BEB6E2D1212
B0BB26D6-5026-4B33-9728-C43D00270228,0,03:43.0,03:43.0,A846534,A846534,0,2367A304-3B34-43CE-913C-551A5A2210C7
7EA0A40C-627F-45D4-9756-C4550B217A81,44,52:33.9,52:33.9,AETH\A393668,AETH\A393668,0,32B80FED-CB95-4F9E-851F-5D6B78744551
AB691B19-7203-401B-A167-C4635B647837,0,56:58.0,56:58.0,AETH\A393668,AETH\A393668,0,A8111E35-5403-4B22-A71A-1A7F34CBA8B2
BE72C608-A940-4620-A74B-C4703A0B4CEF,70,56:58.0,56:58.0,AETH\A393668,AETH\A393668,0,4E041737-56E3-4DBC-A583-683458D211C0
8776F14C-E3FA-4A9D-BED2-C470926CDA34,0,12:31.9,12:31.9,A846534,A846534,0,43DC3E3A-15B2-4427-B3C3-712D3294FB1B
1544AF41-4E2D-4755-8E66-C47AA247D8F5,35,56:58.0,56:58.0,AETH\A393668,AETH\A393668,0,4CA166E8-DAD1-4A7C-8F4F-E90C87E36330
D936F376-DDC9-4AC6-9AFF-C4820864C52D,0,54:25.7,54:25.7,A846534,A846534,0,23171C0B-8DA7-407C-9B29-81980A462CA0
130FE3B7-622B-4AFE-8DD6-C4913501037B,0,32:50.8,32:50.8,A846534,A846534,0,6D13DCA4-CEE3-419A-B457-BC11CD4B899D
DDBBA701-FFB0-488F-866B-C491B4772F84,0,12:31.9,12:31.9,A846534,A846534,0,FDD71200-2AC0-4D53-8931-048351F22B2A
5C337178-56DD-4108-A95E-C4C389307329,0,32:50.8,32:50.8,A846534,A846534,0,5C558D0F-D96C-4B54-ABBD-5EEE938F1FD3
A5FD0CA1-CBC7-4DF6-90D7-C4DE08010EF6,70.4,52:33.9,52:33.9,AETH\A393668,AETH\A393668,0,5742783F-387F-43A5-8436-E04D51A3DC4A
0F58727C-1840-4C7A-ABC6-C4DE265ED509,0,03:43.0,03:43.0,A846534,A846534,0,7A55D7BF-5C71-4B0A-B738-D5A322564658
45485EC3-E186-4F82-93E2-C4DF26636AC6,0,03:43.0,03:43.0,A846534,A846534,0,2AD08B67-E3B0-48B0-9D15-6633D97ACEC1
74EB0CD4-2760-49FE-B90C-C4EAC38CD84E,0,03:43.0,03:43.0,A846534,A846534,0,D27617F6-9675-41E8-B690-D78153C7DC4A
8DE6A822-9E1D-44C4-B1DE-C4F5CCFF814B,0,03:43.0,03:43.0,A846534,A846534,0,64E0A6C4-B373-4AD9-9544-C22669212647
F2BAC693-7900-468B-A67E-C50A05EB6C3F,0,32:50.8,32:50.8,A846534,A846534,0,B65F8115-64C4-4169-8F13-1878FE3BB8E5
344AC61F-FBAF-434A-A46D-C5124C618BE9,0,56:58.0,56:58.0,AETH\A393668,AETH\A393668,0,2668FD78-66B2-4D96-B88D-CC9F85D53813
C9DA7760-2738-4A43-921F-C519F3CD054E,0,03:43.0,03:43.0,A846534,A846534,0,9BCBF945-DB2F-4694-997E-3EB927C05F23
D310FED3-B1B6-48F8-81CE-C52EEBEABD3E,92.2,12:31.9,12:31.9,A846534,A846534,0,7D7E37A8-259E-4618-B80A-182D225F8112
FD5A9A74-39E5-468D-9BDB-C533174A9C73,0,32:50.8,32:50.8,A846534,A846534,0,3C419283-432D-4277-93DE-A357B2DB1AED
F302C261-5920-42F2-8CBF-C53DF2EA8AF7,90,56:58.0,56:58.0,AETH\A393668,AETH\A393668,0,8D157701-59AF-4D80-9214-5F7943B83164
CA31CC7F-0FDE-4690-991C-C55DF75E2231,0,15:21.7,15:21.7,AETH\N270372,AETH\N270372,NULL,2F47996D-D412-4B67-B035-14E00672EC33
07468A89-61A2-411C-B2DC-C572720DD642,0,52:33.9,52:33.9,AETH\A393668,AETH\A393668,0,8595044F-9056-4277-822E-D92BEA5287E8
4D6115FE-9374-43BA-975E-C578012AAFA3,0,52:33.9,52:33.9,AETH\A393668,AETH\A393668,0,49F0D502-F8D2-4EA0-9B8F-48AE8ADD35EE
B69693B7-689A-4DE8-88AD-C58D52E38A06,25,03:43.0,03:43.0,A846534,A846534,0,E3FE8057-79A5-49FF-9007-152134833E61
3C49C210-C270-4423-A400-C59365A61DF3,0,52:33.9,52:33.9,AETH\A393668,AETH\A393668,0,1B28B84E-F358-4AF8-A7B1-F39F4482F160
504CDA08-C018-4551-93F0-C59A6AECC228,0,54:25.7,54:25.7,A846534,A846534,0,AE023CD4-6139-4FD2-BCD4-78046A1FB3AA
6D2D3643-4786-453A-A3E6-C5A304E28EE6,23.3,54:25.7,54:25.7,A846534,A846534,0,D84C6501-3333-41C7-9ADA-3FD4E6464093
F102E588-0943-42CB-B55D-C5A9CB313A74,0,12:31.9,12:31.9,A846534,A846534,0,321E5426-8D64-479A-B089-F976C791B17C
FFAF39B2-5D79-4BA1-A6D6-C5AFCD22BBF2,0,12:31.9,12:31.9,A846534,A846534,0,6F107EFA-105F-4F39-8468-43A476E47FCF
4CE2C3EE-1614-4C62-AEF6-C5BD2736471B,99,15:21.7,15:21.7,AETH\N270372,AETH\N270372,NULL,2B31B96A-9D82-40B7-9357-9BC18C1CE9D5
7088ED7C-AF50-4A90-B184-C5BE29DD8F1D,49,15:21.7,15:21.7,AETH\N270372,AETH\N270372,NULL,0B171DB2-6279-41C3-BEAC-94830D5F112A
A9C9EA9D-CA9A-4F95-94CF-C5C409158465,27.8,03:43.0,03:43.0,A846534,A846534,0,E01E8310-F5A8-4641-AAC2-5E85B10B273F
7112A60D-E338-4CC2-9E44-C5C8E8DF70F5,0,52:33.9,52:33.9,AETH\A393668,AETH\A393668,0,3A495FA7-511F-445C-96D2-382EAD586320
EB613D2D-1A67-47B9-88BD-C5CF5E4D97FE,0,52:33.9,52:33.9,AETH\A393668,AETH\A393668,0,CDDBE2FF-2A65-4537-A55A-DAEE98D3E422
616DDC15-596C-4CCA-ABCA-C5D265A799E2,0,03:43.0,03:43.0,A846534,A846534,0,165AC11E-9A49-4B57-965B-B110694DC503
C8E4D887-7CC0-4F20-A0BF-C5D6F9440AC7,0,03:43.0,03:43.0,A846534,A846534,0,B1DDF448-96E9-4B92-863A-62B13699E362
617C74A7-57D8-467F-9256-C5E09EE0A350,0,15:21.7,15:21.7,AETH\N270372,AETH\N270372,NULL,4805D20B-E8D7-4FF9-A496-2BF969529AE5
12F62F05-ABD8-4EF6-BAED-C5EE5E0115AA,0,03:43.0,03:43.0,A846534,A846534,0,E0BAB849-3FB3-4EB4-8C0D-7E62720851CB
C6FA399B-C4AD-42FD-AF20-C5F447F92D0C,0,56:58.0,56:58.0,AETH\A393668,AETH\A393668,0,0F2A370A-D9B9-415F-AED5-39DA2C32C0ED
A6D02223-0B7C-4A74-8356-C5FA490210F0,45,54:25.7,54:25.7,A846534,A846534,0,07185636-A299-4616-A815-0FBBA5FF22BB
0EEC7E61-51BC-4891-930C-C5FFCB514129,0,03:43.0,03:43.0,A846534,A846534,0,C3332E2A-417E-4F7A-8213-3CA6317BAE52
E9073625-EAC7-4805-B793-C60CF32C18C0,0,32:50.8,32:50.8,A846534,A846534,0,FA4A4940-0C02-4261-B934-F0A58620A8F1
C21BCA2B-44BC-4EC9-938B-C615F2FE6B6B,0,12:31.9,12:31.9,A846534,A846534,0,B7587477-BFA8-4F15-91AF-69CDCE36AE83
32210E29-3669-4B05-B7CD-C62FA347275E,0,12:31.9,12:31.9,A846534,A846534,0,8B7410B2-556B-4984-A194-654F6FB81859
7CF8B7ED-4125-4036-800F-C630EE8154CE,15.2,54:25.7,54:25.7,A846534,A846534,0,D8162D89-B739-4E6B-9FD0-3FCD88A49B35
4B894C0D-C450-485F-A5C3-C641B1F67ECD,63,54:25.7,54:25.7,A846534,A846534,0,D61D2F00-660A-473E-ABFA-DE9246BA80A7
8B2932AF-5DBD-4FFF-B37A-C659765F602D,49,56:58.0,56:58.0,AETH\A393668,AETH\A393668,0,68BF8FE4-4AD7-4CB6-9747-0402E928BA18
8C6137FE-8C4D-410D-A618-C65C87186FF7,49.6,32:50.8,32:50.8,A846534,A846534,0,A1074649-690E-4BB4-B653-6EE0BBFB2092
6CD2946E-A0FF-4B5E-A65A-C972D7C65668,0,52:33.9,52:33.9,AETH\A393668,AETH\A393668,0,8B20A4E8-CEB4-43B1-83FB-ED4B41FE7B25
6CFDEE83-0D81-4501-88C1-C973D302015E,0,54:25.7,54:25.7,A846534,A846534,0,122E0CAF-4906-4B91-B0F8-42230590B3B6
6D943838-6EBA-4D82-A12A-C99058CA6FEC,0,15:21.7,15:21.7,AETH\N270372,AETH\N270372,NULL,C4D9E3E5-48E2-4034-BFF3-1BA9E069255F
C292C15F-3119-4F98-9658-C9940FC24ECE,72.8,52:33.9,52:33.9,AETH\A393668,AETH\A393668,0,2766FD76-5BF0-49EC-A316-7E7F8B357488
6B123844-EDA8-4D33-A7FB-C9E4B9E003D0,27,54:25.7,54:25.7,A846534,A846534,0,4CCF283A-EDB3-4D15-82F2-43DE28901D65
F49BB2EC-0CEF-4C1F-9FE8-C9E5722021C4,0,32:50.8,32:50.8,A846534,A846534,0,DF5A63A5-06FB-4D05-83F0-907AD9543685
36E9BD91-12B8-42E9-B7C2-C9FAB49CD2FE,0,54:25.7,54:25.7,A846534,A846534,0,836F909C-2C86-41CA-A2F0-9546BC8954C1
5988A5F7-F451-4A68-9824-CA059C745AE7,37,52:33.9,52:33.9,AETH\A393668,AETH\A393668,0,C78B9A4A-77AC-4ECB-8E12-AB7B9EE3F4C3
085F39FF-A302-46AD-889E-CA0FD03161F1,0,52:33.9,52:33.9,AETH\A393668,AETH\A393668,0,A2FDB10E-403C-4FA1-B5C7-71556959A541
5BE2A21A-3341-446A-B5CC-CA1C82980B0A,0,54:25.7,54:25.7,A846534,A846534,0,B556A108-16C0-46ED-9E8B-B0EFF88BCFB8
140150B9-2006-40A7-B460-CA47A4AA1F6D,0,03:43.0,03:43.0,A846534,A846534,0,95AA416F-8B24-4AC9-9473-603C337807C5
BBF0E167-ADA1-493A-AAA3-CA52CC25EB7E,32,15:21.7,15:21.7,AETH\N270372,AETH\N270372,NULL,631E442D-E9DA-439C-A2DB-DED9850B9DD9
4CC20909-CF80-4FEA-9A9A-CA5ADE5B2647,39,15:21.8,15:21.8,AETH\N270372,AETH\N270372,NULL,BB442214-990F-45CA-BBF5-135CED4E1AC4
2BD6F11C-6148-4C29-830F-CA62B804028F,0,32:50.8,32:50.8,A846534,A846534,0,25875280-C5F6-4A1F-BA4D-3DFAB2056E4C
38F70814-098C-4FC3-96A0-CA835F602DF8,0,15:21.8,15:21.8,AETH\N270372,AETH\N270372,NULL,0E890DB0-167E-4E7F-8232-AA38772C9E1C
3AB01DF2-BD89-4D41-991E-CA8386B3C38B,0,56:58.0,56:58.0,AETH\A393668,AETH\A393668,0,E3531934-CC51-4D45-8130-C1A2271EBC68
E4AC6DBB-7F40-4D58-80C3-CA89C7CAF625,33,32:50.8,32:50.8,A846534,A846534,0,A537B037-8518-4328-9FBC-8953C89A169B
7D79BD38-0797-4C42-826F-CA8E19D4BDCD,0,56:58.0,56:58.0,AETH\A393668,AETH\A393668,0,A6523597-950C-49A1-BB69-F54CBA80DC05
EB0F711F-A68A-4170-8958-CA913AB73C49,63,54:25.7,54:25.7,A846534,A846534,0,0F89CF54-9B7D-4C7F-A848-B560B399F69B
D6C0EF32-C258-4011-B35D-CA924F507F6B,0,54:25.7,54:25.7,A846534,A846534,0,ECCF2988-D510-4E16-8CFC-F44A012FE987
B721ACAA-89C5-4E84-AF95-CAB1DBBED9F8,0,03:43.0,03:43.0,A846534,A846534,0,7EB0AE1A-6C58-48E2-AD54-F05038F6E7DA
17478599-F6C7-4C24-8FFC-CABFD43F8FCB,0,52:33.9,52:33.9,AETH\A393668,AETH\A393668,0,929D4006-DE86-45A9-AD0B-5FFE565BA182
F44C9276-6B73-4307-B698-CAD9BB7C3D1E,0,15:21.8,15:21.8,AETH\N270372,AETH\N270372,NULL,14CE1823-9A88-4A89-9719-C4194D350A1F
5093B305-12E7-4883-A551-CADDC29AAE47,30,32:50.8,32:50.8,A846534,A846534,0,99184080-2536-4FBC-9FCB-5D1DE7F7F888
795CB9A5-EBC7-4395-B88E-CAF93039235E,0,52:33.9,52:33.9,AETH\A393668,AETH\A393668,0,2FF99ECA-AF14-4207-9EB8-0F5531FC8645
A5839432-7FA9-4F30-9B67-CB008EFBFC9E,0,52:33.9,52:33.9,AETH\A393668,AETH\A393668,0,ADA18CF6-538E-460C-B6A8-9443AF80E96E
8DEC7664-0058-4C23-9BE6-CB00A0557752,0,12:31.9,12:31.9,A846534,A846534,0,BCD06006-87D9-4CE4-B9C8-53EAE551102E
8E973464-D6B8-4FB8-B27B-CB052C6974B1,32,52:33.9,52:33.9,AETH\A393668,AETH\A393668,0,F45760F1-5EAF-4EE5-A5B3-01D201191A85
715CCDDB-A7A0-41E4-A45D-CB10E86ABE20,0,52:33.9,52:33.9,AETH\A393668,AETH\A393668,0,CDDA8F84-F6EF-4B5D-B118-EFCCB6980A5A
57911F60-5B3E-454F-9DAB-CB1683B1B078,18,52:33.9,52:33.9,AETH\A393668,AETH\A393668,0,783FA08F-046D-42AD-96C1-8A73692E6747
CE60905D-795C-4C59-8F71-CB2E38CE2F09,0,03:43.0,03:43.0,A846534,A846534,0,EC5B5025-8C42-48EB-8E21-D01D21517E07
67A91AF5-0CAA-42C9-AC5D-CB3D6CD59C16,0,54:25.7,54:25.7,A846534,A846534,0,48B8BEFF-52E2-4C65-BAFD-62E3ACC5265C
8F221422-EA2B-4919-A56F-CB5B75A2E4AB,0,03:43.0,03:43.0,A846534,A846534,0,D3D61D0C-CB75-4CC1-99F3-D86660E64574
1CDA7584-016D-447E-B916-CB6C16A2D08B,0,12:31.9,12:31.9,A846534,A846534,0,CC0B6F1F-1611-413C-9F28-1F6851FC90CB
84225973-1A85-4D12-B71D-CB6D8FEFE05B,0,12:31.9,12:31.9,A846534,A846534,0,A60DFE7E-B82E-4DF0-9170-D17543CD4CE6
DCA65D2F-0AE6-492B-B1ED-CB7307BFD0A0,20,03:43.0,03:43.0,A846534,A846534,0,CC704DAA-224A-4AAD-B343-E91F593DC431
DC46C1D8-DF4F-4B64-806A-CB7CFB78E4CD,0,03:43.0,03:43.0,A846534,A846534,0,0C839679-75EB-4345-B60F-24E16823B3B8
2DC3BCBB-95E6-4B82-BF23-CB8018D2BDDF,33,15:21.8,15:21.8,AETH\N270372,AETH\N270372,NULL,581B5606-3E0C-42E1-93FB-34434C76D6F9
285493AB-2955-4B67-A67B-CB831016D889,0,32:50.8,32:50.8,A846534,A846534,0,FC33E46F-F1CB-424E-B6EA-459DDD2EA6DA
EED02EE9-7C97-4239-B9E4-CB9AA3833E2D,32,15:21.8,15:21.8,AETH\N270372,AETH\N270372,NULL,DA9B467F-31E9-4D09-85F1-03840DC98AF9
0F886F6F-F0B0-4337-99DC-CB9E9337A6C8,0,15:21.8,15:21.8,AETH\N270372,AETH\N270372,NULL,5BCFC260-8D1C-4ADE-B896-50C7A5E78EAB
34163EA7-8A57-44FE-A365-CBA206DD52E8,0,52:33.9,52:33.9,AETH\A393668,AETH\A393668,0,F8540CF9-2685-406C-8090-D3516ECE8BC1
AFE5F252-BCF2-438C-B9DC-CBA40B35B64D,0,54:25.7,54:25.7,A846534,A846534,0,1D2D4C99-D381-4BA0-8D57-A8E494A0B78C
6C4CE545-D6CF-450A-926F-CBB43592EC15,12.4,03:43.0,03:43.0,A846534,A846534,0,7F09752F-6F12-4299-9283-431B7B4547D5
F837C542-F020-4D78-944F-CBBE474E48F5,0,03:43.0,03:43.0,A846534,A846534,0,62025F88-F4EE-4579-A23B-7D414B12E6D6
423CB921-5BEB-4D33-A181-CBC5F4ECF017,0,52:33.9,52:33.9,AETH\A393668,AETH\A393668,0,042BFE15-4EF3-4B6C-9C89-FFB1D560CA51
F201CBCB-A931-4CA7-BD2E-CBE6F143D35A,25,12:31.9,12:31.9,A846534,A846534,0,20A0625F-3510-418B-814D-AA9CCBA15E6D
0B00E975-625A-439F-993D-CBF046974A62,57,32:50.8,32:50.8,A846534,A846534,0,AB509E89-BD92-4763-A5BA-9430D13E70C5
EFF29B3D-2BEC-4436-96E5-CC387A509032,0,03:43.0,03:43.0,A846534,A846534,0,2FE4BE85-51BD-4F03-8D7D-03DFB7E7A0C8
105B974D-4987-43AD-AB2F-CC3BEAD57844,5.7,52:33.9,52:33.9,AETH\A393668,AETH\A393668,0,9800EBC3-FC06-4D86-9F2C-327B65F56595
C7CE2F8A-74C8-4314-8566-CC3FFE376F44,110,03:43.0,03:43.0,A846534,A846534,0,79060261-7189-467F-9C9D-7396A7A30892
0E9004C0-2C5C-4BF3-90FF-CC4E937960C6,0,32:50.8,32:50.8,A846534,A846534,0,2E445608-C119-4ED7-8E51-1B4C0EB6E0A4
1A681301-64C2-436F-A167-CC4ECE7E8C7D,0,32:50.8,32:50.8,A846534,A846534,0,C8576BF8-F432-4E6C-874B-D769205E2C77
50461EE2-CB3E-4423-8E52-CC72E01D840E,40,12:31.9,12:31.9,A846534,A846534,0,7BBA7BC3-EB5A-4198-8450-4676B4D7F259
B00E4D57-567F-4971-BD6E-CCB4C3300E76,0,56:58.0,56:58.0,AETH\A393668,AETH\A393668,0,C5916F75-9542-4B9C-91CD-B7EDDB1E720D
13527962-F58E-458B-8DB8-CCB523DF84A6,36.7,03:43.0,03:43.0,A846534,A846534,0,5B4DCDBB-BC9E-4711-A803-E900130130ED
E62E50E0-E08F-4245-B94D-CCE218D821D8,45.6,03:43.0,03:43.0,A846534,A846534,0,D9D597BB-8A80-4BBA-8AC8-29C154A24982
B7AA20B0-A884-493F-BEAF-CCE51068867C,81.6,15:21.8,15:21.8,AETH\N270372,AETH\N270372,NULL,C448E03B-20EE-4734-8DE1-EF17C7B16C70
F2A9E8DE-0A56-4175-AAA4-CCF47C78A795,0,52:33.9,52:33.9,AETH\A393668,AETH\A393668,0,23F33A34-927F-4F34-BE7A-8D92EF6FDE3D
EBEE0AC9-CA52-48CE-B819-CD0F83DDDB89,0,54:25.7,54:25.7,A846534,A846534,0,93A9D1BB-64B7-4DD3-8805-751B44685D7C
EF3D6DCD-EDFB-4C10-8E3C-CD1EA0AAEBFB,59,12:31.9,12:31.9,A846534,A846534,0,72B0675D-9D8B-4B48-9ECE-E319B10EEA26
4A0733F8-F663-4489-B225-CD33F54232A3,0,12:31.9,12:31.9,A846534,A846534,0,3B1AB8CD-87F3-417B-93AD-AE599A289795
88C70B9A-7013-4CBF-B3C7-CD36DB2EC7B3,70.4,52:33.9,52:33.9,AETH\A393668,AETH\A393668,0,6E290DD4-1183-403B-B306-FF3BB14AA151
EE933DF1-4711-4A98-9678-CD3FC368B279,0,03:43.0,03:43.0,A846534,A846534,0,4665A47E-E590-4771-AE52-341BDF289AB0
31201E7B-F07D-4F29-9FC0-CD4C65050C95,0,12:31.9,12:31.9,A846534,A846534,0,7EA8D3E3-3BF6-4ACF-A900-5F7C445EAB8B
5742C816-7576-4735-B2C3-CD525A14B03E,7.7,56:58.0,56:58.0,AETH\A393668,AETH\A393668,0,FAC3B5D7-CA15-4FC8-B43A-3AB00A63C2D8
33BF7760-409A-4F66-BC41-CD5CD4BBA905,0,32:50.8,32:50.8,A846534,A846534,0,83CE4BFA-6828-4175-8F44-DA792312949C
A2F52616-17DF-4A81-A7A8-CD5E3BA6FF87,4.7,52:33.9,52:33.9,AETH\A393668,AETH\A393668,0,1002755E-0AFB-4FAF-ACE9-F35EDE0258BD
E8900E31-6C79-450C-879E-CD6C15E14AD3,85,56:58.0,56:58.0,AETH\A393668,AETH\A393668,0,70ABF93F-1660-40C8-A6EC-CBBED4A6AEBF
E8C2F622-3739-4B61-9D92-CD71467F9249,175,12:31.9,12:31.9,A846534,A846534,0,F52E316B-AB24-445E-ACA4-A8ACAADDC08D
264FF3A8-8889-4E64-B9B2-CD735985BF33,0,56:58.0,56:58.0,AETH\A393668,AETH\A393668,0,943958E5-0669-42B4-B6ED-27ACEB60564B
32FEC150-945A-479E-9524-D1EFB006AB55,0,15:21.8,15:21.8,AETH\N270372,AETH\N270372,NULL,C01AEB32-0204-4110-A985-5E9BA5832705
2DC20DF2-A38C-4462-8DBF-D206EE8CA830,0,56:58.0,56:58.0,AETH\A393668,AETH\A393668,0,EDF05386-AC8B-4772-AB04-4114E8E615AE
5F027CD5-3038-4E18-96FE-D20F3D382146,0,12:31.9,12:31.9,A846534,A846534,0,21838303-4553-4B68-B58F-E9579D741FE7
32DDD5F4-C01F-4AD1-91CD-D2103E2B3F64,15,56:58.0,56:58.0,AETH\A393668,AETH\A393668,0,25C1403F-9C24-499C-9F57-C85B29226A68
BB81EBA3-F31F-4976-8251-D2163C3A6000,91,54:25.7,54:25.7,A846534,A846534,0,CAAE77AA-B436-45B5-B3A2-44CB62857602
961D6B16-E275-4329-906E-D2194FF2214C,0,15:21.8,15:21.8,AETH\N270372,AETH\N270372,NULL,7F603D2E-CF14-4E0D-9B80-DB212B849EE1
0554EA73-7709-4CD6-A717-D2411544875C,0,54:25.7,54:25.7,A846534,A846534,0,60A68533-9E72-4AB4-A3E7-52F984C077B4
74F1F093-159F-44C7-8600-D24C7CE0CEFA,0,15:21.8,15:21.8,AETH\N270372,AETH\N270372,NULL,98A365EE-9B0C-48DC-8585-906B36CA50DE
8D2A6079-9A96-4F80-9383-D25448DE61A9,0,56:58.0,56:58.0,AETH\A393668,AETH\A393668,0,0BA05171-38A8-463F-A436-1DE1D161E091
1701768D-B4FC-4A99-B41B-D28C38E460AD,29.4,56:58.0,56:58.0,AETH\A393668,AETH\A393668,0,1E7C1424-2B8B-4685-A46F-68E442E80679
3AFC60C0-1761-43C3-9EEE-D29DA3E4FD41,0,52:33.9,52:33.9,AETH\A393668,AETH\A393668,0,2892F2DB-AEF4-4E4E-8303-FF37D0B8C1B1
60808619-C2BC-4FF9-B0CB-D2B581F817F9,12.3,03:43.0,03:43.0,A846534,A846534,0,13E69778-4FC5-4E2D-88C9-AEE060DD5FDD
A0AF3ED9-1440-4E7C-BD69-D2B999B9D212,44.1,54:25.7,54:25.7,A846534,A846534,0,53417C70-9474-4888-9763-8AFC13A10EBF
0BB33CDD-2D12-489A-BC1B-D2D5F419C536,0,54:25.7,54:25.7,A846534,A846534,0,05D3470D-D798-49D3-9C8F-D6C06CC3748A
2DC4E38C-23A8-4AFA-B8F4-D2DB8F743F5E,0,54:25.7,54:25.7,A846534,A846534,0,D4F4310D-2B61-4B69-B4FF-A3070779A05F
59628021-F5EE-4F91-911B-D2DD966B3D74,0,15:21.8,15:21.8,AETH\N270372,AETH\N270372,NULL,71FD4AE0-6F86-4507-883A-C9330EBAD8B1
94A0DEB2-D115-4F96-9969-D2F6E8F33B47,0,12:31.9,12:31.9,A846534,A846534,0,12F0C248-4CDD-4B0B-AB28-0A058EF38FAC
9A69A897-FC42-42D1-83F4-D2F9B84CFBB9,0,52:33.9,52:33.9,AETH\A393668,AETH\A393668,0,05ABADE4-1D11-46D8-8268-55F671CB8E56
015EF00C-9187-4DDD-BF44-D3081FD3C320,0,32:50.8,32:50.8,A846534,A846534,0,8A12B240-E599-4F94-A390-D9C258FC5233
CBAD93B8-A1D9-4676-A41C-D308CBFEDED4,44.9,03:43.0,03:43.0,A846534,A846534,0,58AA1386-A810-467C-AF3E-869F2D5F8CAD
FB1B2C1B-E1AE-48D5-9AA3-D30FB3533258,24,56:58.0,56:58.0,AETH\A393668,AETH\A393668,0,6134EA49-37A3-4071-8D1D-F109C7229953
77512ABC-D825-41E9-BD74-D319CCBBED2F,39,12:31.9,12:31.9,A846534,A846534,0,FE9BE166-0C81-4B29-8BCC-BAA273147292
DEFFB4CF-8CD9-4C4D-99BA-D328B7C7EDD4,57.9,56:58.0,56:58.0,AETH\A393668,AETH\A393668,0,52DCEB02-1AE4-4A62-8821-8E2C4E8D5EA1
831E5AD9-9247-4D5B-BD1A-D328DECF3973,0,32:50.8,32:50.8,A846534,A846534,0,8285EABD-3512-44A3-8821-70D9E7E809F0
FC8690BB-CF48-462E-89C2-D32AF13B3189,0,52:33.9,52:33.9,AETH\A393668,AETH\A393668,0,5A3F87B2-89D0-4DC6-80CF-7D9F9DF758DE
A0F0AB35-AEC9-49AF-B2C7-D3328CC41386,0,52:33.9,52:33.9,AETH\A393668,AETH\A393668,0,DE72430F-FC47-4101-82FC-4A0AAFAFD515
CB904F5D-E291-4559-836F-D33716B1E15D,179,56:58.0,56:58.0,AETH\A393668,AETH\A393668,0,DD45A417-050E-4315-80AC-713E3570C49F
A7BEDB9C-9BE9-4B09-AF2A-D34705F25DEE,13.5,12:31.9,12:31.9,A846534,A846534,0,46FA4422-A100-478F-BE42-F827AF6DA540
A2FD8497-17C9-48B3-B9EF-D34E24C3F427,128.1,12:31.9,12:31.9,A846534,A846534,0,D6B4521C-3377-44F4-A344-920B1AD4CBEC
1E5AE035-6E55-49D5-B498-D384D32C2765,0,12:31.9,12:31.9,A846534,A846534,0,ABBCB276-7DE8-4343-82BC-F7365AB1F328
DCC88A54-3DFC-4801-8DA8-D39015EB2C4D,0,15:21.8,15:21.8,AETH\N270372,AETH\N270372,NULL,005856F2-0C94-43B1-BD07-D94DCFE0A65F
4C6E139F-D6EA-4AB8-AFED-D3A48C53E563,94,54:25.7,54:25.7,A846534,A846534,0,8BB52410-1EF2-4AD3-8F5C-F99DE3FAB294
653F3F8A-C44D-4388-BB4E-D3AE8568850B,0,52:33.9,52:33.9,AETH\A393668,AETH\A393668,0,4A7593AF-643E-4223-BE11-41E930DF31AA
DD637C0B-71D6-42CA-9721-D3BE9C08CB38,12,03:43.0,03:43.0,A846534,A846534,0,1E65A501-5060-4BEB-8B3D-93EE03641C19
8BA264AE-7436-4CB9-85B4-D3C00B954EDA,0,12:31.9,12:31.9,A846534,A846534,0,4609F97C-B7C4-4B8C-A912-ADB737E1D879
4E1B5350-BAFC-46BD-AC17-D3DCE7317471,50,54:25.7,54:25.7,A846534,A846534,0,9052172A-C160-42DC-84E2-C1703AC12270
AB79B9EA-ADC8-4258-9A09-D3DD4E6B361C,0,12:31.9,12:31.9,A846534,A846534,0,02035749-AF4F-45D8-86FA-A09D890F6B5D
50AEE3CD-D07C-48F4-BF88-D3E1BC600FEC,0,56:58.0,56:58.0,AETH\A393668,AETH\A393668,0,F7A4EA93-D982-4B0B-94C9-56634C48C6E3
57C99A25-1823-4DFD-B42F-D3EAAF9FAE3B,0,12:31.9,12:31.9,A846534,A846534,0,A6EAA5C2-1C13-446F-A32B-28E4756514A8
D3EE81C2-5252-4B0F-A76C-D3EBCAB44C7C,30.4,56:58.0,56:58.0,AETH\A393668,AETH\A393668,0,9CB9E65D-3BB3-427F-8948-85D2FE1C5C5A
2407CCEB-81CD-49BE-AF43-D3F7ED915A6B,0,32:50.8,32:50.8,A846534,A846534,0,2BE32381-83E9-4D90-8B2E-7F253808DBC5
55670792-EA9A-4515-8497-D407D05B1F68,49,03:43.0,03:43.0,A846534,A846534,0,B5C88DBE-8CB2-45A0-A71C-3CEA0095B77C
70A0EE26-3BDA-4D97-B96F-D41C626C4A5D,0,03:43.0,03:43.0,A846534,A846534,0,4D23523A-35F7-4642-85EF-ADE8B6964F02
D52C2E73-B14F-43F1-9C3C-D431A32D290F,0,32:50.8,32:50.8,A846534,A846534,0,F0021E89-831D-498F-964C-CD92134CC197
2EBC3957-8CD4-4D5F-A3D8-D433F002EB85,0,56:58.0,56:58.0,AETH\A393668,AETH\A393668,0,4A44D091-3E84-43C6-9226-D00498A11F30
C136CF61-ED48-4FFD-9C74-D43D042F5E1F,0,15:21.8,15:21.8,AETH\N270372,AETH\N270372,NULL,4082C4D8-4A9C-465E-8FD3-8DA319ADC99D
4CEDEAAA-118D-4DE9-B100-D4442D70A752,0,12:31.9,12:31.9,A846534,A846534,0,34E35588-E25B-4A6F-BE00-B2FE966D0D35
C41E4AB7-E0F3-48E4-B6D4-D447CB49610A,0,15:21.8,15:21.8,AETH\N270372,AETH\N270372,NULL,70508833-2946-4ED8-AF58-A871C1899EBD
9F4658A2-936E-416C-9D25-D44827D9EF46,40,54:25.7,54:25.7,A846534,A846534,0,0A55B185-C4BC-4FAF-A2DF-B781C332FC7C
691DB54A-BEE2-452E-8024-D44848067EB0,0,15:21.8,15:21.8,AETH\N270372,AETH\N270372,NULL,A3A50F03-5C58-462A-9150-2E753461B989
698A62D2-4BAA-43F9-8BAD-D44E81E4683B,0,15:21.8,15:21.8,AETH\N270372,AETH\N270372,NULL,FF8DACD5-537C-4729-84ED-B395F285A8C0
8805CE85-6158-466A-936E-D46AE1F371B7,24,52:33.9,52:33.9,AETH\A393668,AETH\A393668,0,C4292755-BB64-42B7-A88B-547DD1C15121
680E0E64-F8CD-456C-9ACE-D46D0BD0F43D,21,15:21.8,15:21.8,AETH\N270372,AETH\N270372,NULL,2D269A4A-4F93-479B-93D3-5ABCFCD7E30F
68D37363-A3D2-4A37-9676-D47DDE23B6AC,0,12:31.9,12:31.9,A846534,A846534,0,28BA9AD1-FB2A-458F-A828-E4B7817DFE44
34BB1B41-23DF-4386-8F7E-D4990790D46D,0,15:21.8,15:21.8,AETH\N270372,AETH\N270372,NULL,7C71ADCD-ECAF-4BD0-A897-BB12C762325D
069F9990-CAA2-44FA-918B-D49FF1FA213B,0,56:58.0,56:58.0,AETH\A393668,AETH\A393668,0,250B6AB8-3A89-4369-8507-ACD51746EF7E
03F933A9-64CD-40D1-A569-D4A2DC440F3E,0,54:25.7,54:25.7,A846534,A846534,0,036FA244-135B-42BB-BC21-BCD5513B2970
8AD2B17F-391D-4042-BD00-D4A53CE245E6,0,52:33.9,52:33.9,AETH\A393668,AETH\A393668,0,E1788CA4-F94D-430E-BF1F-96AC27D6C7B6
7A613521-4DC3-4898-9871-D4BB05528451,0,52:33.9,52:33.9,AETH\A393668,AETH\A393668,0,07261DA2-F372-4F5A-B541-D753E816F90E
599D1482-C711-453C-BF57-D4C46C361FA4,137,52:33.9,52:33.9,AETH\A393668,AETH\A393668,0,B83AF7ED-9793-41F1-8F8C-80C31411B9B9
6B9E0932-E3C2-4E0D-BCA4-D4DD2591F695,0,32:50.8,32:50.8,A846534,A846534,0,1B5E5C9E-ED49-40A0-A199-8DF3489076E5
AB04EDD2-ED51-48B3-96CF-D4EA4A90C7BD,0,54:25.7,54:25.7,A846534,A846534,0,0DB5E1D4-4782-4863-8D65-5EB196805CA7
A102CF6B-4634-4E9D-A837-D4EA87FD287D,0,32:50.8,32:50.8,A846534,A846534,0,8F6A452A-E38B-494C-A997-0C11FBC55D07
35A17EA6-CE43-452B-9EF0-D5056A4C1123,0,52:33.9,52:33.9,AETH\A393668,AETH\A393668,0,14916F66-8C59-4B8F-9167-7C785A05BECF
6E9101B4-3EE3-4D19-B7D9-D50E14C3F4F4,29,12:31.9,12:31.9,A846534,A846534,0,B6556E08-EF46-49F6-ADE1-C7DD53BF857C
AF30B063-8834-4C78-A9A4-D52E25F89FA0,0,32:50.8,32:50.8,A846534,A846534,0,210E996A-3960-45BC-8941-2E81F0747915
C7E3057D-11EC-47B6-90AB-D530DDF7A40E,100,15:21.8,15:21.8,AETH\N270372,AETH\N270372,NULL,226293BE-9060-4C77-AB67-F5DB1AE85D30
3B34999D-D9B4-4348-8AAD-D549869AE833,0,03:43.0,03:43.0,A846534,A846534,0,B03ABE24-0909-423A-95E3-A1BA4F6E3834
0246780C-55E8-4AAA-89EA-D54EEB6ED8DC,83.8,52:33.9,52:33.9,AETH\A393668,AETH\A393668,0,5FB624E0-1C74-40F0-9CCF-D46740DBCC35
79D37366-C23A-430A-AC05-D55B0956D004,0,32:50.8,32:50.8,A846534,A846534,0,6030C1BD-2BF5-47C4-8C1E-EA719C5A804E
AC743471-79F1-477E-AABA-D55F358AC9A3,10,56:58.0,56:58.0,AETH\A393668,AETH\A393668,0,E19853B0-EFCA-42BC-BA2D-69135805B919
9DDF3259-DF85-41F9-907D-D58FDD8DD7FA,0,52:33.9,52:33.9,AETH\A393668,AETH\A393668,0,B958FAC4-3BD1-4A34-9180-9D9DEF3C7D59
17B7B869-1087-4DA5-8FD2-D59125B9FD0E,0,12:31.9,12:31.9,A846534,A846534,0,49F86851-BC8F-4281-A786-457978F99F01
E2A5A595-C693-4568-AEDD-D59905EBDDBA,0,52:33.9,52:33.9,AETH\A393668,AETH\A393668,0,5E5045EB-1BEF-42BC-B1F3-78E8F1ACB796
7E922F88-FD13-4570-9653-D59A901B40E5,40.5,32:50.8,32:50.8,A846534,A846534,0,ABD6E929-E689-4F66-A6E4-0AA64AF37C52
6D0F7B22-CCC7-49F6-BE59-D59AA2E7BFA5,0,12:31.9,12:31.9,A846534,A846534,0,81FA6DBC-8C58-4D73-BD81-92D218BA0EC8
310557D2-57D6-45EE-8EFA-D59AC36AC9AD,0,15:21.8,15:21.8,AETH\N270372,AETH\N270372,NULL,0E6C8354-0210-484B-B3C9-4B7AF2B46CC2
42ABE741-9424-43F9-A03E-D5A9EFF5036A,0,54:25.7,54:25.7,A846534,A846534,0,868E5083-DB60-4F1F-9039-FA020AAC0CC3
C3774A5A-B835-445F-B71A-DB181C2CC5DC,0,56:58.0,56:58.0,AETH\A393668,AETH\A393668,0,AF25E589-08E7-4787-9413-BFC1E9B2C901
C5AB7B8A-AE3C-49CE-89A5-DB291E99CAB8,0,52:33.9,52:33.9,AETH\A393668,AETH\A393668,0,A1A5AC78-9D3C-49A6-B34C-B47FF514CB3B
A2FB6B90-FF0E-46F9-A808-DB2D246CB536,0,54:25.7,54:25.7,A846534,A846534,0,B3F060F2-7D30-4025-BC97-A949EDA479AD
40869921-0F16-4521-AA4B-DB304B8F90CB,9.9,03:43.0,03:43.0,A846534,A846534,0,7313BA18-5F71-4A59-B868-D09688528B2A
72997CA3-1680-4EAA-879D-DB3D4B923627,0,12:31.9,12:31.9,A846534,A846534,0,E90CCD9F-4C57-4098-9B4E-899C54F90EBE
113F0F1A-3746-47FF-836A-DB4959A04CD2,0,52:33.9,52:33.9,AETH\A393668,AETH\A393668,0,1FE81E78-B7CF-4F4D-AB5F-DC41EDEC1A17
F7F1E1F5-E8D6-4648-85E6-DB52A9C64B19,37,54:25.7,54:25.7,A846534,A846534,0,89DC6139-7F84-4B57-B9F6-21CCF5A0E3D9
BB3D9FF9-FBB5-45C8-ADDA-DB5F6B2161DE,0,32:50.8,32:50.8,A846534,A846534,0,0AD3E4E1-56A8-4351-8F2B-3CDA5A0DEFC4
1B3CEEF9-EE55-4A73-B2F8-DB6B34A8C738,0,54:25.7,54:25.7,A846534,A846534,0,FADE5783-4DBC-475A-A0B3-A3369F29B3B7
A106E422-70E0-416E-882E-DB6D4589A98A,28,52:33.9,52:33.9,AETH\A393668,AETH\A393668,0,4E19BB38-EF57-4985-B08B-C04B95F2F5FB
E59DC7BD-08CE-48CC-B91A-DB8CA1BA2140,0,56:58.0,56:58.0,AETH\A393668,AETH\A393668,0,9704410B-7CFB-4480-8F1A-54F0D179276A
FDBCEAB2-35C6-4BEA-8FC9-DB8E216272BA,0,12:31.9,12:31.9,A846534,A846534,0,A0286303-36DC-4BDB-AB5C-34920340E73F
64FB7848-271B-4EAB-84F3-DB8E3BC7DBC3,0,03:43.0,03:43.0,A846534,A846534,0,7D255AA9-4C59-4544-9C25-4320C3FAF5B9
71682A77-74B3-4B05-B3A4-DBA8233739F5,0,03:43.0,03:43.0,A846534,A846534,0,8F190E91-B06D-46E4-B64D-2FA502862225
F41EA092-3856-461F-9836-DBAF21F4C309,0,56:58.0,56:58.0,AETH\A393668,AETH\A393668,0,5633D15B-D26B-4D29-9106-00E6CF6BC0E8
A790884F-3FB8-48B4-89BC-DBB6FC2B0A12,0,32:50.8,32:50.8,A846534,A846534,0,3F791C08-8502-4465-932B-5CC197EBF3E6
B10485AF-0D9D-42B5-B6DC-DBBC896C68D8,27,03:43.0,03:43.0,A846534,A846534,0,86ECEE55-6463-4AF5-9FFF-2EEA77B8F535
F55C55B0-5257-499D-BE04-DBBDC72D7916,0,12:31.9,12:31.9,A846534,A846534,0,C776741E-1881-4839-BF42-C8CBFCFA4939
F149FD5E-4F78-49A5-8102-DBD05F630497,0,56:58.0,56:58.0,AETH\A393668,AETH\A393668,0,60017014-D11E-4ABE-865A-A765B385ED4A
8C90476A-E835-4E6F-AB32-DBDAE74E21BA,39,03:43.0,03:43.0,A846534,A846534,0,E81E2232-8A40-4767-B586-D14CE72776E5
AC279872-7CEE-4B72-9681-DBE7A0BFA70E,40,56:58.0,56:58.0,AETH\A393668,AETH\A393668,0,34B787B3-E9BD-4402-A934-85939DD1D870
FEFA3171-C9CF-42BC-9A38-DBF8F6609836,39,15:21.9,15:21.9,AETH\N270372,AETH\N270372,NULL,74D9F0D8-275F-49D8-9F1F-F7632DFB45E4
743D1B3E-4147-472B-9C3F-DC033B7657FE,0,56:58.0,56:58.0,AETH\A393668,AETH\A393668,0,0C9F7CF2-9420-4803-A757-501108634F17
EB65FE27-9B61-4342-B385-DC0F51C04533,0,15:21.9,15:21.9,AETH\N270372,AETH\N270372,NULL,5C2944AD-015C-40AB-96A7-AF2322EDAF27
E55DF1C9-E009-44B8-902D-DC175F3033D2,0,15:21.9,15:21.9,AETH\N270372,AETH\N270372,NULL,4E36CD2C-4D46-4F5A-81F0-3A6A3D735A0E
BAFAC97E-0B64-4124-938E-DC286F251707,0,54:25.7,54:25.7,A846534,A846534,0,6F08A847-7D11-4E02-B9E5-5D7071E0CD68
FACA583A-9519-4AE2-8CBB-DC304AEFAD0B,0,52:33.9,52:33.9,AETH\A393668,AETH\A393668,0,04EE63D1-0AC2-466E-B65A-C32DD1F72BC6
F114C8AC-043C-4A1A-88DB-DC3CA526619B,0,03:43.0,03:43.0,A846534,A846534,0,E7CAE184-E6CF-4DC3-B55B-CB56C9585F47
EF69171F-65E9-48F7-A142-DC5485EA4542,91,54:25.7,54:25.7,A846534,A846534,0,06AD863E-4B41-4034-B8A9-ABB0EDC19FEB
F53806A3-9D14-49F0-BDDF-DC5A218DEAED,29.7,54:25.7,54:25.7,A846534,A846534,0,BA0C55D1-988D-4E60-9200-FFA9A7911885
F3CE202D-FCC0-44AA-B3C1-DC5D60278E46,0,03:43.0,03:43.0,A846534,A846534,0,F2DCE16A-265E-4092-84BC-B01118A98B7D
D71971D5-FCCA-4471-92BB-DC60B7B27824,0,03:43.0,03:43.0,A846534,A846534,0,E9E1BB55-A103-4A5A-9F08-7B8F9D23DE9B
055E74D0-466F-41BC-B6A2-DC7D7D39391A,0,03:43.0,03:43.0,A846534,A846534,0,FE2938FC-D826-447A-81DB-B40DD63B5113
9D09C16F-7281-4DA0-B0D1-DC8357776032,17,03:43.0,03:43.0,A846534,A846534,0,1656CFC2-84A3-44A7-9A1B-9C4B859EBD5A
7235FB49-1B30-4F68-BF4B-DC8A85C56C7E,0,52:33.9,52:33.9,AETH\A393668,AETH\A393668,0,7D2F7FC2-2BBC-451E-AE7E-F080B31EFA98
88E83F6F-AD5B-41A1-BECE-DC8FA58E3E26,0,52:33.9,52:33.9,AETH\A393668,AETH\A393668,0,975B606C-DE45-40D5-B279-30F651EA2898
9FF3E245-DDC7-4DC0-9A8D-DC976BF930FF,0,32:50.8,32:50.8,A846534,A846534,0,70556F3E-EFC8-465D-A595-336FC7B7352A
EC5E4FD5-C933-4662-BAC8-DC9A9D5238CE,0,15:21.9,15:21.9,AETH\N270372,AETH\N270372,NULL,2EC1AA82-1642-4B43-9D4B-7EEE18E564D8
3535641D-9C58-4916-83A7-DC9F4A00FC45,35.8,52:33.9,52:33.9,AETH\A393668,AETH\A393668,0,921D0225-0558-43DD-BF1A-62537A2AC3B9
501558EC-A89D-4C22-8C22-DCA773E66B54,0,54:25.7,54:25.7,A846534,A846534,0,870C9B47-EFB0-4C28-B0DB-81E79ED6E58F
1FD89A14-5C38-4BD5-AB35-DCB52FDB78D7,29,54:25.7,54:25.7,A846534,A846534,0,5FA278EA-1AF7-420F-8AF7-45EE3DA4C5D8
FDA74394-7FD1-40D0-AD89-DCBDD36143FF,53.2,03:43.0,03:43.0,A846534,A846534,0,C1F605FF-4D34-40B0-9FA4-20D80225D5D7
14CF6191-C8C0-4FA2-9EC0-DCFA48D5E010,0,56:58.0,56:58.0,AETH\A393668,AETH\A393668,0,8D73710D-B306-42E8-8962-E1D2C826FA5B
0CA694E9-DD65-460A-9ABF-DD02864E270A,0,12:31.9,12:31.9,A846534,A846534,0,3D2FDD4B-FFE5-4513-ABC2-E3249B01540A
D6E40EC5-D809-41B4-98EA-DD1903EDEB61,0,56:58.0,56:58.0,AETH\A393668,AETH\A393668,0,C151A99F-8123-4208-BB95-7AA8EEDA977D
8CADE4ED-FE7A-4787-A114-DD19179BBC8E,29,12:31.9,12:31.9,A846534,A846534,0,C0356D61-4F96-4B1A-AB72-601EA6CEB07C
783CF317-656B-4D2A-8F2D-DD45AEE5CCC2,0,32:50.8,32:50.8,A846534,A846534,0,FD1466CA-A39C-4361-9775-068D3D14C1E9
D27C06B5-467B-4964-B177-DD4691A0D6B5,0,32:50.8,32:50.8,A846534,A846534,0,46D18FCD-F18A-4364-962C-5E83C67C92BE
D5BD98B5-B5C2-4451-B3B4-DD5BC07379E9,0,54:25.7,54:25.7,A846534,A846534,0,7ECB8310-3F61-4505-B68E-1AE0A95B2CBD
D6DE95D2-D909-4827-8298-DD66FE826914,0,32:50.8,32:50.8,A846534,A846534,0,3CB258EE-3600-4E54-83D2-4C7E51D721F8
48C82100-0DFD-4D5F-9BEE-DD714F75B615,16,32:50.8,32:50.8,A846534,A846534,0,F2C375CA-FE6B-40D9-9462-6A3B5B7A38D7
B03CF3C0-8294-4D23-833D-DD7C69703551,67,52:33.9,52:33.9,AETH\A393668,AETH\A393668,0,4FE0FC32-6CD4-4BE6-9895-9DCFCFEAB357
B7B3B47D-2B07-4BED-B5D2-DD977711F2FA,146,56:58.0,56:58.0,AETH\A393668,AETH\A393668,0,EC577C6A-AF90-4BB9-A1F0-0F8FF13952AF
E475AF5D-D315-4BE7-87C9-DDAA2641CC90,0,32:50.8,32:50.8,A846534,A846534,0,8E3DE5CC-2383-4EF8-BFEA-C0490250280F
5FDF8782-F2CC-4596-B259-DDAADF01D3D4,72,54:25.7,54:25.7,A846534,A846534,0,3BCD4235-A2EE-4375-8DF8-42644975F88D
E5797C00-EF17-4BFE-BAB6-DDADDCF60573,101.8,03:43.0,03:43.0,A846534,A846534,0,E084D00F-A8CD-4A97-AC7D-0B06323BBD9C
AE501BD1-6B6B-48D6-950B-DDB6988CA61D,36.2,54:25.7,54:25.7,A846534,A846534,0,F36EBCDA-4197-4A8B-8E4E-A1317BEB5A51
961DF69D-BED2-4A6F-8A80-DDE924E9E95C,0,54:25.7,54:25.7,A846534,A846534,0,745FCAC1-E09E-46F2-8A64-74E5E98C766D
272445DD-3BEA-449E-9AB4-DDE95B76E8ED,0,15:21.9,15:21.9,AETH\N270372,AETH\N270372,NULL,9E7FEBD1-5D00-484A-BA01-C345494ACA22
25F027C7-6C16-495B-9180-DDEA99A8972C,0,52:33.9,52:33.9,AETH\A393668,AETH\A393668,0,36B175BC-9B99-43E1-BF3E-4AA5FC471E9E
8AA34A01-906F-4580-81A4-DDEDB864DE13,9,32:50.8,32:50.8,A846534,A846534,0,1E84A68C-D121-4771-9E8E-BC6C086C7B6A
FCAAD72D-394E-459E-A62B-DE03BBA7BEB5,0,03:43.0,03:43.0,A846534,A846534,0,A06FBC60-C32F-4F66-A9D7-FB46769C9253
B0427D42-C86B-46F1-BEE5-DE04409F9711,0,32:50.8,32:50.8,A846534,A846534,0,D3B14273-806E-4490-B34E-F6643EBF48F1
34BDA370-EFE2-4450-BA2B-DE05CAFE8BD9,0,52:33.9,52:33.9,AETH\A393668,AETH\A393668,0,8180CCD4-D36C-4144-AD98-1ED828DD3A94
563FB5C3-6A79-4346-87A2-DE061FAC5988,0,12:31.9,12:31.9,A846534,A846534,0,E4FB215F-102A-4E50-ADE7-9FD9CC1257A0
A53BD77F-E8A0-4F99-B685-DE1C018620F3,26,15:21.9,15:21.9,AETH\N270372,AETH\N270372,NULL,1964F418-FCA9-4125-B8FF-1C57E37384D5
8A0458BA-97B4-4E53-8B40-DE26FFDE6689,0,15:21.9,15:21.9,AETH\N270372,AETH\N270372,NULL,34361CBB-58DC-451B-971B-25F06B00417B
2EE7C614-6FD4-4E43-A753-DE27CD68D233,28,56:58.0,56:58.0,AETH\A393668,AETH\A393668,0,0FBA9758-E0FA-4F3D-B11F-3C28C7EEE059
3FCF4FAC-FC13-45BF-8EE6-DE3674B59880,0,52:33.9,52:33.9,AETH\A393668,AETH\A393668,0,F118FC81-2D55-4C87-9EBE-C275F097EC6B
7EFDCA2A-AAF5-4419-92D0-DE3F3F148FF9,0,56:58.0,56:58.0,AETH\A393668,AETH\A393668,0,7CAF5B4B-388F-460C-BFFD-749449787799
741D96E0-1143-4077-8F5E-DE7E1336A28E,0,54:25.7,54:25.7,A846534,A846534,0,2DB72232-800E-4C0A-B6D4-2A2CEC2B4DBD
56D8BB8F-8FBF-4680-92D3-DE7E35B865FC,0,12:31.9,12:31.9,A846534,A846534,0,088203AC-1D33-49C3-8DFC-0704A9101F38
024FA2A5-2706-4178-9FA7-DE8BB2FFDE61,0,03:43.0,03:43.0,A846534,A846534,0,9F8EA3F4-3979-497F-B814-2FC95A56A531
4457F077-DF93-4806-9441-DE9E8F90177F,0,54:25.7,54:25.7,A846534,A846534,0,5E3A24BB-351C-4EB7-A3F1-4DB522E76DDF
CF5A337C-F157-4881-821C-DEB85A6BB500,0,32:50.8,32:50.8,A846534,A846534,0,5696E7DC-4A58-4711-B9F1-8F80E286C8CD
73AFC5DC-23BC-44CE-BCFC-DEBDA18B41A3,0,15:21.9,15:21.9,AETH\N270372,AETH\N270372,NULL,C137964F-AF1B-47AA-BD94-B92E7D9C5248
198600D0-2152-4488-9EDE-DECF755AF682,0,32:50.8,32:50.8,A846534,A846534,0,349D10E5-8232-4B6F-B859-9D1824D5D97A
4068A4F4-3E06-4C06-BCF2-E2A2E9421620,29,15:21.9,15:21.9,AETH\N270372,AETH\N270372,NULL,0E8FC5A6-2552-4DC3-A977-15FDFE8D2497
D7179831-6188-41F7-8555-E2BF28323434,83,52:33.9,52:33.9,AETH\A393668,AETH\A393668,0,D6DC8E53-4EB1-435A-9690-ACF4B450AB03
464FE6E1-1526-4590-84AC-E2D6E24C360C,0,03:43.0,03:43.0,A846534,A846534,0,85A123AD-DF77-4DE2-87D2-31809FC54485
A5F350D0-63A6-4C68-8361-E2EB930D4D1C,0,32:50.8,32:50.8,A846534,A846534,0,A92541E7-3629-4019-9541-474FC841F915
F76B491E-53EF-4E43-8041-E33E5F2E8F44,34,15:21.9,15:21.9,AETH\N270372,AETH\N270372,NULL,8441AE79-372C-4AF7-83DE-1FC98484C459
8F343D73-FF99-41AC-B869-E33FD5238F83,89,12:31.9,12:31.9,A846534,A846534,0,B8A1A5D2-C9D0-4A6C-8919-061905C6E26A
E751E0DB-1308-4BE8-A022-E346A5C97E3A,0,15:21.9,15:21.9,AETH\N270372,AETH\N270372,NULL,C96979C6-6725-40F4-B181-70170359C026
3EF5546E-85FB-4A83-B68A-E346D1435CDD,37,52:33.9,52:33.9,AETH\A393668,AETH\A393668,0,D49DCAC9-4482-4E79-AB57-F95002EDC778
047C2D8A-350B-4399-ADE0-E346DAC6B538,0,56:58.0,56:58.0,AETH\A393668,AETH\A393668,0,DDAEF4C1-9035-4695-B18B-C525A08E6F53
A30FDBA3-0CB2-4F6E-9E9C-E351A3A3A536,0,56:58.0,56:58.0,AETH\A393668,AETH\A393668,0,AE7F5AEF-1F14-4227-9DF7-C79482CBF7BB
EFDC76D8-9026-418A-B237-E352BB93DD64,18.3,32:50.8,32:50.8,A846534,A846534,0,06B19F4B-D803-478F-80D0-60F666C82B16
F3EA1240-D8D2-4799-9FB8-E3655AA0ACEA,0,32:50.8,32:50.8,A846534,A846534,0,EA2BCB23-EBB1-4DFF-B058-227367A2FDA4
75D5722A-6502-4F4B-858E-E395C3DEDD1B,36,32:50.8,32:50.8,A846534,A846534,0,F0A01EC7-F3A1-4716-A457-EBBE6633B7CC
71ADBE5A-2F32-466B-89E5-E39960F5D1DA,69.5,52:33.9,52:33.9,AETH\A393668,AETH\A393668,0,A2ADD57B-EFF3-45DE-A366-F10074442488
087F6E4F-258B-44EF-9E6D-E3A30C0E8AE9,0,32:50.8,32:50.8,A846534,A846534,0,A3CD77D7-FC94-4823-A02D-11CA960269F7
6F4BDFCF-E265-4D11-905F-E3A57FFD5A43,57,32:50.8,32:50.8,A846534,A846534,0,4FB321C6-E174-40D7-BC33-CD4FDFDEE857
E03C60D2-9752-4388-AF19-E4106245FB89,0,03:43.0,03:43.0,A846534,A846534,0,E0DDCC94-0D0B-4449-967A-02368FBD2A1F
8C1203B1-C2B7-4FAD-BE89-E420E0D3EF60,0,12:31.9,12:31.9,A846534,A846534,0,6AC8D204-38D2-4963-A5EF-3C9FE569FB48
CCF60B0A-4D1F-4E0F-A292-E421D47830F7,0,54:25.7,54:25.7,A846534,A846534,0,C91AA28B-A337-4DD6-BD64-83B6CDCE6609
AA941F85-6326-453C-AC5A-E428D077C388,15.7,32:50.8,32:50.8,A846534,A846534,0,B420DA7E-4925-454C-86B5-F93122CD0B2A
B3B7063D-44A8-4DDA-8BAA-E430A64E31AA,0,15:21.9,15:21.9,AETH\N270372,AETH\N270372,NULL,CC9BFC8B-3391-4AD7-B663-7B08788939A1
843D1F71-6AE7-4DD0-8716-E451ED17F448,79,15:21.9,15:21.9,AETH\N270372,AETH\N270372,NULL,36CB93F3-DFCE-46EE-93A9-0B5141B7C1A0
7B12D5AD-ECA0-4724-ACD6-E452870C2B83,0,56:58.0,56:58.0,AETH\A393668,AETH\A393668,0,8E09CDBE-D972-4CEE-B197-3AA58B85FE3A
66EF884F-D318-4B64-9CC0-E45F6C712F6E,9.9,03:43.0,03:43.0,A846534,A846534,0,09873CD1-CA6E-4EC3-8416-FF591EC7E894
D9B32BD8-ACCB-459D-97B0-E4609FBB3AA7,0,03:43.0,03:43.0,A846534,A846534,0,4850A8F5-8597-4ED6-9ED0-FF5722C4F59E
F938BD40-B672-4862-9926-E4694420A951,0,03:43.0,03:43.0,A846534,A846534,0,28C80683-B782-4DB6-9DF0-318581BB18FB
C48F5BFE-7574-4E7B-BB56-E4695958FC79,0,12:31.9,12:31.9,A846534,A846534,0,FC42E36E-DAED-4A23-9B96-B9356C70C67F
3776CCDE-95AD-461E-A8B4-E469C9B3E037,0,52:33.9,52:33.9,AETH\A393668,AETH\A393668,0,8D1ABDAC-5CAC-49CD-BF2F-DD59BED471E7
512C35C9-6F8B-485D-AF6F-E48745EF3F97,0,52:33.9,52:33.9,AETH\A393668,AETH\A393668,0,F5C698F1-C78A-482E-B1E2-75157C99FDDC
73C59C7C-548F-4A97-9578-E48E8F653A7C,0,03:43.0,03:43.0,A846534,A846534,0,18B2ECE5-DC03-4D4C-922E-FF270AFCDDD1
1F53F85A-AC6A-451B-92AE-E49B440A3CAD,0,56:58.0,56:58.0,AETH\A393668,AETH\A393668,0,A4CFA70F-A575-4945-8864-CB22367A26E8
B5F65FD7-43A8-4D7C-A8A0-E49C6F31BFEA,0,56:58.0,56:58.0,AETH\A393668,AETH\A393668,0,322321A7-7802-4D04-BBC2-E29CFFCF236C
97AB6842-BB89-4B1F-B08A-E4A04A5C223D,0,52:33.9,52:33.9,AETH\A393668,AETH\A393668,0,7CE74C3F-F468-4C27-A5AB-B18262772B29
5F4D1427-B1BC-4B8F-AC2C-E4ADDD76A210,7.4,56:58.0,56:58.0,AETH\A393668,AETH\A393668,0,9EDC4FFA-F729-4849-83B8-F55A2ED0179C
5630F13A-72B9-4065-A930-E4AFF45A72B9,0,32:50.8,32:50.8,A846534,A846534,0,2B22A287-9DF8-45F1-9F83-B127A80AFA1E
0BC6E9FF-4435-4B9B-9A00-E4E77F83FC6C,0,54:25.7,54:25.7,A846534,A846534,0,C887BE6E-D719-42CC-8C76-0C726907655D
A84FFE5E-394B-4E06-9BEC-E4EDA42839AA,0,03:43.0,03:43.0,A846534,A846534,0,805A214F-D232-4A33-84CD-10AB3A54B4F3
36FE8034-A70E-4A3B-B904-E4F021E86B7D,0,56:58.0,56:58.0,AETH\A393668,AETH\A393668,0,DF68E75B-D9BD-4C7A-B640-E0D93C8297E1
6603A987-7353-4E16-94F4-E502DE1051C4,112,32:50.8,32:50.8,A846534,A846534,0,F347605E-4EE2-47C8-B2DA-8C25F3981239
BDCBA1D3-FCBC-498A-AC28-E5036EB9F967,0,03:43.0,03:43.0,A846534,A846534,0,BEF83434-7B3E-4AC2-BB26-69971102B99D
64DB5777-C9F9-44CB-A394-E50F6B7F46BA,0,12:31.9,12:31.9,A846534,A846534,0,0FBEC171-08DA-420F-9A66-FFFCCC0B33CE
B7C68C13-8762-4F82-AA62-E52AA290D341,0,54:25.7,54:25.7,A846534,A846534,0,55D4C029-9A63-4850-B73E-D8484C86DA60
2FFCFA05-6FA5-4D13-88B5-E52E45B54FCA,0,03:43.0,03:43.0,A846534,A846534,0,6B748E2B-EE62-4CD6-91C2-CC5C94B7B704
2F0587B9-22B7-4CB7-9CE8-E5313771ACE9,15,54:25.7,54:25.7,A846534,A846534,0,3DF09842-A498-4F8A-9E44-8406C0EF91C1
96B4451A-050D-46A0-A248-E53264CE7DBA,0,15:21.9,15:21.9,AETH\N270372,AETH\N270372,NULL,AC213DD1-6D49-46BA-8950-986FBC0259C3
E785501A-8A74-4A17-8F06-E53492040A4D,0,54:25.7,54:25.7,A846534,A846534,0,068B3153-1DE2-4562-90F3-E0D11370E07C
3B3BEADE-CBD3-4E66-BA78-E564A9D16CF6,0,03:43.0,03:43.0,A846534,A846534,0,77924DCE-90E7-4E78-AE38-89AA4A97524C
4E3D5F4D-3799-49FA-ACDC-E57006416336,0,54:25.7,54:25.7,A846534,A846534,0,B5064FDF-5AD4-4CAD-8F40-9A8C74F58FC0
D96DD6C6-0B00-4FD5-B1A3-E570ED320FB2,0,52:33.9,52:33.9,AETH\A393668,AETH\A393668,0,ACD284D0-7F06-4C85-881E-5F3BA6CA37E9
72343EEE-5A03-41C3-B29E-E57115305604,49,15:21.9,15:21.9,AETH\N270372,AETH\N270372,NULL,5C451BAD-A81E-4C83-A5B3-3D6E4FBCE056
634DE493-195F-4E67-9749-E57141045C43,37,52:33.9,52:33.9,AETH\A393668,AETH\A393668,0,C0189896-C714-4402-A6D9-2B6DC98E43DD
557BF1B8-DD2B-4C04-A667-E574B398AA10,0,03:43.0,03:43.0,A846534,A846534,0,1B4F2391-C84A-4B3E-B6C7-F675EBE2A942
6FD2B22F-B5D5-4A3B-8CCC-E579DE1E4460,0,52:33.9,52:33.9,AETH\A393668,AETH\A393668,0,76EDE84C-E798-40BB-AB27-C8BD88C6A607
F631E511-883E-44FE-A2D7-E57ADF11C7C5,0,52:33.9,52:33.9,AETH\A393668,AETH\A393668,0,95FDD38F-C79D-4271-BED1-26964E44D81A
E26FA031-A9B1-4423-ADAB-E5A8B89F8C63,9,12:31.9,12:31.9,A846534,A846534,0,B0131BE5-50C9-42AD-AE3C-1BAAE318D888
B2A1C83C-460F-41EC-84B5-E5C5ACA0FC18,0,56:58.0,56:58.0,AETH\A393668,AETH\A393668,0,F91A64C0-6BF7-4C2C-A9BB-23932BC4D73C
332DE68C-75A3-4296-A3EF-E5D3C151B809,0,03:43.0,03:43.0,A846534,A846534,0,D39BFA3F-C745-4D16-B2FB-E3EB6F3F1D94
1924B74F-4AD0-41E3-8919-E5EAD18BAD9C,0,54:25.7,54:25.7,A846534,A846534,0,9519583A-510E-46A4-94F0-FCA8D58B0CF6
0291B838-9B51-4275-9394-E5FF8FA01A16,0,56:58.0,56:58.0,AETH\A393668,AETH\A393668,0,B1A65743-D353-4D39-9FFD-5C0097C263CD
F8F10E6F-BE4D-4BB6-A178-E60556B320A4,55,52:33.9,52:33.9,AETH\A393668,AETH\A393668,0,2D427944-C559-416F-8EC8-A7C458C3FE4B
6CBC23EE-454B-4FC8-BACA-E60BCDC272E8,0,12:31.9,12:31.9,A846534,A846534,0,B7ACA9B8-47EA-466B-81D4-7C9915701C50
E9407EE1-AA01-4A18-958B-E60D664BCB13,0,52:33.9,52:33.9,AETH\A393668,AETH\A393668,0,72E92FAA-A207-4D96-9146-D86F20A0A90A
876CAE4D-A8BC-4973-AEBA-E61303177080,0,32:50.8,32:50.8,A846534,A846534,0,16710306-3B95-4029-8EBC-A8B32BE45DDE
14553E01-50B2-4312-9642-E61A6F340CE0,0,15:21.9,15:21.9,AETH\N270372,AETH\N270372,NULL,5C7868B3-1618-4C48-9689-B80907E17EBB
8A136382-CD76-447A-9D4D-E62D473B996F,0,03:43.0,03:43.0,A846534,A846534,0,AF0E850E-617A-4529-8D67-F02AB6CD03D5
2D5369F1-D6E9-4472-A039-E62F237206CB,0,03:43.0,03:43.0,A846534,A846534,0,A766B7B1-A1C1-4055-B1CA-9F4224C1A84A
5CBB21A0-970A-4A5C-85C9-E639FB458269,29,03:43.0,03:43.0,A846534,A846534,0,917A7844-90A1-43F7-8279-F6A226B4E6B4
4CD30629-18F3-4305-93E2-E643EEA06AD2,49,15:21.9,15:21.9,AETH\N270372,AETH\N270372,NULL,A8DDDF24-32B6-4213-AEED-D1B5345A2254
426663B5-38C5-44F3-AE74-E65B6D963444,0,54:25.7,54:25.7,A846534,A846534,0,AC1A7E23-4F1C-4D77-891B-9EE924FBCB70
4922F95A-479E-46CA-9DF0-E66AB9697FD7,0,12:31.9,12:31.9,A846534,A846534,0,AFBF10E5-FB56-4AA1-AE76-4FEFD2BBC78A
DBD7E536-0331-4128-9822-EA37D5FB9292,0,15:22.0,15:22.0,AETH\N270372,AETH\N270372,NULL,E907DDFE-3827-4189-A1B3-4386E8E346A7
543A22F7-2DE3-41FA-8C3F-EA3F72D7B607,0,15:22.0,15:22.0,AETH\N270372,AETH\N270372,NULL,0B8C8BAB-F5B3-4CCD-A344-670E9665A55B
A18ADCBF-561E-4AED-8E12-EA4F4FEA53EC,0,54:25.7,54:25.7,A846534,A846534,0,574EFDD6-BC49-427E-B3F1-914DD8E333D1
44AEAADF-5EFB-454F-97A8-EA6F1197481A,0,54:25.7,54:25.7,A846534,A846534,0,E01844AB-305B-48A9-8DB6-558690299915
424960FC-4E42-471A-92A8-EA74EDC2B50D,31,12:31.9,12:31.9,A846534,A846534,0,AA33BD7D-3657-4957-A830-27BD5873F99E
5E467DF7-4231-4EE2-B849-EA89CE2178D9,0,32:50.8,32:50.8,A846534,A846534,0,7B6E911E-B60A-4E44-8EE8-4DDFDEA0F71F
CD08A2E2-F1D0-442F-9621-EAA0D8808099,0,52:33.9,52:33.9,AETH\A393668,AETH\A393668,0,D130B7F7-10AC-411C-8A91-AE3F1FBBBB01
EA387B74-75AA-4AE3-B71A-EAA8BCCCB2AF,64,03:43.0,03:43.0,A846534,A846534,0,664B831C-B179-4E84-8A4A-C34C58DD0847
D439D336-7C64-4747-9C2A-EAC286778397,199,15:22.0,15:22.0,AETH\N270372,AETH\N270372,NULL,4EE59BFF-2C7A-4691-87E1-5598C9A9DC58
231BA03F-CBB8-4677-8176-EACA3F84EAF4,0,03:43.0,03:43.0,A846534,A846534,0,30901ECE-A24B-4A70-A1FD-F83584A7515A
3F00AAB1-903F-4863-8151-EACE2CBC0F18,2.8,52:33.9,52:33.9,AETH\A393668,AETH\A393668,0,D863D82D-46C3-432C-B5C7-8632CCD3BEDE
2B73B89F-51A4-4A0B-A379-EAD2DE77C51E,16,12:31.9,12:31.9,A846534,A846534,0,8FDAF1E1-45A0-401F-B5A8-DD9A5658A3DE
44E77BDF-08C2-4FA7-82B1-EAF6988C6BC3,6.4,56:58.0,56:58.0,AETH\A393668,AETH\A393668,0,C5D88B5E-C2E8-4C14-8372-010C4E9F96A9
88753B17-CA06-4B28-88D9-EAFC66F4AA3F,0,56:58.0,56:58.0,AETH\A393668,AETH\A393668,0,CBD2FE87-1C73-4D04-B801-AD23A019A2BB
AFF268B1-6152-44F8-9744-EB0E728266EF,0,15:22.0,15:22.0,AETH\N270372,AETH\N270372,NULL,30DF0E8A-BD8D-409B-A8A0-DB00C58F5BD3
AC16FB05-B172-411E-A0B9-EB17501F0A55,0,52:33.9,52:33.9,AETH\A393668,AETH\A393668,0,C06C0B71-9F2E-4913-A936-009052034A4B
2F18AE82-DA5F-4EEF-86E3-EB1B93170465,0,03:43.0,03:43.0,A846534,A846534,0,635FC000-CB44-4BAE-87BB-948FE6BF3E98
12790D40-21A9-41D6-829F-EB282B97B05A,0,12:31.9,12:31.9,A846534,A846534,0,6FDB81BA-9E56-4498-878F-1DCA476E971A
6AF173BA-66D5-46F7-9E59-EB367C3CEB60,89,03:43.0,03:43.0,A846534,A846534,0,591F3C8D-5A22-4FC5-B782-EC3C4F2B8565
CD243D80-49FE-42E4-981B-EB41282B9BD9,23,03:43.0,03:43.0,A846534,A846534,0,FF01DD6D-E696-401D-BC98-16C91C22D496
4CF6C42C-9CC0-4E5F-9D0E-EB48E220404E,0,52:33.9,52:33.9,AETH\A393668,AETH\A393668,0,66063302-9ECD-4A5D-BDF3-3E0D0CB76037
EA14727C-0390-4CA5-AC58-EB48E46FB708,0,12:31.9,12:31.9,A846534,A846534,0,2BE44E6C-727A-40FE-BDBC-99F1992DD89A
4BD7CCA9-2FB9-48C1-B427-EB69BCF45F30,0,12:31.9,12:31.9,A846534,A846534,0,6F16E2D2-A285-408F-9874-C56A058C9E34
E38CA7B1-CBDE-421D-AFB9-EB701CD7B07E,0,03:43.0,03:43.0,A846534,A846534,0,E4921B2C-B05D-4A87-ACC3-F65BD1FD4CA2
97B8FC49-F5A3-4430-8B20-EB7137AB41A2,0,03:43.0,03:43.0,A846534,A846534,0,51B32796-810B-48BB-BEA5-359FF06FB41B
3DE98A3E-F20D-480A-8A08-EB7571C012E5,0,15:22.0,15:22.0,AETH\N270372,AETH\N270372,NULL,39933D61-CB85-4626-934A-FFDDE2126B55
85507694-87A7-44FA-B284-EB797F8E6399,0,03:43.0,03:43.0,A846534,A846534,0,846761A5-E151-4B8A-8C62-C30BD6FFF8A5
4D737BC0-711D-42A2-BAA5-EB7FAAE238EA,0,03:43.0,03:43.0,A846534,A846534,0,E8A9F4A0-0660-44A2-8FE2-11D77D99237A
026078EA-0EB0-46C8-899E-EB81816E7E69,71,32:50.8,32:50.8,A846534,A846534,0,EA377C22-7654-42E0-9981-7551DE8A6FF7
2E1FDA09-238B-4FCC-B140-EB84D7E80440,0,56:58.0,56:58.0,AETH\A393668,AETH\A393668,0,7BEF9A2E-D819-45F5-98C0-93FE2F72C6C6
A395755C-949B-4DBE-BC4E-EB884D25EA13,0,32:50.8,32:50.8,A846534,A846534,0,4953CBB4-42D2-4F73-A041-4E05DB617A37
02938D76-AE0E-48B3-BB34-EB90621CE21F,0,52:33.9,52:33.9,AETH\A393668,AETH\A393668,0,D38DFDA4-11D4-4E72-8341-375FE0F1A8C2
BD91A206-5BBA-4298-80AC-EB90C7EDE283,0,03:43.0,03:43.0,A846534,A846534,0,A3ED759E-C77F-4B61-A02B-909189A9E856
198B7F3E-A58B-4D41-AC2A-EB981A321FBD,0,15:22.0,15:22.0,AETH\N270372,AETH\N270372,NULL,831302AA-BEF8-46D0-8FCB-EC3E4FF7168A
3916F0E7-CA7F-46AE-BCDD-EBB6C34FDBC4,0,52:33.9,52:33.9,AETH\A393668,AETH\A393668,0,F1B1035B-23D8-4C5A-9D92-6DF8E9FBDE2D
F9A3DA82-756F-44A0-A740-EBE693FAB648,0,54:25.7,54:25.7,A846534,A846534,0,0F34FB8A-FAEF-4DDE-BAA6-5DC7864EA75C
B2C5D313-EA7D-4E27-A402-EBEA3A9ED43E,46,54:25.7,54:25.7,A846534,A846534,0,1E0217D1-4438-4FED-A5E6-61ED46BB83FC
9D8B0838-60B1-47CE-B85E-EC0B56147AAB,0,32:50.8,32:50.8,A846534,A846534,0,5E1C6045-497A-45C1-9783-14C37019D0F8
0BF6E86D-E102-43DC-B84B-EC2266419D6D,0,56:58.0,56:58.0,AETH\A393668,AETH\A393668,0,0C3A50DB-72E2-4D39-A8C7-1EC3EDA4D118
1C7A3A2C-E102-41CF-AEEA-EC3AC19D2D53,21,15:22.0,15:22.0,AETH\N270372,AETH\N270372,NULL,646C8AFC-1224-4463-97C3-B7B0943D27C6
D2B9FFAD-7447-4162-AD74-EC4C96F93294,0,56:58.0,56:58.0,AETH\A393668,AETH\A393668,0,0600F64D-BA14-4B3C-AB4E-A467F4F1D80E
2C43A57A-176F-4E88-9C2A-EC4DA1A062D6,5.1,52:33.9,52:33.9,AETH\A393668,AETH\A393668,0,9B80AACE-1930-492D-A16B-4DD6D4D4E63C
92B70C5E-C732-4E44-8FF0-EC512DAD38A5,63.5,56:58.0,56:58.0,AETH\A393668,AETH\A393668,0,1FD2139C-AB1D-408E-A49C-8AFDFDC61F59
DC9EC31F-594A-4001-8607-EC5464D2957C,29.7,56:58.0,56:58.0,AETH\A393668,AETH\A393668,0,89A4EE85-E22D-4C54-9C31-7C1792758793
CDE506AB-C428-46DC-955F-EC59B54F14CC,0,03:43.0,03:43.0,A846534,A846534,0,CA7C81B2-4CE9-40A4-9ADF-B43F211E9FDC
0B221DD9-5F5C-4A76-A2B3-EC61E4084585,59,15:22.0,15:22.0,AETH\N270372,AETH\N270372,NULL,0AEFB1D8-A59E-4371-8325-BFD90CECD73F
033223BB-0C03-4CF9-BC21-EC80756ECC5B,0,15:22.0,15:22.0,AETH\N270372,AETH\N270372,NULL,B46B0D70-0FA6-4E1A-A3F1-8ABA4165E57B
F8A6918F-8BA8-4466-8EAE-EC8B248A34D5,70.2,15:22.0,15:22.0,AETH\N270372,AETH\N270372,NULL,8AA6BF35-3C87-443F-B8B8-11760CA39B23
88D0CA9D-57B6-4603-8F10-EC9216CFFB0B,0,56:58.0,56:58.0,AETH\A393668,AETH\A393668,0,C8DCCA26-2251-477A-AF64-002375E321B0
8843FF86-1042-4B18-B988-EC9AD2A671E0,0,03:43.0,03:43.0,A846534,A846534,0,DBC16CEA-6A4E-4048-AF12-DA9E9F3BEA5D
233B69BC-DCE3-4C95-8240-ECAEF9E33A6D,0,32:50.8,32:50.8,A846534,A846534,0,46E51C6D-285E-4FD4-818C-070A8BAC5561
AB7B2F94-2C11-499B-A601-ECBEE95F5345,0,54:25.7,54:25.7,A846534,A846534,0,F9A93E2B-F050-4CB2-BA68-50FA2A803B31
7B9E9352-6E83-4235-B1D6-ECC246BC058C,18,03:43.0,03:43.0,A846534,A846534,0,9F3D0A5D-F383-42C7-96EC-BD66023A4453
07C32FD2-92EA-4FC9-B835-ECC3076DE9FE,0,03:43.0,03:43.0,A846534,A846534,0,7E6FB0A3-1C16-4931-A3F7-2F87DBA31036
9C77EBD5-614F-4729-BD8F-ECC72666771B,52,56:58.0,56:58.0,AETH\A393668,AETH\A393668,0,BB25691A-F6C9-4D7A-AC9D-F9F7C7693018
59D04C21-99AC-4144-9E26-ECD31FF524C4,0,54:25.7,54:25.7,A846534,A846534,0,8DE3B3FA-8D43-412A-9CF5-E942F8931248
885A14CE-3AD2-4E77-AFE6-ED1D0FBDE447,26.7,15:22.0,15:22.0,AETH\N270372,AETH\N270372,NULL,AB403897-F5A6-442D-9CC1-5091168C88B6
008CCE21-FCEA-4F11-9908-ED2224D14E77,0,52:33.9,52:33.9,AETH\A393668,AETH\A393668,0,399EF76D-0AB6-47B0-952F-D3CD3EA8AC36
7DB33172-3DC2-474A-A9F5-ED25FBD788AB,0,54:25.7,54:25.7,A846534,A846534,0,A928AD33-D15E-431D-89C7-9FB1DA6AF752
94D5AFEB-C015-4C40-BBE0-ED3CE3D02D7F,72.3,52:33.9,52:33.9,AETH\A393668,AETH\A393668,0,B6A4DF61-1259-4072-934A-FA0E16EA000E
73E0BC23-F384-474E-A0A2-ED52D8C90DED,0,54:25.7,54:25.7,A846534,A846534,0,F26E8D47-D59F-4088-9F97-F08C0A1FBBCA
6F70CA9A-DA0A-4D07-93DE-ED6A587A75CF,0,03:43.0,03:43.0,A846534,A846534,0,62B511FA-2124-436C-B129-9B07385BA79C
971E91B1-40E6-4335-8FB0-ED6C4B1735C9,0,03:43.0,03:43.0,A846534,A846534,0,44FD9EC2-8D22-46BF-B89B-1CEC500D03D1
551E8F8C-E8BB-4B99-BFB8-ED77D23F4BE7,0,12:31.9,12:31.9,A846534,A846534,0,F1EF9091-9D8F-4B0C-A6A2-AC882F1AAB5D
0CAE7150-34EA-4401-96E8-ED7823AE769D,74,54:25.7,54:25.7,A846534,A846534,0,70C1E90F-DB45-4ED0-9D01-8E298A8378DA
DB644873-D6EA-430B-B7A3-F0FD84CB6EE3,32.9,52:33.9,52:33.9,AETH\A393668,AETH\A393668,0,4239B591-D983-4AD6-8860-453D2C8E7400
AE274161-DF11-4076-9C34-F102A419A81C,0,56:58.0,56:58.0,AETH\A393668,AETH\A393668,0,4BF76FE5-637A-4AC6-977C-2CF08C045D51
B207BD0E-CDF8-4E79-8B3D-F10F04018ABF,52.5,03:43.0,03:43.0,A846534,A846534,0,2A81CDBF-D536-4505-9EEB-4D3B7A1C048A
D3CB3ADF-959E-4796-9434-F1196BCF2B2F,0,32:50.8,32:50.8,A846534,A846534,0,BC919A0A-9489-4ABD-B58D-2D0D1A163B58
8939A623-46FC-4058-8534-F11FFBBE47D4,38.3,54:25.7,54:25.7,A846534,A846534,0,03897D1C-ED3A-4526-8FB7-0372FFBC5684
DEC8DD5A-157A-4424-93EC-F1385FABD403,0,12:31.9,12:31.9,A846534,A846534,0,F7D08F0B-8486-4E8A-93AB-43B300D93E2F
D41613FF-6242-4D13-8396-F152AC18B96B,0,12:31.9,12:31.9,A846534,A846534,0,2C3F61D5-3814-4234-8AD7-C4F3E89F61A3
039F2B5D-C416-4CAB-B5CF-F17CA06A3CA5,0,52:33.9,52:33.9,AETH\A393668,AETH\A393668,0,0FCCABE8-F2D3-4807-BF77-17F03A2AA8CF
4B5F075E-060C-4215-A9A9-F17DC92DAB8F,18,15:22.0,15:22.0,AETH\N270372,AETH\N270372,NULL,84260FE8-8445-4C33-B3A1-8A5FD109D413
FB60D650-6EC9-40E0-891B-F1828BE77B01,0,56:58.0,56:58.0,AETH\A393668,AETH\A393668,0,AFFFF5D9-6601-423F-BE82-91049333867E
0BA051CB-E749-4491-983E-F186175A104A,0,52:33.9,52:33.9,AETH\A393668,AETH\A393668,0,BD83D30D-25DD-4E79-94A6-3D69EFD76564
9503391F-6BE5-49EB-A862-F18DC113635A,0,56:58.0,56:58.0,AETH\A393668,AETH\A393668,0,98ED99C0-6ED4-4152-A91C-F3C222C79805
73F55663-1C5F-4895-9E98-F1A701FE9776,57,32:50.8,32:50.8,A846534,A846534,0,F442CB6E-ADC7-4E5F-B026-79813F0BDA6B
0AF505AD-DDED-40FB-B6BE-F1B0DFA95ECE,0,03:43.0,03:43.0,A846534,A846534,0,7970361F-D69E-4C55-A561-5F766858486A
03AF3A7E-AC3E-4100-B716-F1B2CEF697DB,0,32:50.8,32:50.8,A846534,A846534,0,16F2F9CF-95C6-4A8A-AC27-8C0AF4138593
B3831F38-6D60-44EC-9103-F1B83488FF2D,0,56:58.0,56:58.0,AETH\A393668,AETH\A393668,0,9BB8B14F-C15A-4BD3-A7BC-B5994F06E76E
13AD1DC4-4CBA-4DF0-BB4B-F1BA223086DB,0,32:50.8,32:50.8,A846534,A846534,0,F5831DE6-A47F-4659-BF3A-2ECECDCD5899
5DCECD7C-48AE-427B-B627-F1F1AA2704BC,97,52:33.9,52:33.9,AETH\A393668,AETH\A393668,0,885FCDAC-A5F7-46E3-A9BD-C0582702E190
59170B5E-EA36-4781-962B-F1F45B569D65,34.3,15:22.0,15:22.0,AETH\N270372,AETH\N270372,NULL,AAECA20E-D7AC-4684-B026-7C7F2FDA1DD3
6B0526A9-9B76-408A-9404-F1FB4090FA2F,7.3,15:22.1,15:22.1,AETH\N270372,AETH\N270372,NULL,A47FDB37-158D-4D2B-A091-C8BA70E55F69
A2E410F4-B909-4210-825F-F20C7D5FE689,0,03:43.0,03:43.0,A846534,A846534,0,1EF8BB3C-C1E1-47C1-BFEF-543EEAD6DCDA
69F58B55-FA7F-45E9-8419-F20E718B91D4,0,52:33.9,52:33.9,AETH\A393668,AETH\A393668,0,E0C67358-A5C3-45A4-96AB-D9FE6D302116
869789E5-6A97-4E1B-95AF-F217E1E880DA,0,12:31.9,12:31.9,A846534,A846534,0,724DD16F-A133-4786-9EA9-369C70C88B08
CEAE0636-85D7-4F1D-92B9-F21E36F3AF7E,0,03:43.0,03:43.0,A846534,A846534,0,A57EEB9E-B187-445C-A44F-A891CF316707
D43DA6E9-4036-40B3-BAFC-F22E6E290FE4,26.8,15:22.1,15:22.1,AETH\N270372,AETH\N270372,NULL,D87B0C35-5243-44E1-A0FF-1B30C4D6442F
1193EFE3-44BA-4F61-A0FC-F23F9E7980F0,28,03:43.0,03:43.0,A846534,A846534,0,C0969D90-9B7D-47F0-BCCC-8D9F2F3DF3EB
21AC848F-C497-4F6A-93E6-F241FDABC929,0,54:25.7,54:25.7,A846534,A846534,0,91E24D25-EE2C-44B8-9E1F-1EC5B54DE346
07951892-4FEE-41AD-92CE-F243EB26183B,16,56:58.0,56:58.0,AETH\A393668,AETH\A393668,0,66A354A0-0FB3-4868-8DB7-E8D92E732704
C435A871-0FE1-4252-9B18-F245900FC280,0,56:58.0,56:58.0,AETH\A393668,AETH\A393668,0,95566E2E-8F5E-41BE-896C-263EBEC04538
1018A25D-638A-434E-9F99-F2554CE22DD0,0,12:31.9,12:31.9,A846534,A846534,0,47F9824D-234E-4660-9378-D19451A063CB
2D6DF658-4529-43C1-8501-F257107F378D,0,12:31.9,12:31.9,A846534,A846534,0,A45DF267-8178-442A-B147-F2103E09C0EF
D41E4FA0-E16C-46C0-893F-F25AE75F3EC7,0,32:50.8,32:50.8,A846534,A846534,0,FBD745AC-C972-401C-9E98-29356054C980
4A339C73-EB0C-4D94-A6F6-F26DEFDE3852,24.1,15:22.1,15:22.1,AETH\N270372,AETH\N270372,NULL,B283AE1A-F09F-4612-8B42-10E28A5FD185
9F7A14A7-5D72-4F42-9741-F2A66E35D595,0,52:33.9,52:33.9,AETH\A393668,AETH\A393668,0,5E854EC9-22BF-4D2A-94A7-FF8C0DDFFA4C
A08CFCB2-E5F1-4A36-9657-F2AC1D881A82,0,03:43.0,03:43.0,A846534,A846534,0,85FD0D08-4EDA-4D2D-8930-4CCD2BAFDDA3
FB8E2B1F-7527-435E-9413-F2AD8E968E49,0,03:43.0,03:43.0,A846534,A846534,0,D2420176-6814-47CC-A1B2-8B5378511138
BC3F1F2E-B04D-40FE-A8AA-F2CE214132DF,0,12:31.9,12:31.9,A846534,A846534,0,0219EBDA-2A23-4CC1-BABB-57842C596F6A
6A6D92C5-2004-407C-ABDA-F2D659AD63BD,0,32:50.8,32:50.8,A846534,A846534,0,81929CF0-59A5-4BB0-A22C-D0FC8C2134FA
B32037B1-DC5C-47A5-8A1D-F2D88147F2C6,146,15:22.1,15:22.1,AETH\N270372,AETH\N270372,NULL,EADB101E-79BD-4176-BC58-BD79274B17DB
021120BB-A4CE-4949-8A85-F2E99AC7CA6D,7.2,15:22.1,15:22.1,AETH\N270372,AETH\N270372,NULL,3AFE0BC0-0419-43A4-A3BC-0606E2F49CD7
7F11BDB9-B0F9-4121-9B01-F30A83F9D04B,0,52:33.9,52:33.9,AETH\A393668,AETH\A393668,0,A890A54E-47D3-4AC4-A565-18F9E6803A43
48CB2462-659E-45DD-9AF8-F30DBB595B6F,0,52:33.9,52:33.9,AETH\A393668,AETH\A393668,0,460FC871-0DE3-4720-9EA5-441D58A9AE3D
663DFB7C-882B-42D8-97E9-F3156F768A58,89,15:22.1,15:22.1,AETH\N270372,AETH\N270372,NULL,B6FDA9D2-F044-40D8-BCEF-4E32762451B8
1B7F01EB-A48E-447D-B10C-F32AB8D73264,25,15:22.1,15:22.1,AETH\N270372,AETH\N270372,NULL,F755D92C-23FD-4C7A-8596-0DD6CE735BB7
ED693EA2-A5B1-4D57-AD8E-F32D58E6EC38,0,15:22.1,15:22.1,AETH\N270372,AETH\N270372,NULL,9941A6AF-9B5A-4E54-9B82-B7446C9967AC
775C4A5C-30AE-4D6B-A235-F336C47C4BA3,72.7,52:33.9,52:33.9,AETH\A393668,AETH\A393668,0,00646045-D660-4224-A78C-E27EBF90D0DB
10BC1175-073B-41C5-947E-F336F35244D2,20,15:22.1,15:22.1,AETH\N270372,AETH\N270372,NULL,D659B1FA-D1C6-4EAA-8C13-AE126F82C35E
4C5F2DC4-6E5F-457F-A9D1-F33AB8D9A172,0,52:33.9,52:33.9,AETH\A393668,AETH\A393668,0,73C2097A-F780-40FA-8E65-456FEB69F7A2
4E11E057-F27F-4BA5-B486-F33C971E7A3C,0,12:31.9,12:31.9,A846534,A846534,0,6DDFD6CB-CBB5-429F-B302-6B8C2756BF05
F01641B9-BD76-46B2-A871-F34C05EE6F2C,0,56:58.0,56:58.0,AETH\A393668,AETH\A393668,0,6724F977-4B9A-4BE7-B9BB-5D283F08B47D
5AFDA5D8-223A-46A9-A421-F357CC56372C,0,12:31.9,12:31.9,A846534,A846534,0,2737F9A0-6484-494C-86C7-D0CF901C1D05
FDD1FA78-6B51-49D4-B586-F37723769DF2,13,03:43.0,03:43.0,A846534,A846534,0,03F0A7F8-2C3E-4DFE-BB13-704589C1CECC
CB07BEDD-7141-4C98-A743-F37903D38252,79.9,56:58.0,56:58.0,AETH\A393668,AETH\A393668,0,095B43BA-2988-4104-96A6-D7CE806F0177
D1B9CAE2-B626-40F6-BFD4-F382972D09FA,77,03:43.0,03:43.0,A846534,A846534,0,15CEB838-ED4D-4041-BB0A-D42FC1A99336
8CBCA129-B376-42BA-B6F1-F38F337A875B,0,52:33.9,52:33.9,AETH\A393668,AETH\A393668,0,65DC69D5-0D03-4D76-827D-21E82E27A365
0E5B77AE-48A4-483B-840D-F397CFA163D4,0,52:33.9,52:33.9,AETH\A393668,AETH\A393668,0,04B9A63F-0256-40A8-8CFA-3E52C89D2C03
64772865-7158-4525-AB9E-F3AAA743499F,0,32:50.8,32:50.8,A846534,A846534,0,D2E66B20-53D3-41CC-AECA-C5E21B80B758
5BBD49E4-9839-4D7C-B970-F3CABF4C1C87,0,32:50.8,32:50.8,A846534,A846534,0,227D339B-4BE8-431A-9977-FE54DB3E8992
034779AB-CA3C-443C-9FC5-F3DB629F26BD,0,32:50.8,32:50.8,A846534,A846534,0,5DE9EF21-93C8-496C-9388-4D96A4DAFDD6
19968E8B-935D-408F-89FA-F3E787459EAB,0,12:31.9,12:31.9,A846534,A846534,0,DDED4FE0-49DC-4EB1-AC0E-059FDC70196B
451C0CEE-09AC-477D-AF5A-F3EE8C59005C,15,52:33.9,52:33.9,AETH\A393668,AETH\A393668,0,912F5569-03D1-46C9-B355-356AAB1A929D
6834CEDA-BD1D-4F20-9343-F3F4DE186D71,0,56:58.0,56:58.0,AETH\A393668,AETH\A393668,0,9C939BE9-D503-4995-8393-15FA05C53EE1
D47C5458-DA75-4686-93AC-F3FF81D9B7BD,19,03:43.0,03:43.0,A846534,A846534,0,F56C7C7E-F5A7-4FA7-A2D5-557BBA0203A3
ACD7A6BD-8DC5-4C06-A53C-F40BB3A7A98A,65.1,15:22.1,15:22.1,AETH\N270372,AETH\N270372,NULL,290F9BF5-2844-496B-ABAC-6945104CBACB
5167B9CC-D30A-425F-8BE2-F86C0A246708,29,15:22.1,15:22.1,AETH\N270372,AETH\N270372,NULL,F7455EB4-B2D3-4911-94A9-AAC80A14A360
6CF6EE1B-DE2A-4D4C-BC6A-F872B6638E14,0,54:25.7,54:25.7,A846534,A846534,0,616211DB-BB3F-4705-92A6-64F0B2977850
A5403DB5-B22E-457E-9D58-F8955D2E00C6,0,12:31.9,12:31.9,A846534,A846534,0,9CE39CBA-ACA9-4918-AE1D-5B9725670444
E0A745FE-8B45-48CC-8856-F8A331E1F81A,16,03:43.0,03:43.0,A846534,A846534,0,F856363A-B753-4467-BF57-63F4577194C5
0FE17829-1651-456D-98B9-F8B477C92938,0,03:43.0,03:43.0,A846534,A846534,0,7A932AA9-E4AE-42FB-B5D1-4A05FBEC1334
FD1DFC12-695F-4324-BC73-F8BCB3CF1CE0,23,52:33.9,52:33.9,AETH\A393668,AETH\A393668,0,D356A01B-54E9-4C25-AAB7-373E1ADEAABA
E9793A0A-E10E-4FFD-BEDB-F8BEC0E3BEF5,0,32:50.8,32:50.8,A846534,A846534,0,09B04F8A-7C53-48F9-B387-4DEEE1253325
9DBC3849-8767-4012-BF9C-F8EFC268C7E8,0,03:43.0,03:43.0,A846534,A846534,0,EF60157A-F17B-439C-9885-2A40A8BD4D4B
8D3F9F3C-1713-4829-A670-F9016F2B5006,0,56:58.0,56:58.0,AETH\A393668,AETH\A393668,0,4AA39802-E0F9-405B-87FF-28A692C39E2E
24F0E1C6-3CDE-4874-9A46-F90AAEE9BB24,0,15:22.1,15:22.1,AETH\N270372,AETH\N270372,NULL,5975072A-98CA-4D63-A7A0-6C997F5144F7
A8688B3E-8868-4FC6-AF8A-F90C018F444E,0,03:43.0,03:43.0,A846534,A846534,0,8C17EF96-F3BD-4CF8-B1B4-99E8C410C043
8B30B979-4628-407D-8283-F9135A59EDEA,0,54:25.7,54:25.7,A846534,A846534,0,3FF3115D-1641-46BA-9B79-6E8CBFF87D6E
B586E067-08C7-4F0C-A8AD-F91A545AB88F,0,15:22.1,15:22.1,AETH\N270372,AETH\N270372,NULL,50FEB036-3221-4E79-819B-13E80F956C94
15BB565E-75F8-4AA8-BA97-F9225C65F498,54,03:43.0,03:43.0,A846534,A846534,0,90CC73DA-5C77-4EBC-8803-B36BFC3D7A02
066B6480-7567-4A40-94EC-F9336469BD20,45,12:31.9,12:31.9,A846534,A846534,0,6FC3E3DC-AA16-46E0-8961-8108F3B2D3F9
2ACC93BC-2F87-4C13-BA34-F9368D86FF19,0,54:25.7,54:25.7,A846534,A846534,0,A8B2786D-1B04-4950-B38D-4D268F0C7894
FF6E2110-AD72-4172-BAFB-F939BC4E8B18,0,56:58.0,56:58.0,AETH\A393668,AETH\A393668,0,3B2E82D8-7784-41C5-84B1-152F740DC963
E3CAD1B0-B590-4CE2-AD40-F9537B177A7E,0,32:50.8,32:50.8,A846534,A846534,0,201E12A5-31E6-4BB9-B466-B12F4E4A6B07
2F91906A-D76B-4A66-A2A0-F961C2463FB4,0,03:43.0,03:43.0,A846534,A846534,0,58BDD7E7-F599-4FDF-9827-308B1B826E3C
B82839EA-BF41-4D60-8E7F-F965013FA543,0,54:25.7,54:25.7,A846534,A846534,0,A5359A23-3E5D-451C-8656-EFE318D9476F
8178541B-B7A5-49D9-9402-F96CE8344198,0,12:31.9,12:31.9,A846534,A846534,0,C69CF641-C8E8-451A-A111-5165196B258F
871EC45D-2395-48B0-9A2D-F96D4F563F3C,0,52:33.9,52:33.9,AETH\A393668,AETH\A393668,0,4DB2322A-D933-464C-8C75-AAA6A9209117
7AA2E371-506C-47A3-BF1F-F9762E9F7511,83,52:33.9,52:33.9,AETH\A393668,AETH\A393668,0,20B15291-69AF-4F1E-8DA6-546D3C874DF5
076C79ED-462C-4A80-BEFD-F977273B413F,0,54:25.7,54:25.7,A846534,A846534,0,4AABD493-9575-4B74-A3E6-8908E30B60EE
80752FB9-DFF3-4BAD-A646-F9866811A697,37,56:58.0,56:58.0,AETH\A393668,AETH\A393668,0,96223347-9BA2-4CE4-9A50-67BE8CF0B461
04945822-E854-42E1-A1BB-F9914F37C57A,4.9,52:33.9,52:33.9,AETH\A393668,AETH\A393668,0,53858CCA-FC03-4042-A57E-22E25AEE6559
D018EE2D-9E70-4C61-BA89-F994BE4C7582,0,54:25.7,54:25.7,A846534,A846534,0,67741CFF-4018-4FE5-843F-01683699A1E1
46F68229-A1B8-4883-A16F-F9A628948677,0,54:25.7,54:25.7,A846534,A846534,0,0DE559DC-F9A7-499D-8A55-A7E1EAFE8A2E
3AEF2223-FCDF-4708-92AE-F9B37553B135,13,12:31.9,12:31.9,A846534,A846534,0,CF11DF2C-9876-445C-89EB-F6BC6ACA360A
38A6B9CA-CB1A-41B3-8139-F9C2968D4B15,103,03:43.0,03:43.0,A846534,A846534,0,46E1001F-4B2A-41B0-980E-67D2B8431739
D0C0957D-C23D-467C-87CA-F9DBADD2328F,0,54:25.7,54:25.7,A846534,A846534,0,195FB04B-2712-49CB-91B7-26E6569B2EA2
CC545156-8880-4C6F-85B2-F9E8DFAA3110,0,54:25.7,54:25.7,A846534,A846534,0,9A4C1E9C-83FD-4509-8860-E1A98E6C7B4C
E38AA731-04D5-47EF-A467-F9E95390CDD1,0,12:31.9,12:31.9,A846534,A846534,0,51BD54CB-D830-459D-AFA4-FC19055DCE42
ADBC7329-869F-47B1-ACD4-FA050B7BE122,0,56:58.0,56:58.0,AETH\A393668,AETH\A393668,0,91F189DE-182F-469A-A22A-7FCDCACA374D
C7B87860-C654-438B-A864-FA13D6841E4F,52.5,32:50.8,32:50.8,A846534,A846534,0,3095D509-9979-4EBF-9F6B-7336E17F5158
D46048B8-BF11-4272-B3C0-FA1A701E09D2,37,52:33.9,52:33.9,AETH\A393668,AETH\A393668,0,48B0C9C0-90A2-47EB-9704-28BA4D6E03F2
4E051D21-AD74-4DA4-B1FB-FA387B03D460,5.2,52:33.9,52:33.9,AETH\A393668,AETH\A393668,0,3765CBC3-C726-46A1-AB24-CA31D642F139
5773422B-1024-403A-8618-FA3C6BAE1A57,0,03:43.0,03:43.0,A846534,A846534,0,66ADCB95-F96F-4E32-B5EC-30A3605EC443
E70A5C1A-F31F-42F0-84B1-FA401A33CA69,0,12:31.9,12:31.9,A846534,A846534,0,74CFCC76-BBD8-4E0A-B663-4C88BC578A3F
E5E65CAD-2297-4395-A268-FA5576E04AC5,0,03:43.0,03:43.0,A846534,A846534,0,0B8D13DD-E9C9-460C-9E59-7D3369556A94
47E5E532-4FEA-4706-9DCD-FA586859CF6A,0,12:31.9,12:31.9,A846534,A846534,0,3FD7BBE0-D0FA-468B-85EA-4FAF5AD965A1
C49A0452-3B31-436A-951E-FA655C2F651F,0,15:22.1,15:22.1,AETH\N270372,AETH\N270372,NULL,A3A1E425-98BD-4DB4-AE48-4D8392C91FEB
34045C31-2A07-4E6A-A2AA-FA8365B7973F,0,15:22.1,15:22.1,AETH\N270372,AETH\N270372,NULL,C6E1A380-27E1-4A7D-83A7-6FD871DD9406
6BB104F4-AE6B-4DB2-A5E1-FA9344860D63,0,03:43.0,03:43.0,A846534,A846534,0,3BBD1875-C7A1-4B43-B90C-E0F14F5926C1
A817CFEE-8FFD-423D-8A74-FA9E58BD684F,32.3,32:50.8,32:50.8,A846534,A846534,0,875A48A2-61BF-4682-B45F-1AB1D982FEB0
D7A1314C-BF95-45EE-AD3B-FAB7CDEF315E,0,56:58.0,56:58.0,AETH\A393668,AETH\A393668,0,1026EF80-8B5A-4390-B317-9FF64822B287
708B9599-9E46-4961-8E7A-FAD33B950280,20.8,54:25.7,54:25.7,A846534,A846534,0,B0D27CF5-DBA6-4AAE-A7D9-DA962712DB5C
6852D04D-BDE2-4EDF-965B-FAD748F4BE93,0,15:22.1,15:22.1,AETH\N270372,AETH\N270372,NULL,5F74BE89-EC9D-4C56-8617-D76C1BB9EAAA
F1517EE6-D8B8-487D-9866-FAF52DE89E26,63,54:25.7,54:25.7,A846534,A846534,0,C13AF325-EF33-4913-B8D5-5B4C12CC1810
1BC0C247-900E-4E15-A009-FB00464439D4,0,54:25.7,54:25.7,A846534,A846534,0,2D0C2679-A94B-4E1F-A8F7-4B76A1A70960
45505BA9-872E-4F90-9909-FB0EBA76DF14,38,15:22.1,15:22.1,AETH\N270372,AETH\N270372,NULL,57DE428F-37D5-4752-A04C-1E0344768E65
48FBAB23-B621-4D57-9BC6-FB2C0229EB7D,0,54:25.7,54:25.7,A846534,A846534,0,28EE4382-EEEC-494A-857B-EC83995A52F0
8D9E55A9-5440-4A17-9836-FB3368DC8FFB,60,54:25.7,54:25.7,A846534,A846534,0,71427549-9E11-4FB9-AB0B-23325AB7F19D
B77E74A2-097F-44B6-B90E-FB3817492CC7,0,12:31.9,12:31.9,A846534,A846534,0,35AF671F-8E25-48F3-95E5-DC1A70927B70
FBA71440-6DE9-4F33-B9BD-FB3FDCBA9291,23,03:43.0,03:43.0,A846534,A846534,0,DCF5EFD0-B677-4202-B3A4-001837A3F6E4
223626AA-C3AF-4C90-BD3E-FB5B8C09DF2E,29,56:58.0,56:58.0,AETH\A393668,AETH\A393668,0,C45AA47F-0449-4081-B5E5-5C3C87F43CB2
686E5B20-6414-41F6-AF7D-FB60CA8F5BC8,0,15:22.1,15:22.1,AETH\N270372,AETH\N270372,NULL,61828751-8478-43A2-A863-73896005788E
C9A157F0-BE33-4D01-9BCD-FB6DA838513A,5.8,52:33.9,52:33.9,AETH\A393668,AETH\A393668,0,0860E743-C729-45ED-9C1A-93B24EC7923D
7ECFD07D-6B43-42C6-B834-FBA0EA512DF6,27,56:58.0,56:58.0,AETH\A393668,AETH\A393668,0,D07386D2-CE4A-4D8F-B56E-8EE3D0D6F59E
7DC87DC9-24C2-4ED3-B059-FBA90F6A5103,109,54:25.7,54:25.7,A846534,A846534,0,BB6D1506-2056-4FD5-BEBE-F4BA6813D671
E8E3D70D-674C-4EF3-985A-FBAF20D6ECE8,66.5,56:58.0,56:58.0,AETH\A393668,AETH\A393668,0,CFEBB52D-4CB4-4298-BF52-F6E75D156B2B
6DC785D6-DA32-493E-BC79-FBBBA29BC33A,19.3,03:43.0,03:43.0,A846534,A846534,0,4EBF791B-0E10-4FE8-A539-3729909D5870
D84B397B-0673-4C00-83C6-FBC24A2D8109,24,32:50.8,32:50.8,A846534,A846534,0,363B87D1-7C51-4C39-8641-F4BF39FB573A
4F5BBAE5-EB5C-4020-AD2D-FBC4E7711379,0,54:25.7,54:25.7,A846534,A846534,0,D8506C9E-AB35-4D5E-8CF1-0CEC990634FD
0E42CCB8-4951-4704-953D-FBC8FF8E38C0,48,54:25.7,54:25.7,A846534,A846534,0,8CCE4D31-05EE-47CF-A370-063E56F7347C
3A5862BF-6EB9-4149-91AF-FBCEC5762E11,0,03:43.0,03:43.0,A846534,A846534,0,74B796D9-AD81-4ECF-A0C6-2AC4DEDE3E0B
36BA5022-0AC0-4310-8A32-FBCF27061C78,0,32:50.8,32:50.8,A846534,A846534,0,497861EB-19E6-4FC5-A63C-0EE22010360E
DFCDB2F9-F33A-4673-963B-FBD0B8DCA02E,0,52:33.9,52:33.9,AETH\A393668,AETH\A393668,0,F4C36BAD-A5CC-4835-8D9F-CAFA446D6512
52142058-CF68-46C8-9951-FBE914594F69,0,52:33.9,52:33.9,AETH\A393668,AETH\A393668,0,A45E686E-C1E8-4DDF-B902-70F31DDA8C1A
532FC7B9-AEA5-43DE-9A8E-FBEA10CD5BE6,49,15:22.1,15:22.1,AETH\N270372,AETH\N270372,NULL,5CC8FF1A-C556-44DE-9BA5-4869F23C03D7
45D3A97E-DACF-4CC4-9BA6-FBF1666C1CEF,0,12:31.9,12:31.9,A846534,A846534,0,91382233-FEAC-4748-BAF3-00CC79D67EE4
0D93D8BC-7E1B-4336-BA14-FBF99BACF49D,103.4,03:43.0,03:43.0,A846534,A846534,0,67FD1685-8177-4AA7-8446-0736AA0F405D
FCB5B590-73CF-43C5-894C-FC18887D6867,82.4,52:33.9,52:33.9,AETH\A393668,AETH\A393668,0,3B036094-8172-4680-BF6D-E850B06D4136
1BBB693A-DB13-4D66-A541-FC1D46A355A2,73,15:22.1,15:22.1,AETH\N270372,AETH\N270372,NULL,F5AF1DF5-14F6-4770-91E3-A7EE11DAC067
92A46539-DD45-4F3E-ACFE-FC3588BAF212,21,15:22.1,15:22.1,AETH\N270372,AETH\N270372,NULL,001BC595-D898-473E-A91B-31B2B8AF7A47
76D57A4C-2222-4D92-987E-FC3C21E7BB0A,0,52:33.9,52:33.9,AETH\A393668,AETH\A393668,0,1FBC3FCB-7659-4AB3-8438-A8BB63614FC9
C73E0B4F-5D7E-403F-8066-FC48662F78E2,0,12:31.9,12:31.9,A846534,A846534,0,073B6F93-4A66-4B5C-90AE-34B47B81416C
EEE8FA63-97E8-44B7-855D-FC48CA272D9A,0,15:22.1,15:22.1,AETH\N270372,AETH\N270372,NULL,A5C75B32-811C-4339-B32C-08EBB3588F06
B2E88F9E-437E-4288-AAA9-2FB4CC1FA424,0,12:31.9,12:31.9,A846534,A846534,0,83B20A37-9C43-4586-AF32-B283E9FDC0CC
672566EE-3CE0-4C2D-AD57-2FC513EC5AD8,0,32:50.8,32:50.8,A846534,A846534,0,BD23E75F-2EFC-4C7F-9555-50C70D3D7B2F
E528EEA8-6322-4EE6-B2F8-2FC7AE6ECFC4,40,32:50.8,32:50.8,A846534,A846534,0,FBEF4519-03E0-4680-9BE0-4CA7DB100C36
F6AF2972-97AA-46E2-A6EC-2FD886BDBF1C,0,12:31.9,12:31.9,A846534,A846534,0,2CD9BD28-EC89-4C64-989D-CC3F7483F24E
5866196F-148A-4E32-ABE3-2FE2C1CD22ED,44.1,03:43.0,03:43.0,A846534,A846534,0,D1714034-4F9E-466E-82AC-1181A663EC44
898CBF6C-C98E-43CD-A9B7-2FE311233FE6,12.9,12:31.9,12:31.9,A846534,A846534,0,17664631-665A-4F5A-9635-4BA5A35495E1
7DA318AA-8529-413D-80B1-2FE598D75073,0,03:43.0,03:43.0,A846534,A846534,0,0E4BAE8B-7C5C-48A9-A66D-6BB55F72309B
7581E124-35D8-48D3-9C14-2FE8481BDB0A,0,32:50.8,32:50.8,A846534,A846534,0,9AF53A3F-F67F-41CE-BC88-30B58C335557
0F2941CE-EFB9-461B-850F-2FFDDEB9329B,0,03:43.0,03:43.0,A846534,A846534,0,978E22A2-EF2B-4029-B672-73684BB7FEF2
34F065E9-5741-4696-99FA-300DE86BF0EB,0,15:20.7,15:20.7,AETH\N270372,AETH\N270372,NULL,30895F49-CAF1-4F37-AF44-516757E24F37
0E743A32-748D-4D96-850B-CF7FA5C78302,39,12:31.9,12:31.9,A846534,A846534,0,D5294FAF-CAE4-47B7-A0F2-74F5D0028104
3B498698-2BE4-4B7E-B444-CF9275C6BE2D,0,03:43.0,03:43.0,A846534,A846534,0,80987657-6479-4797-9581-3AA8737720E0
97FA5277-7669-49A8-91CD-CF9A3D21E5F8,0,32:50.8,32:50.8,A846534,A846534,0,262C98A8-BCF3-44FB-A69D-B2315CA54A33
9C63C698-77D8-4482-AE6B-CFD8573602A2,0,12:31.9,12:31.9,A846534,A846534,0,E4B11E24-E45C-4208-82DB-68042B528F32
94CF7D00-4601-4E62-900E-CFE0B5364CBB,4.8,54:25.7,54:25.7,A846534,A846534,0,913BF8C0-E3E5-43A1-B68E-F33B73DC90EF
018228C4-C5C0-4AF4-B812-CFE46ECC4530,0,52:33.9,52:33.9,AETH\A393668,AETH\A393668,0,B04DB842-CA83-4337-8B64-2A376C864C00
21ED5468-5E02-4461-8B93-CFE8C55EEECC,84,03:43.0,03:43.0,A846534,A846534,0,471F89CE-D319-487A-831B-AB7540EE2D56
A55FA8B2-10CF-4EC0-B714-CFEA6D2939DB,0,52:33.9,52:33.9,AETH\A393668,AETH\A393668,0,8E675DF5-84F5-44FB-8B0B-6D985080A6B0
E9C74D51-1243-47D8-BE25-CFF525BA0971,0,52:33.9,52:33.9,AETH\A393668,AETH\A393668,0,4481A7A2-24CA-495A-8033-0054C291B86D
AAB92A56-2097-45B3-976F-CFF5B480CC2A,29.1,56:58.0,56:58.0,AETH\A393668,AETH\A393668,0,9FFD2965-5040-4ED6-AE54-0783BEBFB5AC
D1B7A560-B9AE-4CC1-B2E7-CFF6BC2F8849,0,32:50.8,32:50.8,A846534,A846534,0,D8D98975-0215-4D2D-B3EC-6C43460FD6C3
C87F42EB-49D1-4F46-9D0F-D00BA2B3A3AB,0,03:43.0,03:43.0,A846534,A846534,0,81AD8715-5191-42F7-818C-4AE6B9521CB3
7736DC48-AF81-40B1-8651-D00EFE201192,0,52:33.9,52:33.9,AETH\A393668,AETH\A393668,0,4624992E-7903-4D6E-BC32-F4AC7E0E65DF
CE39B510-BA36-490D-9DC3-D0142D2E282B,0.8,32:50.8,32:50.8,A846534,A846534,0,D52ED485-AAE2-4EAE-ACB5-3CE3D3563155
C6440DDC-5EB4-43AF-B298-D01B755EC22C,0,54:25.7,54:25.7,A846534,A846534,0,1BA87A7A-AFA3-4049-BE68-32C97F3C5865
B18F7619-9986-4C0E-ADC4-D022391CD003,0,12:31.9,12:31.9,A846534,A846534,0,41CFFCC3-4545-4E0E-A143-5DE400224573
71DD78FA-D81C-4DD1-9B38-D041245756EA,0,15:21.8,15:21.8,AETH\N270372,AETH\N270372,NULL,7579A1E7-B9E7-42C0-9A84-5DF3ED132AFD
CBBF3F3E-86A4-4BC6-82C7-D051A0E66A4A,0,52:33.9,52:33.9,AETH\A393668,AETH\A393668,0,1C570DA7-EB24-4C4E-8EA6-FCB33F4BDE5D
69FA18CB-F6EC-4459-A64C-D0598E609EF6,0,12:31.9,12:31.9,A846534,A846534,0,C095107E-B79F-4BC6-A666-C8CA95C5A5EB
315C6259-0A66-470E-B47A-D067D18322AE,0,03:43.0,03:43.0,A846534,A846534,0,1E0F6527-5095-49A2-8055-5CA55AE1A80F
77E9AAED-0397-4892-8488-D06A068F7460,0,03:43.0,03:43.0,A846534,A846534,0,38743694-57C7-411E-898A-9536B578CF1A
CC2F9243-95FB-4D0E-AAEA-D075592CA2A2,0,12:31.9,12:31.9,A846534,A846534,0,3DA7AC39-BC99-4DA8-94BA-9092BF413DD8
B775C9DF-3DE0-41F5-AF78-D0765608B82B,0,56:58.0,56:58.0,AETH\A393668,AETH\A393668,0,EA732ABE-D158-4514-BDCE-A64134734D70
B94271E9-9AC0-4835-8CF1-D091F64D0211,29,15:21.8,15:21.8,AETH\N270372,AETH\N270372,NULL,B207E8FC-F103-4BEB-9A61-73754E99FBDF
CBCF2BAA-D90C-4B9E-879B-D0C5A46AA560,0,54:25.7,54:25.7,A846534,A846534,0,35A875F7-5473-4765-9E1F-A7C7DB897734
21545C0C-FE10-4FFD-8C8C-D0D82E34450C,0,15:21.8,15:21.8,AETH\N270372,AETH\N270372,NULL,854395F5-4CF9-4E2B-81F1-A01E8E993CAD
F37E1A5F-8AC0-48F1-B9CB-D0DA5A817B43,0,32:50.8,32:50.8,A846534,A846534,0,9B9E83A0-6EAE-467E-A290-158ED9F27937
0E067758-B226-441E-855D-D0E33EB2D822,0,32:50.8,32:50.8,A846534,A846534,0,FA45D99B-CBFE-4DAA-85A0-4B8EB3AC75EF
513A2851-DF60-4BBD-82DC-D0F82D8A85D2,0,15:21.8,15:21.8,AETH\N270372,AETH\N270372,NULL,F567617A-93A0-4A8C-91B3-0DF1B2BB4660
DA047336-317C-44EB-893A-D11046605AA7,0,52:33.9,52:33.9,AETH\A393668,AETH\A393668,0,436AA461-3AD6-4F74-9137-BA7AFAD52574
B7E8D3BF-5ACD-4122-8358-D1257A9CC860,0,56:58.0,56:58.0,AETH\A393668,AETH\A393668,0,6C568124-5AC0-4BEF-8FF5-A6F66A27B1E7
781D57D2-A9EC-4D72-BD26-D14D3A6359C9,0,52:33.9,52:33.9,AETH\A393668,AETH\A393668,0,14262970-9D16-4E56-BA73-47E8203416E5
19023653-3D5C-4384-908E-D158C5D07323,0,52:33.9,52:33.9,AETH\A393668,AETH\A393668,0,8A12AEE9-8C12-4785-BAE2-946F5D021B95
A4A6220C-9869-472B-A8DC-D16A6FE86D31,0,54:25.7,54:25.7,A846534,A846534,0,E6A8FF93-2B08-44D9-A36F-768E0FFD75B8
A55BEDDF-E53B-451E-B06C-D172088FB656,0,03:43.0,03:43.0,A846534,A846534,0,F5220EB6-02B1-4908-AA44-A737B335D8BC
F3145184-0C34-4874-A319-D18488CDE727,0,03:43.0,03:43.0,A846534,A846534,0,5AEDF7E6-E763-4876-9CB7-953724A832B2
00D82D5D-FB17-4268-8935-D18898EB1F9B,34,12:31.9,12:31.9,A846534,A846534,0,6940F05E-9425-4CA5-AB4A-AF7F9808492F
6B1C8369-87AD-4019-9F55-D18DB4FEB4BF,0,15:21.8,15:21.8,AETH\N270372,AETH\N270372,NULL,0EC5DFC2-D83D-4C88-96EE-DDF20845C232
EF920749-5BF4-47D1-B5E0-D1928F28F4C4,0,03:43.0,03:43.0,A846534,A846534,0,6478559A-D83F-48E1-AFB6-980F6496633D
B7C71FB3-1EA6-4B9E-99FB-D19355AE0C48,0,54:25.7,54:25.7,A846534,A846534,0,1062BC59-BD76-4B55-B46C-6BB2A26FF1DB
A6418C87-ACD5-457B-A61A-D19F76FC9617,0,32:50.8,32:50.8,A846534,A846534,0,EF5D87B1-0A3F-47BA-AC22-9F94EFFA3A98
3F0F7D4F-C597-4C9D-A41F-D1D5C3EC2016,0,32:50.8,32:50.8,A846534,A846534,0,E9D5930A-3E20-4CBF-8EFE-1C7D8C15E262
B2B5D33C-2334-4F18-818A-D1ECF23D6CA3,0,12:31.9,12:31.9,A846534,A846534,0,8E659A75-8B45-4F8A-8BEB-9672492A9CA3
